Command: xcodebuild build -project /private/tmp/lm-enclosure-validation/LM/LM.xcodeproj -scheme LM -configuration Debug -destination 'generic/platform=visionOS Simulator' -derivedDataPath /private/tmp/lm-enclosure-validation/build/DerivedData -clonedSourcePackagesDirPath /private/tmp/lm-enclosure-validation/packages -skipPackagePluginValidation
Success
Warnings/Errors:
/tmp/lm-enclosure-validation/LM/LM/LunarGlobe/LMLunarImageryTileStore.swift:13:79: warning: converting non-Sendable function value to '@Sendable (LMTerrainManifest.Source) async throws -> Data' may introduce data races
/tmp/lm-enclosure-validation/LM/LM/LMLunarElevationStore.swift:26:57: warning: converting non-Sendable function value to '@Sendable (LMTerrainManifest.Source) async throws -> Data' may introduce data races
/tmp/lm-enclosure-validation/LM/LM/LMLunarElevationStore.swift:26:57: warning: converting non-Sendable function value to '@Sendable (LMTerrainManifest.Source) async throws -> Data' may introduce data races
/tmp/lm-enclosure-validation/LM/LM/LMCommanderStationScene.swift:517:34: warning: main actor-isolated property 'isEnabled' can not be referenced from a nonisolated context
/tmp/lm-enclosure-validation/LM/LM/LMCommanderStationScene.swift:518:53: warning: main actor-isolated subscript 'subscript(_:)' can not be referenced from a nonisolated context
/tmp/lm-enclosure-validation/LM/LM/LMCommanderStationScene.swift:518:43: warning: main actor-isolated property 'components' can not be referenced from a nonisolated context
/tmp/lm-enclosure-validation/LM/LM/LMCommanderStationScene.swift:519:44: warning: main actor-isolated property 'bounds' can not be referenced from a nonisolated context
/tmp/lm-enclosure-validation/LM/LM/LMCommanderStationScene.swift:521:50: warning: call to main actor-isolated instance method 'convert(position:to:)' in a synchronous nonisolated context
/tmp/lm-enclosure-validation/LM/LM/LMCommanderStationScene.swift:524:41: warning: call to main actor-isolated instance method 'makeIterator()' in a synchronous nonisolated context
/tmp/lm-enclosure-validation/LM/LM/LMCommanderStationScene.swift:524:41: warning: main actor-isolated property 'children' can not be referenced from a nonisolated context
/tmp/lm-enclosure-validation/LM/LM/LunarGlobe/LMLunarImageryTileStore.swift:13:79: warning: converting non-Sendable function value to '@Sendable (LMTerrainManifest.Source) async throws -> Data' may introduce data races
/tmp/lm-enclosure-validation/LM/LM/LMLunarElevationStore.swift:26:57: warning: converting non-Sendable function value to '@Sendable (LMTerrainManifest.Source) async throws -> Data' may introduce data races
/tmp/lm-enclosure-validation/LM/LM/LMLunarElevationStore.swift:26:57: warning: converting non-Sendable function value to '@Sendable (LMTerrainManifest.Source) async throws -> Data' may introduce data races
/tmp/lm-enclosure-validation/LM/LM/LMLunarElevationStore.swift:26:57: warning: converting non-Sendable function value to '@Sendable (LMTerrainManifest.Source) async throws -> Data' may introduce data races
/tmp/lm-enclosure-validation/LM/LM/LMLunarElevationStore.swift:26:57: warning: converting non-Sendable function value to '@Sendable (LMTerrainManifest.Source) async throws -> Data' may introduce data races
/tmp/lm-enclosure-validation/LM/LM/LMLunarElevationStore.swift:26:57: warning: converting non-Sendable function value to '@Sendable (LMTerrainManifest.Source) async throws -> Data' may introduce data races
/tmp/lm-enclosure-validation/LM/LM/LMLunarElevationStore.swift:26:57: warning: converting non-Sendable function value to '@Sendable (LMTerrainManifest.Source) async throws -> Data' may introduce data races
/tmp/lm-enclosure-validation/LM/LM/LMLunarElevationStore.swift:26:57: warning: converting non-Sendable function value to '@Sendable (LMTerrainManifest.Source) async throws -> Data' may introduce data races
/tmp/lm-enclosure-validation/LM/LM/LMLunarElevationStore.swift:26:57: warning: converting non-Sendable function value to '@Sendable (LMTerrainManifest.Source) async throws -> Data' may introduce data races
/tmp/lm-enclosure-validation/LM/LM/LMLunarElevationStore.swift:26:57: warning: converting non-Sendable function value to '@Sendable (LMTerrainManifest.Source) async throws -> Data' may introduce data races
/tmp/lm-enclosure-validation/LM/LM/LMLunarElevationStore.swift:26:57: warning: converting non-Sendable function value to '@Sendable (LMTerrainManifest.Source) async throws -> Data' may introduce data races
/tmp/lm-enclosure-validation/LM/LM/LMCommanderStationScene.swift:517:34: warning: main actor-isolated property 'isEnabled' can not be referenced from a nonisolated context
/tmp/lm-enclosure-validation/LM/LM/LMCommanderStationScene.swift:518:53: warning: main actor-isolated subscript 'subscript(_:)' can not be referenced from a nonisolated context
/tmp/lm-enclosure-validation/LM/LM/LMCommanderStationScene.swift:518:43: warning: main actor-isolated property 'components' can not be referenced from a nonisolated context
/tmp/lm-enclosure-validation/LM/LM/LMCommanderStationScene.swift:519:44: warning: main actor-isolated property 'bounds' can not be referenced from a nonisolated context
/tmp/lm-enclosure-validation/LM/LM/LMCommanderStationScene.swift:521:50: warning: call to main actor-isolated instance method 'convert(position:to:)' in a synchronous nonisolated context
/tmp/lm-enclosure-validation/LM/LM/LMCommanderStationScene.swift:524:41: warning: call to main actor-isolated instance method 'makeIterator()' in a synchronous nonisolated context
/tmp/lm-enclosure-validation/LM/LM/LMCommanderStationScene.swift:524:41: warning: main actor-isolated property 'children' can not be referenced from a nonisolated context
/tmp/lm-enclosure-validation/LM/LM/LunarGlobe/LMLunarGlobeImagery.swift:115:49: warning: 'generate(from:withName:options:)' was deprecated in visionOS 2.0: replaced by 'init(image:withName:options:)'
/tmp/lm-enclosure-validation/LM/LM/LunarGlobe/LMLunarGlobeResource.swift:279:43: warning: 'generate(from:withName:options:)' was deprecated in visionOS 2.0: replaced by 'init(image:withName:options:)'
/tmp/lm-enclosure-validation/LM/LM/LunarGlobe/LMLunarImageryTileStore.swift:13:79: warning: converting non-Sendable function value to '@Sendable (LMTerrainManifest.Source) async throws -> Data' may introduce data races
2026-09-08 17:47:36.342 appintentsmetadataprocessor[6836:112596001] warning: Metadata extraction skipped. No AppIntents.framework dependency found.
Command line invocation:
    /Applications/Xcode-26.6.0.app/Contents/Developer/usr/bin/xcodebuild build -project /private/tmp/lm-enclosure-validation/LM/LM.xcodeproj -scheme LM -configuration Debug -destination "generic/platform=visionOS Simulator" -derivedDataPath /private/tmp/lm-enclosure-validation/build/DerivedData -clonedSourcePackagesDirPath /private/tmp/lm-enclosure-validation/packages -skipPackagePluginValidation

Resolve Package Graph


Resolved source packages:
  LMKit: /tmp/lm-enclosure-validation/LMKit @ local
  AGC: /tmp/lm-enclosure-validation/AGC @ local
  RealityKitContent: /tmp/lm-enclosure-validation/LM/Packages/RealityKitContent

ComputePackagePrebuildTargetDependencyGraph

Prepare packages

CreateBuildRequest

SendProjectDescription

CreateBuildOperation

ComputeTargetDependencyGraph
note: Building targets in dependency order
note: Target dependency graph (11 targets)
    Target 'LM' in project 'LM'
        ➜ Explicit dependency on target 'RealityKitContent' in project 'RealityKitContent'
        ➜ Explicit dependency on target 'AGC' in project 'AGC'
        ➜ Explicit dependency on target 'LMCore' in project 'AGC'
        ➜ Explicit dependency on target 'LMKit' in project 'LMKit'
    Target 'LMKit' in project 'LMKit'
        ➜ Explicit dependency on target 'LMKit' in project 'LMKit'
        ➜ Explicit dependency on target 'LMKit_LMKit' in project 'LMKit'
    Target 'LMKit' in project 'LMKit'
        ➜ Explicit dependency on target 'LMKit_LMKit' in project 'LMKit'
    Target 'LMKit_LMKit' in project 'LMKit' (no dependencies)
    Target 'LMCore' in project 'AGC'
        ➜ Explicit dependency on target 'LMCore' in project 'AGC'
        ➜ Explicit dependency on target 'AGC' in project 'AGC'
    Target 'LMCore' in project 'AGC'
        ➜ Explicit dependency on target 'AGC' in project 'AGC'
    Target 'AGC' in project 'AGC'
        ➜ Explicit dependency on target 'AGC' in project 'AGC'
    Target 'AGC' in project 'AGC' (no dependencies)
    Target 'RealityKitContent' in project 'RealityKitContent'
        ➜ Explicit dependency on target 'RealityKitContent' in project 'RealityKitContent'
        ➜ Explicit dependency on target 'RealityKitContent_RealityKitContent' in project 'RealityKitContent'
    Target 'RealityKitContent' in project 'RealityKitContent'
        ➜ Explicit dependency on target 'RealityKitContent_RealityKitContent' in project 'RealityKitContent'
    Target 'RealityKitContent_RealityKitContent' in project 'RealityKitContent' (no dependencies)

GatherProvisioningInputs

CreateBuildDescription

ExecuteExternalTool /Applications/Xcode-26.6.0.app/Contents/Developer/Toolchains/XcodeDefault.xctoolchain/usr/bin/swiftc --version

ExecuteExternalTool /Applications/Xcode-26.6.0.app/Contents/Developer/Toolchains/XcodeDefault.xctoolchain/usr/bin/clang -v -E -dM -isysroot /Applications/Xcode-26.6.0.app/Contents/Developer/Platforms/XRSimulator.platform/Developer/SDKs/XRSimulator26.5.sdk -x c -c /dev/null

ExecuteExternalTool /usr/bin/what -q /Applications/Xcode-26.6.0.app/Contents/Developer/Toolchains/XcodeDefault.xctoolchain/usr/bin/coremlc

ExecuteExternalTool /Applications/Xcode-26.6.0.app/Contents/Developer/Toolchains/XcodeDefault.xctoolchain/usr/bin/ld -version_details

ExecuteExternalTool /Applications/Xcode-26.6.0.app/Contents/Developer/Toolchains/XcodeDefault.xctoolchain/usr/bin/coremlc generate /tmp/lm-enclosure-validation/LM/LM/LunarTerrainSR.mlpackage /tmp/lm-enclosure-validation/build/DerivedData/Build/Intermediates.noindex/LM.build/Debug-xrsimulator/LM.build/DerivedSources/CoreMLGenerated/LunarTerrainSR --dry-run yes --deployment-target 2.2 --sdkroot /Applications/Xcode-26.6.0.app/Contents/Developer/Platforms/XRSimulator.platform/Developer/SDKs/XRSimulator26.5.sdk --platform xros --output-partial-info-plist /tmp/lm-enclosure-validation/build/DerivedData/Build/Intermediates.noindex/LM.build/Debug-xrsimulator/LM.build/LunarTerrainSR-CoreMLPartialInfo.plist --container bundle-resources --language Swift --swift-version 5.0

ExecuteExternalTool /Applications/Xcode-26.6.0.app/Contents/Developer/usr/bin/actool --print-asset-tag-combinations --output-format xml1 /tmp/lm-enclosure-validation/LM/LM/Preview Content/Preview Assets.xcassets /tmp/lm-enclosure-validation/LM/LM/Assets.xcassets

ExecuteExternalTool /Applications/Xcode-26.6.0.app/Contents/Developer/usr/bin/actool --version --output-format xml1

Build description signature: a7ac3320911d8a3b78d5022588641fee
Build description path: /tmp/lm-enclosure-validation/build/DerivedData/Build/Intermediates.noindex/XCBuildData/a7ac3320911d8a3b78d5022588641fee.xcbuilddata
ClangStatCache /Applications/Xcode-26.6.0.app/Contents/Developer/Toolchains/XcodeDefault.xctoolchain/usr/bin/clang-stat-cache /Applications/Xcode-26.6.0.app/Contents/Developer/Platforms/XRSimulator.platform/Developer/SDKs/XRSimulator26.5.sdk /tmp/lm-enclosure-validation/build/DerivedData/SDKStatCaches.noindex/xrsimulator26.5-23O469-688ef53f1462e2c8f657fdc38a81448f05f5f2c4c85e58a13fa9f64b8b5e08f4.sdkstatcache
    cd /tmp/lm-enclosure-validation/LM/LM.xcodeproj
    /Applications/Xcode-26.6.0.app/Contents/Developer/Toolchains/XcodeDefault.xctoolchain/usr/bin/clang-stat-cache /Applications/Xcode-26.6.0.app/Contents/Developer/Platforms/XRSimulator.platform/Developer/SDKs/XRSimulator26.5.sdk -o /tmp/lm-enclosure-validation/build/DerivedData/SDKStatCaches.noindex/xrsimulator26.5-23O469-688ef53f1462e2c8f657fdc38a81448f05f5f2c4c85e58a13fa9f64b8b5e08f4.sdkstatcache

Copy /tmp/lm-enclosure-validation/build/DerivedData/Build/Intermediates.noindex/GeneratedModuleMaps-xrsimulator/RealityKitContent.modulemap /tmp/lm-enclosure-validation/build/DerivedData/Build/Intermediates.noindex/RealityKitContent.build/Debug-xrsimulator/RealityKitContent.build/RealityKitContent.modulemap (in target 'RealityKitContent' from project 'RealityKitContent')
    cd /tmp/lm-enclosure-validation/LM/Packages/RealityKitContent
    builtin-copy -exclude .DS_Store -exclude CVS -exclude .svn -exclude .git -exclude .hg -resolve-src-symlinks /tmp/lm-enclosure-validation/build/DerivedData/Build/Intermediates.noindex/RealityKitContent.build/Debug-xrsimulator/RealityKitContent.build/RealityKitContent.modulemap /tmp/lm-enclosure-validation/build/DerivedData/Build/Intermediates.noindex/GeneratedModuleMaps-xrsimulator

WriteAuxiliaryFile /tmp/lm-enclosure-validation/build/DerivedData/Build/Intermediates.noindex/RealityKitContent.build/Debug-xrsimulator/RealityKitContent.build/Objects-normal/x86_64/RealityKitContent.SwiftConstValuesFileList (in target 'RealityKitContent' from project 'RealityKitContent')
    cd /tmp/lm-enclosure-validation/LM/Packages/RealityKitContent
    write-file /tmp/lm-enclosure-validation/build/DerivedData/Build/Intermediates.noindex/RealityKitContent.build/Debug-xrsimulator/RealityKitContent.build/Objects-normal/x86_64/RealityKitContent.SwiftConstValuesFileList

WriteAuxiliaryFile /tmp/lm-enclosure-validation/build/DerivedData/Build/Intermediates.noindex/RealityKitContent.build/Debug-xrsimulator/RealityKitContent.build/Objects-normal/x86_64/RealityKitContent.SwiftFileList (in target 'RealityKitContent' from project 'RealityKitContent')
    cd /tmp/lm-enclosure-validation/LM/Packages/RealityKitContent
    write-file /tmp/lm-enclosure-validation/build/DerivedData/Build/Intermediates.noindex/RealityKitContent.build/Debug-xrsimulator/RealityKitContent.build/Objects-normal/x86_64/RealityKitContent.SwiftFileList

WriteAuxiliaryFile /tmp/lm-enclosure-validation/build/DerivedData/Build/Intermediates.noindex/RealityKitContent.build/Debug-xrsimulator/RealityKitContent.build/Objects-normal/x86_64/RealityKitContent_const_extract_protocols.json (in target 'RealityKitContent' from project 'RealityKitContent')
    cd /tmp/lm-enclosure-validation/LM/Packages/RealityKitContent
    write-file /tmp/lm-enclosure-validation/build/DerivedData/Build/Intermediates.noindex/RealityKitContent.build/Debug-xrsimulator/RealityKitContent.build/Objects-normal/x86_64/RealityKitContent_const_extract_protocols.json

WriteAuxiliaryFile /tmp/lm-enclosure-validation/build/DerivedData/Build/Intermediates.noindex/RealityKitContent.build/Debug-xrsimulator/RealityKitContent.build/Objects-normal/x86_64/RealityKitContent-OutputFileMap.json (in target 'RealityKitContent' from project 'RealityKitContent')
    cd /tmp/lm-enclosure-validation/LM/Packages/RealityKitContent
    write-file /tmp/lm-enclosure-validation/build/DerivedData/Build/Intermediates.noindex/RealityKitContent.build/Debug-xrsimulator/RealityKitContent.build/Objects-normal/x86_64/RealityKitContent-OutputFileMap.json

WriteAuxiliaryFile /tmp/lm-enclosure-validation/build/DerivedData/Build/Intermediates.noindex/RealityKitContent.build/Debug-xrsimulator/RealityKitContent.build/Objects-normal/x86_64/RealityKitContent.LinkFileList (in target 'RealityKitContent' from project 'RealityKitContent')
    cd /tmp/lm-enclosure-validation/LM/Packages/RealityKitContent
    write-file /tmp/lm-enclosure-validation/build/DerivedData/Build/Intermediates.noindex/RealityKitContent.build/Debug-xrsimulator/RealityKitContent.build/Objects-normal/x86_64/RealityKitContent.LinkFileList

Copy /tmp/lm-enclosure-validation/build/DerivedData/Build/Intermediates.noindex/GeneratedModuleMaps-xrsimulator/LMKit.modulemap /tmp/lm-enclosure-validation/build/DerivedData/Build/Intermediates.noindex/LMKit.build/Debug-xrsimulator/LMKit.build/LMKit.modulemap (in target 'LMKit' from project 'LMKit')
    cd /tmp/lm-enclosure-validation/LMKit
    builtin-copy -exclude .DS_Store -exclude CVS -exclude .svn -exclude .git -exclude .hg -resolve-src-symlinks /tmp/lm-enclosure-validation/build/DerivedData/Build/Intermediates.noindex/LMKit.build/Debug-xrsimulator/LMKit.build/LMKit.modulemap /tmp/lm-enclosure-validation/build/DerivedData/Build/Intermediates.noindex/GeneratedModuleMaps-xrsimulator

WriteAuxiliaryFile /tmp/lm-enclosure-validation/build/DerivedData/Build/Intermediates.noindex/LMKit.build/Debug-xrsimulator/LMKit.build/Objects-normal/x86_64/LMKit.SwiftFileList (in target 'LMKit' from project 'LMKit')
    cd /tmp/lm-enclosure-validation/LMKit
    write-file /tmp/lm-enclosure-validation/build/DerivedData/Build/Intermediates.noindex/LMKit.build/Debug-xrsimulator/LMKit.build/Objects-normal/x86_64/LMKit.SwiftFileList

WriteAuxiliaryFile /tmp/lm-enclosure-validation/build/DerivedData/Build/Intermediates.noindex/LMKit.build/Debug-xrsimulator/LMKit.build/Objects-normal/x86_64/LMKit_const_extract_protocols.json (in target 'LMKit' from project 'LMKit')
    cd /tmp/lm-enclosure-validation/LMKit
    write-file /tmp/lm-enclosure-validation/build/DerivedData/Build/Intermediates.noindex/LMKit.build/Debug-xrsimulator/LMKit.build/Objects-normal/x86_64/LMKit_const_extract_protocols.json

WriteAuxiliaryFile /tmp/lm-enclosure-validation/build/DerivedData/Build/Intermediates.noindex/LMKit.build/Debug-xrsimulator/LMKit.build/Objects-normal/x86_64/LMKit-OutputFileMap.json (in target 'LMKit' from project 'LMKit')
    cd /tmp/lm-enclosure-validation/LMKit
    write-file /tmp/lm-enclosure-validation/build/DerivedData/Build/Intermediates.noindex/LMKit.build/Debug-xrsimulator/LMKit.build/Objects-normal/x86_64/LMKit-OutputFileMap.json

WriteAuxiliaryFile /tmp/lm-enclosure-validation/build/DerivedData/Build/Intermediates.noindex/AGC.build/Debug-xrsimulator/LMCore.build/Objects-normal/x86_64/LMCore.SwiftFileList (in target 'LMCore' from project 'AGC')
    cd /tmp/lm-enclosure-validation/AGC
    write-file /tmp/lm-enclosure-validation/build/DerivedData/Build/Intermediates.noindex/AGC.build/Debug-xrsimulator/LMCore.build/Objects-normal/x86_64/LMCore.SwiftFileList

WriteAuxiliaryFile /tmp/lm-enclosure-validation/build/DerivedData/Build/Intermediates.noindex/LMKit.build/Debug-xrsimulator/LMKit.build/Objects-normal/x86_64/LMKit.LinkFileList (in target 'LMKit' from project 'LMKit')
    cd /tmp/lm-enclosure-validation/LMKit
    write-file /tmp/lm-enclosure-validation/build/DerivedData/Build/Intermediates.noindex/LMKit.build/Debug-xrsimulator/LMKit.build/Objects-normal/x86_64/LMKit.LinkFileList

WriteAuxiliaryFile /tmp/lm-enclosure-validation/build/DerivedData/Build/Intermediates.noindex/AGC.build/Debug-xrsimulator/LMCore.build/Objects-normal/x86_64/LMCore.SwiftConstValuesFileList (in target 'LMCore' from project 'AGC')
    cd /tmp/lm-enclosure-validation/AGC
    write-file /tmp/lm-enclosure-validation/build/DerivedData/Build/Intermediates.noindex/AGC.build/Debug-xrsimulator/LMCore.build/Objects-normal/x86_64/LMCore.SwiftConstValuesFileList

WriteAuxiliaryFile /tmp/lm-enclosure-validation/build/DerivedData/Build/Intermediates.noindex/AGC.build/Debug-xrsimulator/LMCore.build/Objects-normal/x86_64/LMCore_const_extract_protocols.json (in target 'LMCore' from project 'AGC')
    cd /tmp/lm-enclosure-validation/AGC
    write-file /tmp/lm-enclosure-validation/build/DerivedData/Build/Intermediates.noindex/AGC.build/Debug-xrsimulator/LMCore.build/Objects-normal/x86_64/LMCore_const_extract_protocols.json

WriteAuxiliaryFile /tmp/lm-enclosure-validation/build/DerivedData/Build/Intermediates.noindex/AGC.build/Debug-xrsimulator/LMCore.build/Objects-normal/x86_64/LMCore-OutputFileMap.json (in target 'LMCore' from project 'AGC')
    cd /tmp/lm-enclosure-validation/AGC
    write-file /tmp/lm-enclosure-validation/build/DerivedData/Build/Intermediates.noindex/AGC.build/Debug-xrsimulator/LMCore.build/Objects-normal/x86_64/LMCore-OutputFileMap.json

WriteAuxiliaryFile /tmp/lm-enclosure-validation/build/DerivedData/Build/Intermediates.noindex/AGC.build/Debug-xrsimulator/LMCore.build/Objects-normal/x86_64/LMCore.LinkFileList (in target 'LMCore' from project 'AGC')
    cd /tmp/lm-enclosure-validation/AGC
    write-file /tmp/lm-enclosure-validation/build/DerivedData/Build/Intermediates.noindex/AGC.build/Debug-xrsimulator/LMCore.build/Objects-normal/x86_64/LMCore.LinkFileList

WriteAuxiliaryFile /tmp/lm-enclosure-validation/build/DerivedData/Build/Intermediates.noindex/LMKit.build/Debug-xrsimulator/LMKit.build/Objects-normal/x86_64/LMKit.SwiftConstValuesFileList (in target 'LMKit' from project 'LMKit')
    cd /tmp/lm-enclosure-validation/LMKit
    write-file /tmp/lm-enclosure-validation/build/DerivedData/Build/Intermediates.noindex/LMKit.build/Debug-xrsimulator/LMKit.build/Objects-normal/x86_64/LMKit.SwiftConstValuesFileList

Copy /tmp/lm-enclosure-validation/build/DerivedData/Build/Intermediates.noindex/GeneratedModuleMaps-xrsimulator/LMCore.modulemap /tmp/lm-enclosure-validation/build/DerivedData/Build/Intermediates.noindex/AGC.build/Debug-xrsimulator/LMCore.build/LMCore.modulemap (in target 'LMCore' from project 'AGC')
    cd /tmp/lm-enclosure-validation/AGC
    builtin-copy -exclude .DS_Store -exclude CVS -exclude .svn -exclude .git -exclude .hg -resolve-src-symlinks /tmp/lm-enclosure-validation/build/DerivedData/Build/Intermediates.noindex/AGC.build/Debug-xrsimulator/LMCore.build/LMCore.modulemap /tmp/lm-enclosure-validation/build/DerivedData/Build/Intermediates.noindex/GeneratedModuleMaps-xrsimulator

WriteAuxiliaryFile /tmp/lm-enclosure-validation/build/DerivedData/Build/Intermediates.noindex/LM.build/Debug-xrsimulator/LM.build/Objects-normal/x86_64/LM_const_extract_protocols.json (in target 'LM' from project 'LM')
    cd /tmp/lm-enclosure-validation/LM
    write-file /tmp/lm-enclosure-validation/build/DerivedData/Build/Intermediates.noindex/LM.build/Debug-xrsimulator/LM.build/Objects-normal/x86_64/LM_const_extract_protocols.json

WriteAuxiliaryFile /tmp/lm-enclosure-validation/build/DerivedData/Build/Intermediates.noindex/LM.build/Debug-xrsimulator/LM.build/Objects-normal/x86_64/LM.SwiftConstValuesFileList (in target 'LM' from project 'LM')
    cd /tmp/lm-enclosure-validation/LM
    write-file /tmp/lm-enclosure-validation/build/DerivedData/Build/Intermediates.noindex/LM.build/Debug-xrsimulator/LM.build/Objects-normal/x86_64/LM.SwiftConstValuesFileList

WriteAuxiliaryFile /tmp/lm-enclosure-validation/build/DerivedData/Build/Intermediates.noindex/LM.build/Debug-xrsimulator/LM.build/Objects-normal/x86_64/LM.SwiftFileList (in target 'LM' from project 'LM')
    cd /tmp/lm-enclosure-validation/LM
    write-file /tmp/lm-enclosure-validation/build/DerivedData/Build/Intermediates.noindex/LM.build/Debug-xrsimulator/LM.build/Objects-normal/x86_64/LM.SwiftFileList

WriteAuxiliaryFile /tmp/lm-enclosure-validation/build/DerivedData/Build/Intermediates.noindex/LM.build/Debug-xrsimulator/LM.build/Objects-normal/x86_64/LM.LinkFileList (in target 'LM' from project 'LM')
    cd /tmp/lm-enclosure-validation/LM
    write-file /tmp/lm-enclosure-validation/build/DerivedData/Build/Intermediates.noindex/LM.build/Debug-xrsimulator/LM.build/Objects-normal/x86_64/LM.LinkFileList

WriteAuxiliaryFile /tmp/lm-enclosure-validation/build/DerivedData/Build/Intermediates.noindex/LM.build/Debug-xrsimulator/LM.build/Objects-normal/x86_64/LM-OutputFileMap.json (in target 'LM' from project 'LM')
    cd /tmp/lm-enclosure-validation/LM
    write-file /tmp/lm-enclosure-validation/build/DerivedData/Build/Intermediates.noindex/LM.build/Debug-xrsimulator/LM.build/Objects-normal/x86_64/LM-OutputFileMap.json

WriteAuxiliaryFile /tmp/lm-enclosure-validation/build/DerivedData/Build/Intermediates.noindex/LM.build/Debug-xrsimulator/LM.build/LM-DebugDylibPath-normal-x86_64.txt (in target 'LM' from project 'LM')
    cd /tmp/lm-enclosure-validation/LM
    write-file /tmp/lm-enclosure-validation/build/DerivedData/Build/Intermediates.noindex/LM.build/Debug-xrsimulator/LM.build/LM-DebugDylibPath-normal-x86_64.txt

WriteAuxiliaryFile /tmp/lm-enclosure-validation/build/DerivedData/Build/Intermediates.noindex/LM.build/Debug-xrsimulator/LM.build/LM-DebugDylibInstallName-normal-x86_64.txt (in target 'LM' from project 'LM')
    cd /tmp/lm-enclosure-validation/LM
    write-file /tmp/lm-enclosure-validation/build/DerivedData/Build/Intermediates.noindex/LM.build/Debug-xrsimulator/LM.build/LM-DebugDylibInstallName-normal-x86_64.txt

WriteAuxiliaryFile /tmp/lm-enclosure-validation/build/DerivedData/Build/Intermediates.noindex/AGC.build/Debug-xrsimulator/AGC.build/Objects-normal/x86_64/AGC_const_extract_protocols.json (in target 'AGC' from project 'AGC')
    cd /tmp/lm-enclosure-validation/AGC
    write-file /tmp/lm-enclosure-validation/build/DerivedData/Build/Intermediates.noindex/AGC.build/Debug-xrsimulator/AGC.build/Objects-normal/x86_64/AGC_const_extract_protocols.json

WriteAuxiliaryFile /tmp/lm-enclosure-validation/build/DerivedData/Build/Intermediates.noindex/AGC.build/Debug-xrsimulator/AGC.build/Objects-normal/x86_64/AGC.SwiftFileList (in target 'AGC' from project 'AGC')
    cd /tmp/lm-enclosure-validation/AGC
    write-file /tmp/lm-enclosure-validation/build/DerivedData/Build/Intermediates.noindex/AGC.build/Debug-xrsimulator/AGC.build/Objects-normal/x86_64/AGC.SwiftFileList

WriteAuxiliaryFile /tmp/lm-enclosure-validation/build/DerivedData/Build/Intermediates.noindex/AGC.build/Debug-xrsimulator/AGC.build/Objects-normal/x86_64/AGC.SwiftConstValuesFileList (in target 'AGC' from project 'AGC')
    cd /tmp/lm-enclosure-validation/AGC
    write-file /tmp/lm-enclosure-validation/build/DerivedData/Build/Intermediates.noindex/AGC.build/Debug-xrsimulator/AGC.build/Objects-normal/x86_64/AGC.SwiftConstValuesFileList

WriteAuxiliaryFile /tmp/lm-enclosure-validation/build/DerivedData/Build/Intermediates.noindex/AGC.build/Debug-xrsimulator/AGC.build/Objects-normal/x86_64/AGC.LinkFileList (in target 'AGC' from project 'AGC')
    cd /tmp/lm-enclosure-validation/AGC
    write-file /tmp/lm-enclosure-validation/build/DerivedData/Build/Intermediates.noindex/AGC.build/Debug-xrsimulator/AGC.build/Objects-normal/x86_64/AGC.LinkFileList

WriteAuxiliaryFile /tmp/lm-enclosure-validation/build/DerivedData/Build/Intermediates.noindex/AGC.build/Debug-xrsimulator/AGC.build/Objects-normal/x86_64/AGC-OutputFileMap.json (in target 'AGC' from project 'AGC')
    cd /tmp/lm-enclosure-validation/AGC
    write-file /tmp/lm-enclosure-validation/build/DerivedData/Build/Intermediates.noindex/AGC.build/Debug-xrsimulator/AGC.build/Objects-normal/x86_64/AGC-OutputFileMap.json

Copy /tmp/lm-enclosure-validation/build/DerivedData/Build/Intermediates.noindex/GeneratedModuleMaps-xrsimulator/AGC.modulemap /tmp/lm-enclosure-validation/build/DerivedData/Build/Intermediates.noindex/AGC.build/Debug-xrsimulator/AGC.build/AGC.modulemap (in target 'AGC' from project 'AGC')
    cd /tmp/lm-enclosure-validation/AGC
    builtin-copy -exclude .DS_Store -exclude CVS -exclude .svn -exclude .git -exclude .hg -resolve-src-symlinks /tmp/lm-enclosure-validation/build/DerivedData/Build/Intermediates.noindex/AGC.build/Debug-xrsimulator/AGC.build/AGC.modulemap /tmp/lm-enclosure-validation/build/DerivedData/Build/Intermediates.noindex/GeneratedModuleMaps-xrsimulator

ProcessInfoPlistFile /tmp/lm-enclosure-validation/build/DerivedData/Build/Products/Debug-xrsimulator/LMKit_LMKit.bundle/Info.plist /tmp/lm-enclosure-validation/build/DerivedData/Build/Intermediates.noindex/LMKit.build/Debug-xrsimulator/LMKit_LMKit.build/empty-LMKit_LMKit.plist (in target 'LMKit_LMKit' from project 'LMKit')
    cd /tmp/lm-enclosure-validation/LMKit
    builtin-infoPlistUtility /tmp/lm-enclosure-validation/build/DerivedData/Build/Intermediates.noindex/LMKit.build/Debug-xrsimulator/LMKit_LMKit.build/empty-LMKit_LMKit.plist -producttype com.apple.product-type.bundle -expandbuildsettings -format binary -platform xrsimulator -o /tmp/lm-enclosure-validation/build/DerivedData/Build/Products/Debug-xrsimulator/LMKit_LMKit.bundle/Info.plist

CpResource /tmp/lm-enclosure-validation/build/DerivedData/Build/Products/Debug-xrsimulator/LMKit_LMKit.bundle/AltitudeRate /tmp/lm-enclosure-validation/LMKit/Sources/LMKit/Resources/AltitudeRate (in target 'LMKit_LMKit' from project 'LMKit')
    cd /tmp/lm-enclosure-validation/LMKit
    builtin-copy -exclude .DS_Store -exclude CVS -exclude .svn -exclude .git -exclude .hg -resolve-src-symlinks /tmp/lm-enclosure-validation/LMKit/Sources/LMKit/Resources/AltitudeRate /tmp/lm-enclosure-validation/build/DerivedData/Build/Products/Debug-xrsimulator/LMKit_LMKit.bundle

RealityAssetsSchemaGen /tmp/lm-enclosure-validation/build/DerivedData/Build/Intermediates.noindex/RealityKitContent.build/Debug-xrsimulator/RealityKitContent_RealityKitContent.build/DerivedSources/RealityAssetsGenerated/CustomComponentUSDInitializers.usda (in target 'RealityKitContent_RealityKitContent' from project 'RealityKitContent')
    cd /tmp/lm-enclosure-validation/LM/Packages/RealityKitContent
    /usr/bin/sandbox-exec -D SCRIPT_OUTPUT_FILE_0\=/tmp/lm-enclosure-validation/build/DerivedData/Build/Intermediates.noindex/RealityKitContent.build/Debug-xrsimulator/RealityKitContent_RealityKitContent.build/DerivedSources/RealityAssetsGenerated/CustomComponentUSDInitializers.usda -D SCRIPT_INPUT_FILE_0\=/tmp/lm-enclosure-validation/build/DerivedData/Build/Intermediates.noindex/RealityKitContent.build/Debug-xrsimulator/RealityKitContent_RealityKitContent.build/DerivedSources/RealityAssetsGenerated/ModuleWithDependencies.json -D SCRIPT_INPUT_FILE_1\=/tmp/lm-enclosure-validation/LM/Packages/RealityKitContent/Sources/RealityKitContent/RealityKitContent.swift -D SCRIPT_INPUT_ANCESTOR_0\=/ -D SCRIPT_INPUT_ANCESTOR_1\=/tmp -D SCRIPT_INPUT_ANCESTOR_2\=/tmp/lm-enclosure-validation -D SCRIPT_INPUT_ANCESTOR_3\=/tmp/lm-enclosure-validation/LM -D SCRIPT_INPUT_ANCESTOR_4\=/tmp/lm-enclosure-validation/LM/Packages -D SCRIPT_INPUT_ANCESTOR_5\=/tmp/lm-enclosure-validation/LM/Packages/RealityKitContent -D SCRIPT_INPUT_ANCESTOR_6\=/tmp/lm-enclosure-validation/LM/Packages/RealityKitContent/Sources -D SCRIPT_INPUT_ANCESTOR_7\=/tmp/lm-enclosure-validation/LM/Packages/RealityKitContent/Sources/RealityKitContent -D SCRIPT_INPUT_ANCESTOR_8\=/tmp/lm-enclosure-validation/build -D SCRIPT_INPUT_ANCESTOR_9\=/tmp/lm-enclosure-validation/build/DerivedData -D SCRIPT_INPUT_ANCESTOR_10\=/tmp/lm-enclosure-validation/build/DerivedData/Build -D SCRIPT_INPUT_ANCESTOR_11\=/tmp/lm-enclosure-validation/build/DerivedData/Build/Intermediates.noindex -D SCRIPT_INPUT_ANCESTOR_12\=/tmp/lm-enclosure-validation/build/DerivedData/Build/Intermediates.noindex/RealityKitContent.build -D SCRIPT_INPUT_ANCESTOR_13\=/tmp/lm-enclosure-validation/build/DerivedData/Build/Intermediates.noindex/RealityKitContent.build/Debug-xrsimulator -D SCRIPT_INPUT_ANCESTOR_14\=/tmp/lm-enclosure-validation/build/DerivedData/Build/Intermediates.noindex/RealityKitContent.build/Debug-xrsimulator/RealityKitContent_RealityKitContent.build -D SCRIPT_INPUT_ANCESTOR_15\=/tmp/lm-enclosure-validation/build/DerivedData/Build/Intermediates.noindex/RealityKitContent.build/Debug-xrsimulator/RealityKitContent_RealityKitContent.build/DerivedSources -D SCRIPT_INPUT_ANCESTOR_16\=/tmp/lm-enclosure-validation/build/DerivedData/Build/Intermediates.noindex/RealityKitContent.build/Debug-xrsimulator/RealityKitContent_RealityKitContent.build/DerivedSources/RealityAssetsGenerated -D SCRIPT_OUTPUT_ANCESTOR_0\=/ -D SCRIPT_OUTPUT_ANCESTOR_1\=/tmp -D SCRIPT_OUTPUT_ANCESTOR_2\=/tmp/lm-enclosure-validation -D SCRIPT_OUTPUT_ANCESTOR_3\=/tmp/lm-enclosure-validation/build -D SCRIPT_OUTPUT_ANCESTOR_4\=/tmp/lm-enclosure-validation/build/DerivedData -D SCRIPT_OUTPUT_ANCESTOR_5\=/tmp/lm-enclosure-validation/build/DerivedData/Build -D SCRIPT_OUTPUT_ANCESTOR_6\=/tmp/lm-enclosure-validation/build/DerivedData/Build/Intermediates.noindex -D SCRIPT_OUTPUT_ANCESTOR_7\=/tmp/lm-enclosure-validation/build/DerivedData/Build/Intermediates.noindex/RealityKitContent.build -D SCRIPT_OUTPUT_ANCESTOR_8\=/tmp/lm-enclosure-validation/build/DerivedData/Build/Intermediates.noindex/RealityKitContent.build/Debug-xrsimulator -D SCRIPT_OUTPUT_ANCESTOR_9\=/tmp/lm-enclosure-validation/build/DerivedData/Build/Intermediates.noindex/RealityKitContent.build/Debug-xrsimulator/RealityKitContent_RealityKitContent.build -D SCRIPT_OUTPUT_ANCESTOR_10\=/tmp/lm-enclosure-validation/build/DerivedData/Build/Intermediates.noindex/RealityKitContent.build/Debug-xrsimulator/RealityKitContent_RealityKitContent.build/DerivedSources -D SCRIPT_OUTPUT_ANCESTOR_11\=/tmp/lm-enclosure-validation/build/DerivedData/Build/Intermediates.noindex/RealityKitContent.build/Debug-xrsimulator/RealityKitContent_RealityKitContent.build/DerivedSources/RealityAssetsGenerated -D SRCROOT\=/tmp/lm-enclosure-validation/LM/Packages/RealityKitContent -D PROJECT_DIR\=/tmp/lm-enclosure-validation/LM/Packages/RealityKitContent -D OBJROOT\=/tmp/lm-enclosure-validation/build/DerivedData/Build/Intermediates.noindex -D SYMROOT\=/tmp/lm-enclosure-validation/build/DerivedData/Build/Products -D DSTROOT\=/tmp/RealityKitContent.dst -D SHARED_PRECOMPS_DIR\=/tmp/lm-enclosure-validation/build/DerivedData/Build/Intermediates.noindex/PrecompiledHeaders -D CACHE_ROOT\=/var/folders/_b/w1qm6wdd5193sxr8zccd14580000gn/C/com.apple.DeveloperTools/26.6-17F113/Xcode -D CONFIGURATION_BUILD_DIR\=/tmp/lm-enclosure-validation/build/DerivedData/Build/Products/Debug-xrsimulator -D CONFIGURATION_TEMP_DIR\=/tmp/lm-enclosure-validation/build/DerivedData/Build/Intermediates.noindex/RealityKitContent.build/Debug-xrsimulator -D LOCROOT\=/tmp/lm-enclosure-validation/LM/Packages/RealityKitContent -D LOCSYMROOT\=/tmp/lm-enclosure-validation/LM/Packages/RealityKitContent -D INDEX_PRECOMPS_DIR\=/tmp/lm-enclosure-validation/build/DerivedData/Index.noindex/PrecompiledHeaders -D INDEX_DATA_STORE_DIR\=/tmp/lm-enclosure-validation/build/DerivedData/Index.noindex/DataStore -D TEMP_DIR\=/tmp/lm-enclosure-validation/build/DerivedData/Build/Intermediates.noindex/RealityKitContent.build/Debug-xrsimulator/RealityKitContent_RealityKitContent.build -D TARGET_TEMP_DIR\=/tmp/lm-enclosure-validation/build/DerivedData/Build/Intermediates.noindex/RealityKitContent.build/Debug-xrsimulator/RealityKitContent_RealityKitContent.build -D DERIVED_FILE_DIR\=/tmp/lm-enclosure-validation/build/DerivedData/Build/Intermediates.noindex/RealityKitContent.build/Debug-xrsimulator/RealityKitContent_RealityKitContent.build/DerivedSources -f /tmp/lm-enclosure-validation/build/DerivedData/Build/Intermediates.noindex/RealityKitContent.build/Debug-xrsimulator/RealityKitContent_RealityKitContent.build/c12fc0e01037e0bc097e246796dba02f.sb /Applications/Xcode-26.6.0.app/Contents/Developer/usr/bin/realitytool create-schema --output-schema /tmp/lm-enclosure-validation/build/DerivedData/Build/Intermediates.noindex/RealityKitContent.build/Debug-xrsimulator/RealityKitContent_RealityKitContent.build/DerivedSources/RealityAssetsGenerated/CustomComponentUSDInitializers.usda /tmp/lm-enclosure-validation/build/DerivedData/Build/Intermediates.noindex/RealityKitContent.build/Debug-xrsimulator/RealityKitContent_RealityKitContent.build/DerivedSources/RealityAssetsGenerated/ModuleWithDependencies.json

CpResource /tmp/lm-enclosure-validation/build/DerivedData/Build/Products/Debug-xrsimulator/LMKit_LMKit.bundle/WindowSurrounds /tmp/lm-enclosure-validation/LMKit/Sources/LMKit/Resources/WindowSurrounds (in target 'LMKit_LMKit' from project 'LMKit')
    cd /tmp/lm-enclosure-validation/LMKit
    builtin-copy -exclude .DS_Store -exclude CVS -exclude .svn -exclude .git -exclude .hg -resolve-src-symlinks /tmp/lm-enclosure-validation/LMKit/Sources/LMKit/Resources/WindowSurrounds /tmp/lm-enclosure-validation/build/DerivedData/Build/Products/Debug-xrsimulator/LMKit_LMKit.bundle

CpResource /tmp/lm-enclosure-validation/build/DerivedData/Build/Products/Debug-xrsimulator/LMKit_LMKit.bundle/WindowsLPD /tmp/lm-enclosure-validation/LMKit/Sources/LMKit/Resources/WindowsLPD (in target 'LMKit_LMKit' from project 'LMKit')
    cd /tmp/lm-enclosure-validation/LMKit
    builtin-copy -exclude .DS_Store -exclude CVS -exclude .svn -exclude .git -exclude .hg -resolve-src-symlinks /tmp/lm-enclosure-validation/LMKit/Sources/LMKit/Resources/WindowsLPD /tmp/lm-enclosure-validation/build/DerivedData/Build/Products/Debug-xrsimulator/LMKit_LMKit.bundle

CpResource /tmp/lm-enclosure-validation/build/DerivedData/Build/Products/Debug-xrsimulator/LMKit_LMKit.bundle/Timers /tmp/lm-enclosure-validation/LMKit/Sources/LMKit/Resources/Timers (in target 'LMKit_LMKit' from project 'LMKit')
    cd /tmp/lm-enclosure-validation/LMKit
    builtin-copy -exclude .DS_Store -exclude CVS -exclude .svn -exclude .git -exclude .hg -resolve-src-symlinks /tmp/lm-enclosure-validation/LMKit/Sources/LMKit/Resources/Timers /tmp/lm-enclosure-validation/build/DerivedData/Build/Products/Debug-xrsimulator/LMKit_LMKit.bundle

CpResource /tmp/lm-enclosure-validation/build/DerivedData/Build/Products/Debug-xrsimulator/LMKit_LMKit.bundle/PanelInventory /tmp/lm-enclosure-validation/LMKit/Sources/LMKit/Resources/PanelInventory (in target 'LMKit_LMKit' from project 'LMKit')
    cd /tmp/lm-enclosure-validation/LMKit
    builtin-copy -exclude .DS_Store -exclude CVS -exclude .svn -exclude .git -exclude .hg -resolve-src-symlinks /tmp/lm-enclosure-validation/LMKit/Sources/LMKit/Resources/PanelInventory /tmp/lm-enclosure-validation/build/DerivedData/Build/Products/Debug-xrsimulator/LMKit_LMKit.bundle

CpResource /tmp/lm-enclosure-validation/build/DerivedData/Build/Products/Debug-xrsimulator/LMKit_LMKit.bundle/PropulsionInstruments /tmp/lm-enclosure-validation/LMKit/Sources/LMKit/Resources/PropulsionInstruments (in target 'LMKit_LMKit' from project 'LMKit')
    cd /tmp/lm-enclosure-validation/LMKit
    builtin-copy -exclude .DS_Store -exclude CVS -exclude .svn -exclude .git -exclude .hg -resolve-src-symlinks /tmp/lm-enclosure-validation/LMKit/Sources/LMKit/Resources/PropulsionInstruments /tmp/lm-enclosure-validation/build/DerivedData/Build/Products/Debug-xrsimulator/LMKit_LMKit.bundle

CpResource /tmp/lm-enclosure-validation/build/DerivedData/Build/Products/Debug-xrsimulator/LMKit_LMKit.bundle/LowerConsole /tmp/lm-enclosure-validation/LMKit/Sources/LMKit/Resources/LowerConsole (in target 'LMKit_LMKit' from project 'LMKit')
    cd /tmp/lm-enclosure-validation/LMKit
    builtin-copy -exclude .DS_Store -exclude CVS -exclude .svn -exclude .git -exclude .hg -resolve-src-symlinks /tmp/lm-enclosure-validation/LMKit/Sources/LMKit/Resources/LowerConsole /tmp/lm-enclosure-validation/build/DerivedData/Build/Products/Debug-xrsimulator/LMKit_LMKit.bundle

CpResource /tmp/lm-enclosure-validation/build/DerivedData/Build/Products/Debug-xrsimulator/LMKit_LMKit.bundle/HandControllers /tmp/lm-enclosure-validation/LMKit/Sources/LMKit/Resources/HandControllers (in target 'LMKit_LMKit' from project 'LMKit')
    cd /tmp/lm-enclosure-validation/LMKit
    builtin-copy -exclude .DS_Store -exclude CVS -exclude .svn -exclude .git -exclude .hg -resolve-src-symlinks /tmp/lm-enclosure-validation/LMKit/Sources/LMKit/Resources/HandControllers /tmp/lm-enclosure-validation/build/DerivedData/Build/Products/Debug-xrsimulator/LMKit_LMKit.bundle

CpResource /tmp/lm-enclosure-validation/build/DerivedData/Build/Products/Debug-xrsimulator/LMKit_LMKit.bundle/InstrumentConsole /tmp/lm-enclosure-validation/LMKit/Sources/LMKit/Resources/InstrumentConsole (in target 'LMKit_LMKit' from project 'LMKit')
    cd /tmp/lm-enclosure-validation/LMKit
    builtin-copy -exclude .DS_Store -exclude CVS -exclude .svn -exclude .git -exclude .hg -resolve-src-symlinks /tmp/lm-enclosure-validation/LMKit/Sources/LMKit/Resources/InstrumentConsole /tmp/lm-enclosure-validation/build/DerivedData/Build/Products/Debug-xrsimulator/LMKit_LMKit.bundle

CpResource /tmp/lm-enclosure-validation/build/DerivedData/Build/Products/Debug-xrsimulator/LMKit_LMKit.bundle/InteriorDetails /tmp/lm-enclosure-validation/LMKit/Sources/LMKit/Resources/InteriorDetails (in target 'LMKit_LMKit' from project 'LMKit')
    cd /tmp/lm-enclosure-validation/LMKit
    builtin-copy -exclude .DS_Store -exclude CVS -exclude .svn -exclude .git -exclude .hg -resolve-src-symlinks /tmp/lm-enclosure-validation/LMKit/Sources/LMKit/Resources/InteriorDetails /tmp/lm-enclosure-validation/build/DerivedData/Build/Products/Debug-xrsimulator/LMKit_LMKit.bundle

CpResource /tmp/lm-enclosure-validation/build/DerivedData/Build/Products/Debug-xrsimulator/LMKit_LMKit.bundle/FDAI /tmp/lm-enclosure-validation/LMKit/Sources/LMKit/Resources/FDAI (in target 'LMKit_LMKit' from project 'LMKit')
    cd /tmp/lm-enclosure-validation/LMKit
    builtin-copy -exclude .DS_Store -exclude CVS -exclude .svn -exclude .git -exclude .hg -resolve-src-symlinks /tmp/lm-enclosure-validation/LMKit/Sources/LMKit/Resources/FDAI /tmp/lm-enclosure-validation/build/DerivedData/Build/Products/Debug-xrsimulator/LMKit_LMKit.bundle

CpResource /tmp/lm-enclosure-validation/build/DerivedData/Build/Products/Debug-xrsimulator/LMKit_LMKit.bundle/Legacy /tmp/lm-enclosure-validation/LMKit/Sources/LMKit/Resources/Legacy (in target 'LMKit_LMKit' from project 'LMKit')
    cd /tmp/lm-enclosure-validation/LMKit
    builtin-copy -exclude .DS_Store -exclude CVS -exclude .svn -exclude .git -exclude .hg -resolve-src-symlinks /tmp/lm-enclosure-validation/LMKit/Sources/LMKit/Resources/Legacy /tmp/lm-enclosure-validation/build/DerivedData/Build/Products/Debug-xrsimulator/LMKit_LMKit.bundle

CpResource /tmp/lm-enclosure-validation/build/DerivedData/Build/Products/Debug-xrsimulator/LMKit_LMKit.bundle/EngineControls /tmp/lm-enclosure-validation/LMKit/Sources/LMKit/Resources/EngineControls (in target 'LMKit_LMKit' from project 'LMKit')
    cd /tmp/lm-enclosure-validation/LMKit
    builtin-copy -exclude .DS_Store -exclude CVS -exclude .svn -exclude .git -exclude .hg -resolve-src-symlinks /tmp/lm-enclosure-validation/LMKit/Sources/LMKit/Resources/EngineControls /tmp/lm-enclosure-validation/build/DerivedData/Build/Products/Debug-xrsimulator/LMKit_LMKit.bundle

CpResource /tmp/lm-enclosure-validation/build/DerivedData/Build/Products/Debug-xrsimulator/LMKit_LMKit.bundle/DescentControls /tmp/lm-enclosure-validation/LMKit/Sources/LMKit/Resources/DescentControls (in target 'LMKit_LMKit' from project 'LMKit')
    cd /tmp/lm-enclosure-validation/LMKit
    builtin-copy -exclude .DS_Store -exclude CVS -exclude .svn -exclude .git -exclude .hg -resolve-src-symlinks /tmp/lm-enclosure-validation/LMKit/Sources/LMKit/Resources/DescentControls /tmp/lm-enclosure-validation/build/DerivedData/Build/Products/Debug-xrsimulator/LMKit_LMKit.bundle

CpResource /tmp/lm-enclosure-validation/build/DerivedData/Build/Products/Debug-xrsimulator/LMKit_LMKit.bundle/DSKY /tmp/lm-enclosure-validation/LMKit/Sources/LMKit/Resources/DSKY (in target 'LMKit_LMKit' from project 'LMKit')
    cd /tmp/lm-enclosure-validation/LMKit
    builtin-copy -exclude .DS_Store -exclude CVS -exclude .svn -exclude .git -exclude .hg -resolve-src-symlinks /tmp/lm-enclosure-validation/LMKit/Sources/LMKit/Resources/DSKY /tmp/lm-enclosure-validation/build/DerivedData/Build/Products/Debug-xrsimulator/LMKit_LMKit.bundle

CpResource /tmp/lm-enclosure-validation/build/DerivedData/Build/Products/Debug-xrsimulator/LMKit_LMKit.bundle/CrossPointer /tmp/lm-enclosure-validation/LMKit/Sources/LMKit/Resources/CrossPointer (in target 'LMKit_LMKit' from project 'LMKit')
    cd /tmp/lm-enclosure-validation/LMKit
    builtin-copy -exclude .DS_Store -exclude CVS -exclude .svn -exclude .git -exclude .hg -resolve-src-symlinks /tmp/lm-enclosure-validation/LMKit/Sources/LMKit/Resources/CrossPointer /tmp/lm-enclosure-validation/build/DerivedData/Build/Products/Debug-xrsimulator/LMKit_LMKit.bundle

CpResource /tmp/lm-enclosure-validation/build/DerivedData/Build/Products/Debug-xrsimulator/LMKit_LMKit.bundle/ControlLibrary /tmp/lm-enclosure-validation/LMKit/Sources/LMKit/Resources/ControlLibrary (in target 'LMKit_LMKit' from project 'LMKit')
    cd /tmp/lm-enclosure-validation/LMKit
    builtin-copy -exclude .DS_Store -exclude CVS -exclude .svn -exclude .git -exclude .hg -resolve-src-symlinks /tmp/lm-enclosure-validation/LMKit/Sources/LMKit/Resources/ControlLibrary /tmp/lm-enclosure-validation/build/DerivedData/Build/Products/Debug-xrsimulator/LMKit_LMKit.bundle

CpResource /tmp/lm-enclosure-validation/build/DerivedData/Build/Products/Debug-xrsimulator/LMKit_LMKit.bundle/CommanderPanels /tmp/lm-enclosure-validation/LMKit/Sources/LMKit/Resources/CommanderPanels (in target 'LMKit_LMKit' from project 'LMKit')
    cd /tmp/lm-enclosure-validation/LMKit
    builtin-copy -exclude .DS_Store -exclude CVS -exclude .svn -exclude .git -exclude .hg -resolve-src-symlinks /tmp/lm-enclosure-validation/LMKit/Sources/LMKit/Resources/CommanderPanels /tmp/lm-enclosure-validation/build/DerivedData/Build/Products/Debug-xrsimulator/LMKit_LMKit.bundle

CpResource /tmp/lm-enclosure-validation/build/DerivedData/Build/Products/Debug-xrsimulator/LMKit_LMKit.bundle/CautionWarning /tmp/lm-enclosure-validation/LMKit/Sources/LMKit/Resources/CautionWarning (in target 'LMKit_LMKit' from project 'LMKit')
    cd /tmp/lm-enclosure-validation/LMKit
    builtin-copy -exclude .DS_Store -exclude CVS -exclude .svn -exclude .git -exclude .hg -resolve-src-symlinks /tmp/lm-enclosure-validation/LMKit/Sources/LMKit/Resources/CautionWarning /tmp/lm-enclosure-validation/build/DerivedData/Build/Products/Debug-xrsimulator/LMKit_LMKit.bundle

CpResource /tmp/lm-enclosure-validation/build/DerivedData/Build/Products/Debug-xrsimulator/LMKit_LMKit.bundle/Cabin /tmp/lm-enclosure-validation/LMKit/Sources/LMKit/Resources/Cabin (in target 'LMKit_LMKit' from project 'LMKit')
    cd /tmp/lm-enclosure-validation/LMKit
    builtin-copy -exclude .DS_Store -exclude CVS -exclude .svn -exclude .git -exclude .hg -resolve-src-symlinks /tmp/lm-enclosure-validation/LMKit/Sources/LMKit/Resources/Cabin /tmp/lm-enclosure-validation/build/DerivedData/Build/Products/Debug-xrsimulator/LMKit_LMKit.bundle

CpResource /tmp/lm-enclosure-validation/build/DerivedData/Build/Products/Debug-xrsimulator/LMKit_LMKit.bundle/BreakerBanks /tmp/lm-enclosure-validation/LMKit/Sources/LMKit/Resources/BreakerBanks (in target 'LMKit_LMKit' from project 'LMKit')
    cd /tmp/lm-enclosure-validation/LMKit
    builtin-copy -exclude .DS_Store -exclude CVS -exclude .svn -exclude .git -exclude .hg -resolve-src-symlinks /tmp/lm-enclosure-validation/LMKit/Sources/LMKit/Resources/BreakerBanks /tmp/lm-enclosure-validation/build/DerivedData/Build/Products/Debug-xrsimulator/LMKit_LMKit.bundle

SwiftDriver AGC normal arm64 com.apple.xcode.tools.swift.compiler (in target 'AGC' from project 'AGC')
    cd /tmp/lm-enclosure-validation/LM/LM.xcodeproj
    builtin-SwiftDriver -- /Applications/Xcode-26.6.0.app/Contents/Developer/Toolchains/XcodeDefault.xctoolchain/usr/bin/swiftc -module-name AGC -Onone @/tmp/lm-enclosure-validation/build/DerivedData/Build/Intermediates.noindex/AGC.build/Debug-xrsimulator/AGC.build/Objects-normal/arm64/AGC.SwiftFileList -DSWIFT_PACKAGE -DDEBUG -DSWIFT_MODULE_RESOURCE_BUNDLE_UNAVAILABLE -DXcode -plugin-path /Applications/Xcode-26.6.0.app/Contents/Developer/Toolchains/XcodeDefault.xctoolchain/usr/lib/swift/host/plugins/testing -enable-experimental-feature DebugDescriptionMacro -sdk /Applications/Xcode-26.6.0.app/Contents/Developer/Platforms/XRSimulator.platform/Developer/SDKs/XRSimulator26.5.sdk -target arm64-apple-xros1.0-simulator -g -module-cache-path /tmp/lm-enclosure-validation/build/DerivedData/ModuleCache.noindex -Xfrontend -serialize-debugging-options -profile-coverage-mapping -profile-generate -enable-testing -suppress-warnings -index-store-path /tmp/lm-enclosure-validation/build/DerivedData/Index.noindex/DataStore -Xcc -D_LIBCPP_HARDENING_MODE\=_LIBCPP_HARDENING_MODE_DEBUG -swift-version 6 -I /tmp/lm-enclosure-validation/build/DerivedData/Build/Products/Debug-xrsimulator -Isystem /Applications/Xcode-26.6.0.app/Contents/Developer/Platforms/XRSimulator.platform/Developer/usr/lib -F /tmp/lm-enclosure-validation/build/DerivedData/Build/Products/Debug-xrsimulator -F /Applications/Xcode-26.6.0.app/Contents/Developer/Platforms/XRSimulator.platform/Developer/Library/Frameworks -F /Applications/Xcode-26.6.0.app/Contents/Developer/Platforms/XRSimulator.platform/Developer/SDKs/XRSimulator26.5.sdk/Developer/Library/Frameworks -c -j18 -enable-batch-mode -incremental -Xcc -ivfsstatcache -Xcc /tmp/lm-enclosure-validation/build/DerivedData/SDKStatCaches.noindex/xrsimulator26.5-23O469-688ef53f1462e2c8f657fdc38a81448f05f5f2c4c85e58a13fa9f64b8b5e08f4.sdkstatcache -output-file-map /tmp/lm-enclosure-validation/build/DerivedData/Build/Intermediates.noindex/AGC.build/Debug-xrsimulator/AGC.build/Objects-normal/arm64/AGC-OutputFileMap.json -use-frontend-parseable-output -save-temps -no-color-diagnostics -explicit-module-build -module-cache-path /tmp/lm-enclosure-validation/build/DerivedData/Build/Intermediates.noindex/SwiftExplicitPrecompiledModules -clang-scanner-module-cache-path /tmp/lm-enclosure-validation/build/DerivedData/ModuleCache.noindex -sdk-module-cache-path /tmp/lm-enclosure-validation/build/DerivedData/ModuleCache.noindex -serialize-diagnostics -emit-dependencies -emit-module -emit-module-path /tmp/lm-enclosure-validation/build/DerivedData/Build/Intermediates.noindex/AGC.build/Debug-xrsimulator/AGC.build/Objects-normal/arm64/AGC.swiftmodule -validate-clang-modules-once -clang-build-session-file /tmp/lm-enclosure-validation/build/DerivedData/ModuleCache.noindex/Session.modulevalidation -package-name agc -Xcc -I/tmp/lm-enclosure-validation/build/DerivedData/Build/Intermediates.noindex/AGC.build/Debug-xrsimulator/AGC.build/swift-overrides.hmap -emit-const-values -Xfrontend -const-gather-protocols-file -Xfrontend /tmp/lm-enclosure-validation/build/DerivedData/Build/Intermediates.noindex/AGC.build/Debug-xrsimulator/AGC.build/Objects-normal/arm64/AGC_const_extract_protocols.json -Xcc -I/tmp/lm-enclosure-validation/build/DerivedData/Build/Products/Debug-xrsimulator/include -Xcc -I/tmp/lm-enclosure-validation/build/DerivedData/Build/Intermediates.noindex/AGC.build/Debug-xrsimulator/AGC.build/DerivedSources-normal/arm64 -Xcc -I/tmp/lm-enclosure-validation/build/DerivedData/Build/Intermediates.noindex/AGC.build/Debug-xrsimulator/AGC.build/DerivedSources/arm64 -Xcc -I/tmp/lm-enclosure-validation/build/DerivedData/Build/Intermediates.noindex/AGC.build/Debug-xrsimulator/AGC.build/DerivedSources -Xcc -DSWIFT_PACKAGE -Xcc -DDEBUG\=1 -emit-objc-header -emit-objc-header-path /tmp/lm-enclosure-validation/build/DerivedData/Build/Intermediates.noindex/AGC.build/Debug-xrsimulator/AGC.build/Objects-normal/arm64/AGC-Swift.h -working-directory /tmp/lm-enclosure-validation/LM/LM.xcodeproj -experimental-emit-module-separately -disable-cmo

SwiftDriver LMKit normal arm64 com.apple.xcode.tools.swift.compiler (in target 'LMKit' from project 'LMKit')
    cd /tmp/lm-enclosure-validation/LM/LM.xcodeproj
    builtin-SwiftDriver -- /Applications/Xcode-26.6.0.app/Contents/Developer/Toolchains/XcodeDefault.xctoolchain/usr/bin/swiftc -module-name LMKit -Onone @/tmp/lm-enclosure-validation/build/DerivedData/Build/Intermediates.noindex/LMKit.build/Debug-xrsimulator/LMKit.build/Objects-normal/arm64/LMKit.SwiftFileList -DSWIFT_PACKAGE -DDEBUG -DSWIFT_MODULE_RESOURCE_BUNDLE_AVAILABLE -DXcode -plugin-path /Applications/Xcode-26.6.0.app/Contents/Developer/Toolchains/XcodeDefault.xctoolchain/usr/lib/swift/host/plugins/testing -enable-experimental-feature DebugDescriptionMacro -sdk /Applications/Xcode-26.6.0.app/Contents/Developer/Platforms/XRSimulator.platform/Developer/SDKs/XRSimulator26.5.sdk -target arm64-apple-xros2.0-simulator -g -module-cache-path /tmp/lm-enclosure-validation/build/DerivedData/ModuleCache.noindex -Xfrontend -serialize-debugging-options -profile-coverage-mapping -profile-generate -enable-testing -suppress-warnings -index-store-path /tmp/lm-enclosure-validation/build/DerivedData/Index.noindex/DataStore -Xcc -D_LIBCPP_HARDENING_MODE\=_LIBCPP_HARDENING_MODE_DEBUG -swift-version 6 -I /tmp/lm-enclosure-validation/build/DerivedData/Build/Products/Debug-xrsimulator -Isystem /Applications/Xcode-26.6.0.app/Contents/Developer/Platforms/XRSimulator.platform/Developer/usr/lib -F /tmp/lm-enclosure-validation/build/DerivedData/Build/Products/Debug-xrsimulator -F /Applications/Xcode-26.6.0.app/Contents/Developer/Platforms/XRSimulator.platform/Developer/Library/Frameworks -F /Applications/Xcode-26.6.0.app/Contents/Developer/Platforms/XRSimulator.platform/Developer/SDKs/XRSimulator26.5.sdk/Developer/Library/Frameworks -c -j18 -enable-batch-mode -incremental -Xcc -ivfsstatcache -Xcc /tmp/lm-enclosure-validation/build/DerivedData/SDKStatCaches.noindex/xrsimulator26.5-23O469-688ef53f1462e2c8f657fdc38a81448f05f5f2c4c85e58a13fa9f64b8b5e08f4.sdkstatcache -output-file-map /tmp/lm-enclosure-validation/build/DerivedData/Build/Intermediates.noindex/LMKit.build/Debug-xrsimulator/LMKit.build/Objects-normal/arm64/LMKit-OutputFileMap.json -use-frontend-parseable-output -save-temps -no-color-diagnostics -explicit-module-build -module-cache-path /tmp/lm-enclosure-validation/build/DerivedData/Build/Intermediates.noindex/SwiftExplicitPrecompiledModules -clang-scanner-module-cache-path /tmp/lm-enclosure-validation/build/DerivedData/ModuleCache.noindex -sdk-module-cache-path /tmp/lm-enclosure-validation/build/DerivedData/ModuleCache.noindex -serialize-diagnostics -emit-dependencies -emit-module -emit-module-path /tmp/lm-enclosure-validation/build/DerivedData/Build/Intermediates.noindex/LMKit.build/Debug-xrsimulator/LMKit.build/Objects-normal/arm64/LMKit.swiftmodule -validate-clang-modules-once -clang-build-session-file /tmp/lm-enclosure-validation/build/DerivedData/ModuleCache.noindex/Session.modulevalidation -package-name lmkit -Xcc -I/tmp/lm-enclosure-validation/build/DerivedData/Build/Intermediates.noindex/LMKit.build/Debug-xrsimulator/LMKit.build/swift-overrides.hmap -emit-const-values -Xfrontend -const-gather-protocols-file -Xfrontend /tmp/lm-enclosure-validation/build/DerivedData/Build/Intermediates.noindex/LMKit.build/Debug-xrsimulator/LMKit.build/Objects-normal/arm64/LMKit_const_extract_protocols.json -Xcc -I/tmp/lm-enclosure-validation/build/DerivedData/Build/Products/Debug-xrsimulator/include -Xcc -I/tmp/lm-enclosure-validation/build/DerivedData/Build/Intermediates.noindex/LMKit.build/Debug-xrsimulator/LMKit.build/DerivedSources-normal/arm64 -Xcc -I/tmp/lm-enclosure-validation/build/DerivedData/Build/Intermediates.noindex/LMKit.build/Debug-xrsimulator/LMKit.build/DerivedSources/arm64 -Xcc -I/tmp/lm-enclosure-validation/build/DerivedData/Build/Intermediates.noindex/LMKit.build/Debug-xrsimulator/LMKit.build/DerivedSources -Xcc -DSWIFT_PACKAGE -Xcc -DDEBUG\=1 -emit-objc-header -emit-objc-header-path /tmp/lm-enclosure-validation/build/DerivedData/Build/Intermediates.noindex/LMKit.build/Debug-xrsimulator/LMKit.build/Objects-normal/arm64/LMKit-Swift.h -working-directory /tmp/lm-enclosure-validation/LM/LM.xcodeproj -experimental-emit-module-separately -disable-cmo

SwiftDriver LMKit normal x86_64 com.apple.xcode.tools.swift.compiler (in target 'LMKit' from project 'LMKit')
    cd /tmp/lm-enclosure-validation/LM/LM.xcodeproj
    builtin-SwiftDriver -- /Applications/Xcode-26.6.0.app/Contents/Developer/Toolchains/XcodeDefault.xctoolchain/usr/bin/swiftc -module-name LMKit -Onone @/tmp/lm-enclosure-validation/build/DerivedData/Build/Intermediates.noindex/LMKit.build/Debug-xrsimulator/LMKit.build/Objects-normal/x86_64/LMKit.SwiftFileList -DSWIFT_PACKAGE -DDEBUG -DSWIFT_MODULE_RESOURCE_BUNDLE_AVAILABLE -DXcode -plugin-path /Applications/Xcode-26.6.0.app/Contents/Developer/Toolchains/XcodeDefault.xctoolchain/usr/lib/swift/host/plugins/testing -enable-experimental-feature DebugDescriptionMacro -sdk /Applications/Xcode-26.6.0.app/Contents/Developer/Platforms/XRSimulator.platform/Developer/SDKs/XRSimulator26.5.sdk -target x86_64-apple-xros2.0-simulator -g -module-cache-path /tmp/lm-enclosure-validation/build/DerivedData/ModuleCache.noindex -Xfrontend -serialize-debugging-options -profile-coverage-mapping -profile-generate -enable-testing -suppress-warnings -index-store-path /tmp/lm-enclosure-validation/build/DerivedData/Index.noindex/DataStore -Xcc -D_LIBCPP_HARDENING_MODE\=_LIBCPP_HARDENING_MODE_DEBUG -swift-version 6 -I /tmp/lm-enclosure-validation/build/DerivedData/Build/Products/Debug-xrsimulator -Isystem /Applications/Xcode-26.6.0.app/Contents/Developer/Platforms/XRSimulator.platform/Developer/usr/lib -F /tmp/lm-enclosure-validation/build/DerivedData/Build/Products/Debug-xrsimulator -F /Applications/Xcode-26.6.0.app/Contents/Developer/Platforms/XRSimulator.platform/Developer/Library/Frameworks -F /Applications/Xcode-26.6.0.app/Contents/Developer/Platforms/XRSimulator.platform/Developer/SDKs/XRSimulator26.5.sdk/Developer/Library/Frameworks -c -j18 -enable-batch-mode -incremental -Xcc -ivfsstatcache -Xcc /tmp/lm-enclosure-validation/build/DerivedData/SDKStatCaches.noindex/xrsimulator26.5-23O469-688ef53f1462e2c8f657fdc38a81448f05f5f2c4c85e58a13fa9f64b8b5e08f4.sdkstatcache -output-file-map /tmp/lm-enclosure-validation/build/DerivedData/Build/Intermediates.noindex/LMKit.build/Debug-xrsimulator/LMKit.build/Objects-normal/x86_64/LMKit-OutputFileMap.json -use-frontend-parseable-output -save-temps -no-color-diagnostics -explicit-module-build -module-cache-path /tmp/lm-enclosure-validation/build/DerivedData/Build/Intermediates.noindex/SwiftExplicitPrecompiledModules -clang-scanner-module-cache-path /tmp/lm-enclosure-validation/build/DerivedData/ModuleCache.noindex -sdk-module-cache-path /tmp/lm-enclosure-validation/build/DerivedData/ModuleCache.noindex -serialize-diagnostics -emit-dependencies -emit-module -emit-module-path /tmp/lm-enclosure-validation/build/DerivedData/Build/Intermediates.noindex/LMKit.build/Debug-xrsimulator/LMKit.build/Objects-normal/x86_64/LMKit.swiftmodule -validate-clang-modules-once -clang-build-session-file /tmp/lm-enclosure-validation/build/DerivedData/ModuleCache.noindex/Session.modulevalidation -package-name lmkit -Xcc -I/tmp/lm-enclosure-validation/build/DerivedData/Build/Intermediates.noindex/LMKit.build/Debug-xrsimulator/LMKit.build/swift-overrides.hmap -emit-const-values -Xfrontend -const-gather-protocols-file -Xfrontend /tmp/lm-enclosure-validation/build/DerivedData/Build/Intermediates.noindex/LMKit.build/Debug-xrsimulator/LMKit.build/Objects-normal/x86_64/LMKit_const_extract_protocols.json -Xcc -I/tmp/lm-enclosure-validation/build/DerivedData/Build/Products/Debug-xrsimulator/include -Xcc -I/tmp/lm-enclosure-validation/build/DerivedData/Build/Intermediates.noindex/LMKit.build/Debug-xrsimulator/LMKit.build/DerivedSources-normal/x86_64 -Xcc -I/tmp/lm-enclosure-validation/build/DerivedData/Build/Intermediates.noindex/LMKit.build/Debug-xrsimulator/LMKit.build/DerivedSources/x86_64 -Xcc -I/tmp/lm-enclosure-validation/build/DerivedData/Build/Intermediates.noindex/LMKit.build/Debug-xrsimulator/LMKit.build/DerivedSources -Xcc -DSWIFT_PACKAGE -Xcc -DDEBUG\=1 -emit-objc-header -emit-objc-header-path /tmp/lm-enclosure-validation/build/DerivedData/Build/Intermediates.noindex/LMKit.build/Debug-xrsimulator/LMKit.build/Objects-normal/x86_64/LMKit-Swift.h -working-directory /tmp/lm-enclosure-validation/LM/LM.xcodeproj -experimental-emit-module-separately -disable-cmo

SwiftDriver AGC normal x86_64 com.apple.xcode.tools.swift.compiler (in target 'AGC' from project 'AGC')
    cd /tmp/lm-enclosure-validation/LM/LM.xcodeproj
    builtin-SwiftDriver -- /Applications/Xcode-26.6.0.app/Contents/Developer/Toolchains/XcodeDefault.xctoolchain/usr/bin/swiftc -module-name AGC -Onone @/tmp/lm-enclosure-validation/build/DerivedData/Build/Intermediates.noindex/AGC.build/Debug-xrsimulator/AGC.build/Objects-normal/x86_64/AGC.SwiftFileList -DSWIFT_PACKAGE -DDEBUG -DSWIFT_MODULE_RESOURCE_BUNDLE_UNAVAILABLE -DXcode -plugin-path /Applications/Xcode-26.6.0.app/Contents/Developer/Toolchains/XcodeDefault.xctoolchain/usr/lib/swift/host/plugins/testing -enable-experimental-feature DebugDescriptionMacro -sdk /Applications/Xcode-26.6.0.app/Contents/Developer/Platforms/XRSimulator.platform/Developer/SDKs/XRSimulator26.5.sdk -target x86_64-apple-xros1.0-simulator -g -module-cache-path /tmp/lm-enclosure-validation/build/DerivedData/ModuleCache.noindex -Xfrontend -serialize-debugging-options -profile-coverage-mapping -profile-generate -enable-testing -suppress-warnings -index-store-path /tmp/lm-enclosure-validation/build/DerivedData/Index.noindex/DataStore -Xcc -D_LIBCPP_HARDENING_MODE\=_LIBCPP_HARDENING_MODE_DEBUG -swift-version 6 -I /tmp/lm-enclosure-validation/build/DerivedData/Build/Products/Debug-xrsimulator -Isystem /Applications/Xcode-26.6.0.app/Contents/Developer/Platforms/XRSimulator.platform/Developer/usr/lib -F /tmp/lm-enclosure-validation/build/DerivedData/Build/Products/Debug-xrsimulator -F /Applications/Xcode-26.6.0.app/Contents/Developer/Platforms/XRSimulator.platform/Developer/Library/Frameworks -F /Applications/Xcode-26.6.0.app/Contents/Developer/Platforms/XRSimulator.platform/Developer/SDKs/XRSimulator26.5.sdk/Developer/Library/Frameworks -c -j18 -enable-batch-mode -incremental -Xcc -ivfsstatcache -Xcc /tmp/lm-enclosure-validation/build/DerivedData/SDKStatCaches.noindex/xrsimulator26.5-23O469-688ef53f1462e2c8f657fdc38a81448f05f5f2c4c85e58a13fa9f64b8b5e08f4.sdkstatcache -output-file-map /tmp/lm-enclosure-validation/build/DerivedData/Build/Intermediates.noindex/AGC.build/Debug-xrsimulator/AGC.build/Objects-normal/x86_64/AGC-OutputFileMap.json -use-frontend-parseable-output -save-temps -no-color-diagnostics -explicit-module-build -module-cache-path /tmp/lm-enclosure-validation/build/DerivedData/Build/Intermediates.noindex/SwiftExplicitPrecompiledModules -clang-scanner-module-cache-path /tmp/lm-enclosure-validation/build/DerivedData/ModuleCache.noindex -sdk-module-cache-path /tmp/lm-enclosure-validation/build/DerivedData/ModuleCache.noindex -serialize-diagnostics -emit-dependencies -emit-module -emit-module-path /tmp/lm-enclosure-validation/build/DerivedData/Build/Intermediates.noindex/AGC.build/Debug-xrsimulator/AGC.build/Objects-normal/x86_64/AGC.swiftmodule -validate-clang-modules-once -clang-build-session-file /tmp/lm-enclosure-validation/build/DerivedData/ModuleCache.noindex/Session.modulevalidation -package-name agc -Xcc -I/tmp/lm-enclosure-validation/build/DerivedData/Build/Intermediates.noindex/AGC.build/Debug-xrsimulator/AGC.build/swift-overrides.hmap -emit-const-values -Xfrontend -const-gather-protocols-file -Xfrontend /tmp/lm-enclosure-validation/build/DerivedData/Build/Intermediates.noindex/AGC.build/Debug-xrsimulator/AGC.build/Objects-normal/x86_64/AGC_const_extract_protocols.json -Xcc -I/tmp/lm-enclosure-validation/build/DerivedData/Build/Products/Debug-xrsimulator/include -Xcc -I/tmp/lm-enclosure-validation/build/DerivedData/Build/Intermediates.noindex/AGC.build/Debug-xrsimulator/AGC.build/DerivedSources-normal/x86_64 -Xcc -I/tmp/lm-enclosure-validation/build/DerivedData/Build/Intermediates.noindex/AGC.build/Debug-xrsimulator/AGC.build/DerivedSources/x86_64 -Xcc -I/tmp/lm-enclosure-validation/build/DerivedData/Build/Intermediates.noindex/AGC.build/Debug-xrsimulator/AGC.build/DerivedSources -Xcc -DSWIFT_PACKAGE -Xcc -DDEBUG\=1 -emit-objc-header -emit-objc-header-path /tmp/lm-enclosure-validation/build/DerivedData/Build/Intermediates.noindex/AGC.build/Debug-xrsimulator/AGC.build/Objects-normal/x86_64/AGC-Swift.h -working-directory /tmp/lm-enclosure-validation/LM/LM.xcodeproj -experimental-emit-module-separately -disable-cmo

SwiftDriver\ Compilation LMKit normal arm64 com.apple.xcode.tools.swift.compiler (in target 'LMKit' from project 'LMKit')
    cd /tmp/lm-enclosure-validation/LM/LM.xcodeproj
    builtin-Swift-Compilation -- /Applications/Xcode-26.6.0.app/Contents/Developer/Toolchains/XcodeDefault.xctoolchain/usr/bin/swiftc -module-name LMKit -Onone @/tmp/lm-enclosure-validation/build/DerivedData/Build/Intermediates.noindex/LMKit.build/Debug-xrsimulator/LMKit.build/Objects-normal/arm64/LMKit.SwiftFileList -DSWIFT_PACKAGE -DDEBUG -DSWIFT_MODULE_RESOURCE_BUNDLE_AVAILABLE -DXcode -plugin-path /Applications/Xcode-26.6.0.app/Contents/Developer/Toolchains/XcodeDefault.xctoolchain/usr/lib/swift/host/plugins/testing -enable-experimental-feature DebugDescriptionMacro -sdk /Applications/Xcode-26.6.0.app/Contents/Developer/Platforms/XRSimulator.platform/Developer/SDKs/XRSimulator26.5.sdk -target arm64-apple-xros2.0-simulator -g -module-cache-path /tmp/lm-enclosure-validation/build/DerivedData/ModuleCache.noindex -Xfrontend -serialize-debugging-options -profile-coverage-mapping -profile-generate -enable-testing -suppress-warnings -index-store-path /tmp/lm-enclosure-validation/build/DerivedData/Index.noindex/DataStore -Xcc -D_LIBCPP_HARDENING_MODE\=_LIBCPP_HARDENING_MODE_DEBUG -swift-version 6 -I /tmp/lm-enclosure-validation/build/DerivedData/Build/Products/Debug-xrsimulator -Isystem /Applications/Xcode-26.6.0.app/Contents/Developer/Platforms/XRSimulator.platform/Developer/usr/lib -F /tmp/lm-enclosure-validation/build/DerivedData/Build/Products/Debug-xrsimulator -F /Applications/Xcode-26.6.0.app/Contents/Developer/Platforms/XRSimulator.platform/Developer/Library/Frameworks -F /Applications/Xcode-26.6.0.app/Contents/Developer/Platforms/XRSimulator.platform/Developer/SDKs/XRSimulator26.5.sdk/Developer/Library/Frameworks -c -j18 -enable-batch-mode -incremental -Xcc -ivfsstatcache -Xcc /tmp/lm-enclosure-validation/build/DerivedData/SDKStatCaches.noindex/xrsimulator26.5-23O469-688ef53f1462e2c8f657fdc38a81448f05f5f2c4c85e58a13fa9f64b8b5e08f4.sdkstatcache -output-file-map /tmp/lm-enclosure-validation/build/DerivedData/Build/Intermediates.noindex/LMKit.build/Debug-xrsimulator/LMKit.build/Objects-normal/arm64/LMKit-OutputFileMap.json -use-frontend-parseable-output -save-temps -no-color-diagnostics -explicit-module-build -module-cache-path /tmp/lm-enclosure-validation/build/DerivedData/Build/Intermediates.noindex/SwiftExplicitPrecompiledModules -clang-scanner-module-cache-path /tmp/lm-enclosure-validation/build/DerivedData/ModuleCache.noindex -sdk-module-cache-path /tmp/lm-enclosure-validation/build/DerivedData/ModuleCache.noindex -serialize-diagnostics -emit-dependencies -emit-module -emit-module-path /tmp/lm-enclosure-validation/build/DerivedData/Build/Intermediates.noindex/LMKit.build/Debug-xrsimulator/LMKit.build/Objects-normal/arm64/LMKit.swiftmodule -validate-clang-modules-once -clang-build-session-file /tmp/lm-enclosure-validation/build/DerivedData/ModuleCache.noindex/Session.modulevalidation -package-name lmkit -Xcc -I/tmp/lm-enclosure-validation/build/DerivedData/Build/Intermediates.noindex/LMKit.build/Debug-xrsimulator/LMKit.build/swift-overrides.hmap -emit-const-values -Xfrontend -const-gather-protocols-file -Xfrontend /tmp/lm-enclosure-validation/build/DerivedData/Build/Intermediates.noindex/LMKit.build/Debug-xrsimulator/LMKit.build/Objects-normal/arm64/LMKit_const_extract_protocols.json -Xcc -I/tmp/lm-enclosure-validation/build/DerivedData/Build/Products/Debug-xrsimulator/include -Xcc -I/tmp/lm-enclosure-validation/build/DerivedData/Build/Intermediates.noindex/LMKit.build/Debug-xrsimulator/LMKit.build/DerivedSources-normal/arm64 -Xcc -I/tmp/lm-enclosure-validation/build/DerivedData/Build/Intermediates.noindex/LMKit.build/Debug-xrsimulator/LMKit.build/DerivedSources/arm64 -Xcc -I/tmp/lm-enclosure-validation/build/DerivedData/Build/Intermediates.noindex/LMKit.build/Debug-xrsimulator/LMKit.build/DerivedSources -Xcc -DSWIFT_PACKAGE -Xcc -DDEBUG\=1 -emit-objc-header -emit-objc-header-path /tmp/lm-enclosure-validation/build/DerivedData/Build/Intermediates.noindex/LMKit.build/Debug-xrsimulator/LMKit.build/Objects-normal/arm64/LMKit-Swift.h -working-directory /tmp/lm-enclosure-validation/LM/LM.xcodeproj -experimental-emit-module-separately -disable-cmo

SwiftDriver\ Compilation\ Requirements LMKit normal arm64 com.apple.xcode.tools.swift.compiler (in target 'LMKit' from project 'LMKit')
    cd /tmp/lm-enclosure-validation/LM/LM.xcodeproj
    builtin-Swift-Compilation-Requirements -- /Applications/Xcode-26.6.0.app/Contents/Developer/Toolchains/XcodeDefault.xctoolchain/usr/bin/swiftc -module-name LMKit -Onone @/tmp/lm-enclosure-validation/build/DerivedData/Build/Intermediates.noindex/LMKit.build/Debug-xrsimulator/LMKit.build/Objects-normal/arm64/LMKit.SwiftFileList -DSWIFT_PACKAGE -DDEBUG -DSWIFT_MODULE_RESOURCE_BUNDLE_AVAILABLE -DXcode -plugin-path /Applications/Xcode-26.6.0.app/Contents/Developer/Toolchains/XcodeDefault.xctoolchain/usr/lib/swift/host/plugins/testing -enable-experimental-feature DebugDescriptionMacro -sdk /Applications/Xcode-26.6.0.app/Contents/Developer/Platforms/XRSimulator.platform/Developer/SDKs/XRSimulator26.5.sdk -target arm64-apple-xros2.0-simulator -g -module-cache-path /tmp/lm-enclosure-validation/build/DerivedData/ModuleCache.noindex -Xfrontend -serialize-debugging-options -profile-coverage-mapping -profile-generate -enable-testing -suppress-warnings -index-store-path /tmp/lm-enclosure-validation/build/DerivedData/Index.noindex/DataStore -Xcc -D_LIBCPP_HARDENING_MODE\=_LIBCPP_HARDENING_MODE_DEBUG -swift-version 6 -I /tmp/lm-enclosure-validation/build/DerivedData/Build/Products/Debug-xrsimulator -Isystem /Applications/Xcode-26.6.0.app/Contents/Developer/Platforms/XRSimulator.platform/Developer/usr/lib -F /tmp/lm-enclosure-validation/build/DerivedData/Build/Products/Debug-xrsimulator -F /Applications/Xcode-26.6.0.app/Contents/Developer/Platforms/XRSimulator.platform/Developer/Library/Frameworks -F /Applications/Xcode-26.6.0.app/Contents/Developer/Platforms/XRSimulator.platform/Developer/SDKs/XRSimulator26.5.sdk/Developer/Library/Frameworks -c -j18 -enable-batch-mode -incremental -Xcc -ivfsstatcache -Xcc /tmp/lm-enclosure-validation/build/DerivedData/SDKStatCaches.noindex/xrsimulator26.5-23O469-688ef53f1462e2c8f657fdc38a81448f05f5f2c4c85e58a13fa9f64b8b5e08f4.sdkstatcache -output-file-map /tmp/lm-enclosure-validation/build/DerivedData/Build/Intermediates.noindex/LMKit.build/Debug-xrsimulator/LMKit.build/Objects-normal/arm64/LMKit-OutputFileMap.json -use-frontend-parseable-output -save-temps -no-color-diagnostics -explicit-module-build -module-cache-path /tmp/lm-enclosure-validation/build/DerivedData/Build/Intermediates.noindex/SwiftExplicitPrecompiledModules -clang-scanner-module-cache-path /tmp/lm-enclosure-validation/build/DerivedData/ModuleCache.noindex -sdk-module-cache-path /tmp/lm-enclosure-validation/build/DerivedData/ModuleCache.noindex -serialize-diagnostics -emit-dependencies -emit-module -emit-module-path /tmp/lm-enclosure-validation/build/DerivedData/Build/Intermediates.noindex/LMKit.build/Debug-xrsimulator/LMKit.build/Objects-normal/arm64/LMKit.swiftmodule -validate-clang-modules-once -clang-build-session-file /tmp/lm-enclosure-validation/build/DerivedData/ModuleCache.noindex/Session.modulevalidation -package-name lmkit -Xcc -I/tmp/lm-enclosure-validation/build/DerivedData/Build/Intermediates.noindex/LMKit.build/Debug-xrsimulator/LMKit.build/swift-overrides.hmap -emit-const-values -Xfrontend -const-gather-protocols-file -Xfrontend /tmp/lm-enclosure-validation/build/DerivedData/Build/Intermediates.noindex/LMKit.build/Debug-xrsimulator/LMKit.build/Objects-normal/arm64/LMKit_const_extract_protocols.json -Xcc -I/tmp/lm-enclosure-validation/build/DerivedData/Build/Products/Debug-xrsimulator/include -Xcc -I/tmp/lm-enclosure-validation/build/DerivedData/Build/Intermediates.noindex/LMKit.build/Debug-xrsimulator/LMKit.build/DerivedSources-normal/arm64 -Xcc -I/tmp/lm-enclosure-validation/build/DerivedData/Build/Intermediates.noindex/LMKit.build/Debug-xrsimulator/LMKit.build/DerivedSources/arm64 -Xcc -I/tmp/lm-enclosure-validation/build/DerivedData/Build/Intermediates.noindex/LMKit.build/Debug-xrsimulator/LMKit.build/DerivedSources -Xcc -DSWIFT_PACKAGE -Xcc -DDEBUG\=1 -emit-objc-header -emit-objc-header-path /tmp/lm-enclosure-validation/build/DerivedData/Build/Intermediates.noindex/LMKit.build/Debug-xrsimulator/LMKit.build/Objects-normal/arm64/LMKit-Swift.h -working-directory /tmp/lm-enclosure-validation/LM/LM.xcodeproj -experimental-emit-module-separately -disable-cmo

Copy /tmp/lm-enclosure-validation/build/DerivedData/Build/Products/Debug-xrsimulator/LMKit.swiftmodule/arm64-apple-xros-simulator.swiftmodule /tmp/lm-enclosure-validation/build/DerivedData/Build/Intermediates.noindex/LMKit.build/Debug-xrsimulator/LMKit.build/Objects-normal/arm64/LMKit.swiftmodule (in target 'LMKit' from project 'LMKit')
    cd /tmp/lm-enclosure-validation/LMKit
    builtin-copy -exclude .DS_Store -exclude CVS -exclude .svn -exclude .git -exclude .hg -resolve-src-symlinks -rename /tmp/lm-enclosure-validation/build/DerivedData/Build/Intermediates.noindex/LMKit.build/Debug-xrsimulator/LMKit.build/Objects-normal/arm64/LMKit.swiftmodule /tmp/lm-enclosure-validation/build/DerivedData/Build/Products/Debug-xrsimulator/LMKit.swiftmodule/arm64-apple-xros-simulator.swiftmodule

Copy /tmp/lm-enclosure-validation/build/DerivedData/Build/Products/Debug-xrsimulator/LMKit.swiftmodule/arm64-apple-xros-simulator.swiftdoc /tmp/lm-enclosure-validation/build/DerivedData/Build/Intermediates.noindex/LMKit.build/Debug-xrsimulator/LMKit.build/Objects-normal/arm64/LMKit.swiftdoc (in target 'LMKit' from project 'LMKit')
    cd /tmp/lm-enclosure-validation/LMKit
    builtin-copy -exclude .DS_Store -exclude CVS -exclude .svn -exclude .git -exclude .hg -resolve-src-symlinks -rename /tmp/lm-enclosure-validation/build/DerivedData/Build/Intermediates.noindex/LMKit.build/Debug-xrsimulator/LMKit.build/Objects-normal/arm64/LMKit.swiftdoc /tmp/lm-enclosure-validation/build/DerivedData/Build/Products/Debug-xrsimulator/LMKit.swiftmodule/arm64-apple-xros-simulator.swiftdoc

Copy /tmp/lm-enclosure-validation/build/DerivedData/Build/Products/Debug-xrsimulator/LMKit.swiftmodule/arm64-apple-xros-simulator.abi.json /tmp/lm-enclosure-validation/build/DerivedData/Build/Intermediates.noindex/LMKit.build/Debug-xrsimulator/LMKit.build/Objects-normal/arm64/LMKit.abi.json (in target 'LMKit' from project 'LMKit')
    cd /tmp/lm-enclosure-validation/LMKit
    builtin-copy -exclude .DS_Store -exclude CVS -exclude .svn -exclude .git -exclude .hg -resolve-src-symlinks -rename /tmp/lm-enclosure-validation/build/DerivedData/Build/Intermediates.noindex/LMKit.build/Debug-xrsimulator/LMKit.build/Objects-normal/arm64/LMKit.abi.json /tmp/lm-enclosure-validation/build/DerivedData/Build/Products/Debug-xrsimulator/LMKit.swiftmodule/arm64-apple-xros-simulator.abi.json

Copy /tmp/lm-enclosure-validation/build/DerivedData/Build/Products/Debug-xrsimulator/LMKit.swiftmodule/Project/arm64-apple-xros-simulator.swiftsourceinfo /tmp/lm-enclosure-validation/build/DerivedData/Build/Intermediates.noindex/LMKit.build/Debug-xrsimulator/LMKit.build/Objects-normal/arm64/LMKit.swiftsourceinfo (in target 'LMKit' from project 'LMKit')
    cd /tmp/lm-enclosure-validation/LMKit
    builtin-copy -exclude .DS_Store -exclude CVS -exclude .svn -exclude .git -exclude .hg -resolve-src-symlinks -rename /tmp/lm-enclosure-validation/build/DerivedData/Build/Intermediates.noindex/LMKit.build/Debug-xrsimulator/LMKit.build/Objects-normal/arm64/LMKit.swiftsourceinfo /tmp/lm-enclosure-validation/build/DerivedData/Build/Products/Debug-xrsimulator/LMKit.swiftmodule/Project/arm64-apple-xros-simulator.swiftsourceinfo

SwiftDriver\ Compilation\ Requirements AGC normal arm64 com.apple.xcode.tools.swift.compiler (in target 'AGC' from project 'AGC')
    cd /tmp/lm-enclosure-validation/LM/LM.xcodeproj
    builtin-Swift-Compilation-Requirements -- /Applications/Xcode-26.6.0.app/Contents/Developer/Toolchains/XcodeDefault.xctoolchain/usr/bin/swiftc -module-name AGC -Onone @/tmp/lm-enclosure-validation/build/DerivedData/Build/Intermediates.noindex/AGC.build/Debug-xrsimulator/AGC.build/Objects-normal/arm64/AGC.SwiftFileList -DSWIFT_PACKAGE -DDEBUG -DSWIFT_MODULE_RESOURCE_BUNDLE_UNAVAILABLE -DXcode -plugin-path /Applications/Xcode-26.6.0.app/Contents/Developer/Toolchains/XcodeDefault.xctoolchain/usr/lib/swift/host/plugins/testing -enable-experimental-feature DebugDescriptionMacro -sdk /Applications/Xcode-26.6.0.app/Contents/Developer/Platforms/XRSimulator.platform/Developer/SDKs/XRSimulator26.5.sdk -target arm64-apple-xros1.0-simulator -g -module-cache-path /tmp/lm-enclosure-validation/build/DerivedData/ModuleCache.noindex -Xfrontend -serialize-debugging-options -profile-coverage-mapping -profile-generate -enable-testing -suppress-warnings -index-store-path /tmp/lm-enclosure-validation/build/DerivedData/Index.noindex/DataStore -Xcc -D_LIBCPP_HARDENING_MODE\=_LIBCPP_HARDENING_MODE_DEBUG -swift-version 6 -I /tmp/lm-enclosure-validation/build/DerivedData/Build/Products/Debug-xrsimulator -Isystem /Applications/Xcode-26.6.0.app/Contents/Developer/Platforms/XRSimulator.platform/Developer/usr/lib -F /tmp/lm-enclosure-validation/build/DerivedData/Build/Products/Debug-xrsimulator -F /Applications/Xcode-26.6.0.app/Contents/Developer/Platforms/XRSimulator.platform/Developer/Library/Frameworks -F /Applications/Xcode-26.6.0.app/Contents/Developer/Platforms/XRSimulator.platform/Developer/SDKs/XRSimulator26.5.sdk/Developer/Library/Frameworks -c -j18 -enable-batch-mode -incremental -Xcc -ivfsstatcache -Xcc /tmp/lm-enclosure-validation/build/DerivedData/SDKStatCaches.noindex/xrsimulator26.5-23O469-688ef53f1462e2c8f657fdc38a81448f05f5f2c4c85e58a13fa9f64b8b5e08f4.sdkstatcache -output-file-map /tmp/lm-enclosure-validation/build/DerivedData/Build/Intermediates.noindex/AGC.build/Debug-xrsimulator/AGC.build/Objects-normal/arm64/AGC-OutputFileMap.json -use-frontend-parseable-output -save-temps -no-color-diagnostics -explicit-module-build -module-cache-path /tmp/lm-enclosure-validation/build/DerivedData/Build/Intermediates.noindex/SwiftExplicitPrecompiledModules -clang-scanner-module-cache-path /tmp/lm-enclosure-validation/build/DerivedData/ModuleCache.noindex -sdk-module-cache-path /tmp/lm-enclosure-validation/build/DerivedData/ModuleCache.noindex -serialize-diagnostics -emit-dependencies -emit-module -emit-module-path /tmp/lm-enclosure-validation/build/DerivedData/Build/Intermediates.noindex/AGC.build/Debug-xrsimulator/AGC.build/Objects-normal/arm64/AGC.swiftmodule -validate-clang-modules-once -clang-build-session-file /tmp/lm-enclosure-validation/build/DerivedData/ModuleCache.noindex/Session.modulevalidation -package-name agc -Xcc -I/tmp/lm-enclosure-validation/build/DerivedData/Build/Intermediates.noindex/AGC.build/Debug-xrsimulator/AGC.build/swift-overrides.hmap -emit-const-values -Xfrontend -const-gather-protocols-file -Xfrontend /tmp/lm-enclosure-validation/build/DerivedData/Build/Intermediates.noindex/AGC.build/Debug-xrsimulator/AGC.build/Objects-normal/arm64/AGC_const_extract_protocols.json -Xcc -I/tmp/lm-enclosure-validation/build/DerivedData/Build/Products/Debug-xrsimulator/include -Xcc -I/tmp/lm-enclosure-validation/build/DerivedData/Build/Intermediates.noindex/AGC.build/Debug-xrsimulator/AGC.build/DerivedSources-normal/arm64 -Xcc -I/tmp/lm-enclosure-validation/build/DerivedData/Build/Intermediates.noindex/AGC.build/Debug-xrsimulator/AGC.build/DerivedSources/arm64 -Xcc -I/tmp/lm-enclosure-validation/build/DerivedData/Build/Intermediates.noindex/AGC.build/Debug-xrsimulator/AGC.build/DerivedSources -Xcc -DSWIFT_PACKAGE -Xcc -DDEBUG\=1 -emit-objc-header -emit-objc-header-path /tmp/lm-enclosure-validation/build/DerivedData/Build/Intermediates.noindex/AGC.build/Debug-xrsimulator/AGC.build/Objects-normal/arm64/AGC-Swift.h -working-directory /tmp/lm-enclosure-validation/LM/LM.xcodeproj -experimental-emit-module-separately -disable-cmo

SwiftDriver\ Compilation AGC normal arm64 com.apple.xcode.tools.swift.compiler (in target 'AGC' from project 'AGC')
    cd /tmp/lm-enclosure-validation/LM/LM.xcodeproj
    builtin-Swift-Compilation -- /Applications/Xcode-26.6.0.app/Contents/Developer/Toolchains/XcodeDefault.xctoolchain/usr/bin/swiftc -module-name AGC -Onone @/tmp/lm-enclosure-validation/build/DerivedData/Build/Intermediates.noindex/AGC.build/Debug-xrsimulator/AGC.build/Objects-normal/arm64/AGC.SwiftFileList -DSWIFT_PACKAGE -DDEBUG -DSWIFT_MODULE_RESOURCE_BUNDLE_UNAVAILABLE -DXcode -plugin-path /Applications/Xcode-26.6.0.app/Contents/Developer/Toolchains/XcodeDefault.xctoolchain/usr/lib/swift/host/plugins/testing -enable-experimental-feature DebugDescriptionMacro -sdk /Applications/Xcode-26.6.0.app/Contents/Developer/Platforms/XRSimulator.platform/Developer/SDKs/XRSimulator26.5.sdk -target arm64-apple-xros1.0-simulator -g -module-cache-path /tmp/lm-enclosure-validation/build/DerivedData/ModuleCache.noindex -Xfrontend -serialize-debugging-options -profile-coverage-mapping -profile-generate -enable-testing -suppress-warnings -index-store-path /tmp/lm-enclosure-validation/build/DerivedData/Index.noindex/DataStore -Xcc -D_LIBCPP_HARDENING_MODE\=_LIBCPP_HARDENING_MODE_DEBUG -swift-version 6 -I /tmp/lm-enclosure-validation/build/DerivedData/Build/Products/Debug-xrsimulator -Isystem /Applications/Xcode-26.6.0.app/Contents/Developer/Platforms/XRSimulator.platform/Developer/usr/lib -F /tmp/lm-enclosure-validation/build/DerivedData/Build/Products/Debug-xrsimulator -F /Applications/Xcode-26.6.0.app/Contents/Developer/Platforms/XRSimulator.platform/Developer/Library/Frameworks -F /Applications/Xcode-26.6.0.app/Contents/Developer/Platforms/XRSimulator.platform/Developer/SDKs/XRSimulator26.5.sdk/Developer/Library/Frameworks -c -j18 -enable-batch-mode -incremental -Xcc -ivfsstatcache -Xcc /tmp/lm-enclosure-validation/build/DerivedData/SDKStatCaches.noindex/xrsimulator26.5-23O469-688ef53f1462e2c8f657fdc38a81448f05f5f2c4c85e58a13fa9f64b8b5e08f4.sdkstatcache -output-file-map /tmp/lm-enclosure-validation/build/DerivedData/Build/Intermediates.noindex/AGC.build/Debug-xrsimulator/AGC.build/Objects-normal/arm64/AGC-OutputFileMap.json -use-frontend-parseable-output -save-temps -no-color-diagnostics -explicit-module-build -module-cache-path /tmp/lm-enclosure-validation/build/DerivedData/Build/Intermediates.noindex/SwiftExplicitPrecompiledModules -clang-scanner-module-cache-path /tmp/lm-enclosure-validation/build/DerivedData/ModuleCache.noindex -sdk-module-cache-path /tmp/lm-enclosure-validation/build/DerivedData/ModuleCache.noindex -serialize-diagnostics -emit-dependencies -emit-module -emit-module-path /tmp/lm-enclosure-validation/build/DerivedData/Build/Intermediates.noindex/AGC.build/Debug-xrsimulator/AGC.build/Objects-normal/arm64/AGC.swiftmodule -validate-clang-modules-once -clang-build-session-file /tmp/lm-enclosure-validation/build/DerivedData/ModuleCache.noindex/Session.modulevalidation -package-name agc -Xcc -I/tmp/lm-enclosure-validation/build/DerivedData/Build/Intermediates.noindex/AGC.build/Debug-xrsimulator/AGC.build/swift-overrides.hmap -emit-const-values -Xfrontend -const-gather-protocols-file -Xfrontend /tmp/lm-enclosure-validation/build/DerivedData/Build/Intermediates.noindex/AGC.build/Debug-xrsimulator/AGC.build/Objects-normal/arm64/AGC_const_extract_protocols.json -Xcc -I/tmp/lm-enclosure-validation/build/DerivedData/Build/Products/Debug-xrsimulator/include -Xcc -I/tmp/lm-enclosure-validation/build/DerivedData/Build/Intermediates.noindex/AGC.build/Debug-xrsimulator/AGC.build/DerivedSources-normal/arm64 -Xcc -I/tmp/lm-enclosure-validation/build/DerivedData/Build/Intermediates.noindex/AGC.build/Debug-xrsimulator/AGC.build/DerivedSources/arm64 -Xcc -I/tmp/lm-enclosure-validation/build/DerivedData/Build/Intermediates.noindex/AGC.build/Debug-xrsimulator/AGC.build/DerivedSources -Xcc -DSWIFT_PACKAGE -Xcc -DDEBUG\=1 -emit-objc-header -emit-objc-header-path /tmp/lm-enclosure-validation/build/DerivedData/Build/Intermediates.noindex/AGC.build/Debug-xrsimulator/AGC.build/Objects-normal/arm64/AGC-Swift.h -working-directory /tmp/lm-enclosure-validation/LM/LM.xcodeproj -experimental-emit-module-separately -disable-cmo

Copy /tmp/lm-enclosure-validation/build/DerivedData/Build/Products/Debug-xrsimulator/AGC.swiftmodule/arm64-apple-xros-simulator.swiftmodule /tmp/lm-enclosure-validation/build/DerivedData/Build/Intermediates.noindex/AGC.build/Debug-xrsimulator/AGC.build/Objects-normal/arm64/AGC.swiftmodule (in target 'AGC' from project 'AGC')
    cd /tmp/lm-enclosure-validation/AGC
    builtin-copy -exclude .DS_Store -exclude CVS -exclude .svn -exclude .git -exclude .hg -resolve-src-symlinks -rename /tmp/lm-enclosure-validation/build/DerivedData/Build/Intermediates.noindex/AGC.build/Debug-xrsimulator/AGC.build/Objects-normal/arm64/AGC.swiftmodule /tmp/lm-enclosure-validation/build/DerivedData/Build/Products/Debug-xrsimulator/AGC.swiftmodule/arm64-apple-xros-simulator.swiftmodule

Copy /tmp/lm-enclosure-validation/build/DerivedData/Build/Products/Debug-xrsimulator/AGC.swiftmodule/arm64-apple-xros-simulator.swiftdoc /tmp/lm-enclosure-validation/build/DerivedData/Build/Intermediates.noindex/AGC.build/Debug-xrsimulator/AGC.build/Objects-normal/arm64/AGC.swiftdoc (in target 'AGC' from project 'AGC')
    cd /tmp/lm-enclosure-validation/AGC
    builtin-copy -exclude .DS_Store -exclude CVS -exclude .svn -exclude .git -exclude .hg -resolve-src-symlinks -rename /tmp/lm-enclosure-validation/build/DerivedData/Build/Intermediates.noindex/AGC.build/Debug-xrsimulator/AGC.build/Objects-normal/arm64/AGC.swiftdoc /tmp/lm-enclosure-validation/build/DerivedData/Build/Products/Debug-xrsimulator/AGC.swiftmodule/arm64-apple-xros-simulator.swiftdoc

Copy /tmp/lm-enclosure-validation/build/DerivedData/Build/Products/Debug-xrsimulator/AGC.swiftmodule/arm64-apple-xros-simulator.abi.json /tmp/lm-enclosure-validation/build/DerivedData/Build/Intermediates.noindex/AGC.build/Debug-xrsimulator/AGC.build/Objects-normal/arm64/AGC.abi.json (in target 'AGC' from project 'AGC')
    cd /tmp/lm-enclosure-validation/AGC
    builtin-copy -exclude .DS_Store -exclude CVS -exclude .svn -exclude .git -exclude .hg -resolve-src-symlinks -rename /tmp/lm-enclosure-validation/build/DerivedData/Build/Intermediates.noindex/AGC.build/Debug-xrsimulator/AGC.build/Objects-normal/arm64/AGC.abi.json /tmp/lm-enclosure-validation/build/DerivedData/Build/Products/Debug-xrsimulator/AGC.swiftmodule/arm64-apple-xros-simulator.abi.json

Copy /tmp/lm-enclosure-validation/build/DerivedData/Build/Products/Debug-xrsimulator/AGC.swiftmodule/Project/arm64-apple-xros-simulator.swiftsourceinfo /tmp/lm-enclosure-validation/build/DerivedData/Build/Intermediates.noindex/AGC.build/Debug-xrsimulator/AGC.build/Objects-normal/arm64/AGC.swiftsourceinfo (in target 'AGC' from project 'AGC')
    cd /tmp/lm-enclosure-validation/AGC
    builtin-copy -exclude .DS_Store -exclude CVS -exclude .svn -exclude .git -exclude .hg -resolve-src-symlinks -rename /tmp/lm-enclosure-validation/build/DerivedData/Build/Intermediates.noindex/AGC.build/Debug-xrsimulator/AGC.build/Objects-normal/arm64/AGC.swiftsourceinfo /tmp/lm-enclosure-validation/build/DerivedData/Build/Products/Debug-xrsimulator/AGC.swiftmodule/Project/arm64-apple-xros-simulator.swiftsourceinfo

SwiftExplicitDependencyGeneratePcm x86_64 /tmp/lm-enclosure-validation/build/DerivedData/ModuleCache.noindex/ptrauth-7DGK0V9YPDB8ZVLFOANNQHP4A.pcm

SwiftExplicitDependencyGeneratePcm x86_64 /tmp/lm-enclosure-validation/build/DerivedData/ModuleCache.noindex/_SwiftConcurrencyShims-C6ZIGM89WVOPKFGN1G36GO49D.pcm

SwiftExplicitDependencyGeneratePcm x86_64 /tmp/lm-enclosure-validation/build/DerivedData/ModuleCache.noindex/_AvailabilityInternal-2BXJWTRQKCMTYO60CHG4OV6F2.pcm

SwiftExplicitDependencyGeneratePcm x86_64 /tmp/lm-enclosure-validation/build/DerivedData/ModuleCache.noindex/_Builtin_stddef-64W36OZPG5X1LPADG5WRLTKUA.pcm

SwiftExplicitDependencyGeneratePcm x86_64 /tmp/lm-enclosure-validation/build/DerivedData/ModuleCache.noindex/_Builtin_stdbool-8HN76EEN72YUQ3GHKP47VT4RV.pcm

SwiftExplicitDependencyGeneratePcm x86_64 /tmp/lm-enclosure-validation/build/DerivedData/ModuleCache.noindex/_Builtin_float-E1AIJ3LSFNFQ31C9X35FPDKQQ.pcm

SwiftExplicitDependencyGeneratePcm x86_64 /tmp/lm-enclosure-validation/build/DerivedData/ModuleCache.noindex/ptrcheck-1NUTP64JD04LQCQUGBXRA924J.pcm

SwiftExplicitDependencyGeneratePcm x86_64 /tmp/lm-enclosure-validation/build/DerivedData/ModuleCache.noindex/SwiftShims-7QQHQS6K2LAVETCSW4TB59KOS.pcm

SwiftExplicitDependencyGeneratePcm x86_64 /tmp/lm-enclosure-validation/build/DerivedData/ModuleCache.noindex/_Builtin_stdarg-1FG2K8AMUE1TRLP7W8ZNA5KD1.pcm

SwiftExplicitDependencyGeneratePcm x86_64 /tmp/lm-enclosure-validation/build/DerivedData/ModuleCache.noindex/_DarwinFoundation1-EERMTIWT4TP5VGL6HBOZZFU51.pcm

SwiftExplicitDependencyGeneratePcm x86_64 /tmp/lm-enclosure-validation/build/DerivedData/ModuleCache.noindex/_DarwinFoundation2-6PC39VOF6BEMHJL3DW0TSVEZU.pcm

SwiftExplicitDependencyGeneratePcm x86_64 /tmp/lm-enclosure-validation/build/DerivedData/ModuleCache.noindex/_Builtin_limits-3WVTGAQI4DE2G2AIYFEK20NIX.pcm

ProcessInfoPlistFile /tmp/lm-enclosure-validation/build/DerivedData/Build/Products/Debug-xrsimulator/RealityKitContent_RealityKitContent.bundle/Info.plist /tmp/lm-enclosure-validation/build/DerivedData/Build/Intermediates.noindex/RealityKitContent.build/Debug-xrsimulator/RealityKitContent_RealityKitContent.build/empty-RealityKitContent_RealityKitContent.plist (in target 'RealityKitContent_RealityKitContent' from project 'RealityKitContent')
    cd /tmp/lm-enclosure-validation/LM/Packages/RealityKitContent
    builtin-infoPlistUtility /tmp/lm-enclosure-validation/build/DerivedData/Build/Intermediates.noindex/RealityKitContent.build/Debug-xrsimulator/RealityKitContent_RealityKitContent.build/empty-RealityKitContent_RealityKitContent.plist -producttype com.apple.product-type.bundle -expandbuildsettings -format binary -platform xrsimulator -o /tmp/lm-enclosure-validation/build/DerivedData/Build/Products/Debug-xrsimulator/RealityKitContent_RealityKitContent.bundle/Info.plist

SwiftDriver RealityKitContent normal x86_64 com.apple.xcode.tools.swift.compiler (in target 'RealityKitContent' from project 'RealityKitContent')
    cd /tmp/lm-enclosure-validation/LM/LM.xcodeproj
    builtin-SwiftDriver -- /Applications/Xcode-26.6.0.app/Contents/Developer/Toolchains/XcodeDefault.xctoolchain/usr/bin/swiftc -module-name RealityKitContent -Onone @/tmp/lm-enclosure-validation/build/DerivedData/Build/Intermediates.noindex/RealityKitContent.build/Debug-xrsimulator/RealityKitContent.build/Objects-normal/x86_64/RealityKitContent.SwiftFileList -DSWIFT_PACKAGE -DDEBUG -DSWIFT_MODULE_RESOURCE_BUNDLE_AVAILABLE -DXcode -plugin-path /Applications/Xcode-26.6.0.app/Contents/Developer/Toolchains/XcodeDefault.xctoolchain/usr/lib/swift/host/plugins/testing -enable-experimental-feature DebugDescriptionMacro -sdk /Applications/Xcode-26.6.0.app/Contents/Developer/Platforms/XRSimulator.platform/Developer/SDKs/XRSimulator26.5.sdk -target x86_64-apple-xros2.0-simulator -g -module-cache-path /tmp/lm-enclosure-validation/build/DerivedData/ModuleCache.noindex -Xfrontend -serialize-debugging-options -profile-coverage-mapping -profile-generate -enable-testing -index-store-path /tmp/lm-enclosure-validation/build/DerivedData/Index.noindex/DataStore -Xcc -D_LIBCPP_HARDENING_MODE\=_LIBCPP_HARDENING_MODE_DEBUG -swift-version 6 -I /tmp/lm-enclosure-validation/build/DerivedData/Build/Products/Debug-xrsimulator -Isystem /Applications/Xcode-26.6.0.app/Contents/Developer/Platforms/XRSimulator.platform/Developer/usr/lib -F /tmp/lm-enclosure-validation/build/DerivedData/Build/Products/Debug-xrsimulator -F /Applications/Xcode-26.6.0.app/Contents/Developer/Platforms/XRSimulator.platform/Developer/Library/Frameworks -F /Applications/Xcode-26.6.0.app/Contents/Developer/Platforms/XRSimulator.platform/Developer/SDKs/XRSimulator26.5.sdk/Developer/Library/Frameworks -c -j18 -enable-batch-mode -incremental -Xcc -ivfsstatcache -Xcc /tmp/lm-enclosure-validation/build/DerivedData/SDKStatCaches.noindex/xrsimulator26.5-23O469-688ef53f1462e2c8f657fdc38a81448f05f5f2c4c85e58a13fa9f64b8b5e08f4.sdkstatcache -output-file-map /tmp/lm-enclosure-validation/build/DerivedData/Build/Intermediates.noindex/RealityKitContent.build/Debug-xrsimulator/RealityKitContent.build/Objects-normal/x86_64/RealityKitContent-OutputFileMap.json -use-frontend-parseable-output -save-temps -no-color-diagnostics -explicit-module-build -module-cache-path /tmp/lm-enclosure-validation/build/DerivedData/Build/Intermediates.noindex/SwiftExplicitPrecompiledModules -clang-scanner-module-cache-path /tmp/lm-enclosure-validation/build/DerivedData/ModuleCache.noindex -sdk-module-cache-path /tmp/lm-enclosure-validation/build/DerivedData/ModuleCache.noindex -serialize-diagnostics -emit-dependencies -emit-module -emit-module-path /tmp/lm-enclosure-validation/build/DerivedData/Build/Intermediates.noindex/RealityKitContent.build/Debug-xrsimulator/RealityKitContent.build/Objects-normal/x86_64/RealityKitContent.swiftmodule -validate-clang-modules-once -clang-build-session-file /tmp/lm-enclosure-validation/build/DerivedData/ModuleCache.noindex/Session.modulevalidation -package-name realitykitcontent -Xcc -I/tmp/lm-enclosure-validation/build/DerivedData/Build/Intermediates.noindex/RealityKitContent.build/Debug-xrsimulator/RealityKitContent.build/swift-overrides.hmap -emit-const-values -Xfrontend -const-gather-protocols-file -Xfrontend /tmp/lm-enclosure-validation/build/DerivedData/Build/Intermediates.noindex/RealityKitContent.build/Debug-xrsimulator/RealityKitContent.build/Objects-normal/x86_64/RealityKitContent_const_extract_protocols.json -Xcc -I/tmp/lm-enclosure-validation/build/DerivedData/Build/Products/Debug-xrsimulator/include -Xcc -I/tmp/lm-enclosure-validation/build/DerivedData/Build/Intermediates.noindex/RealityKitContent.build/Debug-xrsimulator/RealityKitContent.build/DerivedSources-normal/x86_64 -Xcc -I/tmp/lm-enclosure-validation/build/DerivedData/Build/Intermediates.noindex/RealityKitContent.build/Debug-xrsimulator/RealityKitContent.build/DerivedSources/x86_64 -Xcc -I/tmp/lm-enclosure-validation/build/DerivedData/Build/Intermediates.noindex/RealityKitContent.build/Debug-xrsimulator/RealityKitContent.build/DerivedSources -Xcc -DSWIFT_PACKAGE -Xcc -DDEBUG\=1 -emit-objc-header -emit-objc-header-path /tmp/lm-enclosure-validation/build/DerivedData/Build/Intermediates.noindex/RealityKitContent.build/Debug-xrsimulator/RealityKitContent.build/Objects-normal/x86_64/RealityKitContent-Swift.h -working-directory /tmp/lm-enclosure-validation/LM/LM.xcodeproj -experimental-emit-module-separately -disable-cmo

SwiftDriver RealityKitContent normal arm64 com.apple.xcode.tools.swift.compiler (in target 'RealityKitContent' from project 'RealityKitContent')
    cd /tmp/lm-enclosure-validation/LM/LM.xcodeproj
    builtin-SwiftDriver -- /Applications/Xcode-26.6.0.app/Contents/Developer/Toolchains/XcodeDefault.xctoolchain/usr/bin/swiftc -module-name RealityKitContent -Onone @/tmp/lm-enclosure-validation/build/DerivedData/Build/Intermediates.noindex/RealityKitContent.build/Debug-xrsimulator/RealityKitContent.build/Objects-normal/arm64/RealityKitContent.SwiftFileList -DSWIFT_PACKAGE -DDEBUG -DSWIFT_MODULE_RESOURCE_BUNDLE_AVAILABLE -DXcode -plugin-path /Applications/Xcode-26.6.0.app/Contents/Developer/Toolchains/XcodeDefault.xctoolchain/usr/lib/swift/host/plugins/testing -enable-experimental-feature DebugDescriptionMacro -sdk /Applications/Xcode-26.6.0.app/Contents/Developer/Platforms/XRSimulator.platform/Developer/SDKs/XRSimulator26.5.sdk -target arm64-apple-xros2.0-simulator -g -module-cache-path /tmp/lm-enclosure-validation/build/DerivedData/ModuleCache.noindex -Xfrontend -serialize-debugging-options -profile-coverage-mapping -profile-generate -enable-testing -index-store-path /tmp/lm-enclosure-validation/build/DerivedData/Index.noindex/DataStore -Xcc -D_LIBCPP_HARDENING_MODE\=_LIBCPP_HARDENING_MODE_DEBUG -swift-version 6 -I /tmp/lm-enclosure-validation/build/DerivedData/Build/Products/Debug-xrsimulator -Isystem /Applications/Xcode-26.6.0.app/Contents/Developer/Platforms/XRSimulator.platform/Developer/usr/lib -F /tmp/lm-enclosure-validation/build/DerivedData/Build/Products/Debug-xrsimulator -F /Applications/Xcode-26.6.0.app/Contents/Developer/Platforms/XRSimulator.platform/Developer/Library/Frameworks -F /Applications/Xcode-26.6.0.app/Contents/Developer/Platforms/XRSimulator.platform/Developer/SDKs/XRSimulator26.5.sdk/Developer/Library/Frameworks -c -j18 -enable-batch-mode -incremental -Xcc -ivfsstatcache -Xcc /tmp/lm-enclosure-validation/build/DerivedData/SDKStatCaches.noindex/xrsimulator26.5-23O469-688ef53f1462e2c8f657fdc38a81448f05f5f2c4c85e58a13fa9f64b8b5e08f4.sdkstatcache -output-file-map /tmp/lm-enclosure-validation/build/DerivedData/Build/Intermediates.noindex/RealityKitContent.build/Debug-xrsimulator/RealityKitContent.build/Objects-normal/arm64/RealityKitContent-OutputFileMap.json -use-frontend-parseable-output -save-temps -no-color-diagnostics -explicit-module-build -module-cache-path /tmp/lm-enclosure-validation/build/DerivedData/Build/Intermediates.noindex/SwiftExplicitPrecompiledModules -clang-scanner-module-cache-path /tmp/lm-enclosure-validation/build/DerivedData/ModuleCache.noindex -sdk-module-cache-path /tmp/lm-enclosure-validation/build/DerivedData/ModuleCache.noindex -serialize-diagnostics -emit-dependencies -emit-module -emit-module-path /tmp/lm-enclosure-validation/build/DerivedData/Build/Intermediates.noindex/RealityKitContent.build/Debug-xrsimulator/RealityKitContent.build/Objects-normal/arm64/RealityKitContent.swiftmodule -validate-clang-modules-once -clang-build-session-file /tmp/lm-enclosure-validation/build/DerivedData/ModuleCache.noindex/Session.modulevalidation -package-name realitykitcontent -Xcc -I/tmp/lm-enclosure-validation/build/DerivedData/Build/Intermediates.noindex/RealityKitContent.build/Debug-xrsimulator/RealityKitContent.build/swift-overrides.hmap -emit-const-values -Xfrontend -const-gather-protocols-file -Xfrontend /tmp/lm-enclosure-validation/build/DerivedData/Build/Intermediates.noindex/RealityKitContent.build/Debug-xrsimulator/RealityKitContent.build/Objects-normal/arm64/RealityKitContent_const_extract_protocols.json -Xcc -I/tmp/lm-enclosure-validation/build/DerivedData/Build/Products/Debug-xrsimulator/include -Xcc -I/tmp/lm-enclosure-validation/build/DerivedData/Build/Intermediates.noindex/RealityKitContent.build/Debug-xrsimulator/RealityKitContent.build/DerivedSources-normal/arm64 -Xcc -I/tmp/lm-enclosure-validation/build/DerivedData/Build/Intermediates.noindex/RealityKitContent.build/Debug-xrsimulator/RealityKitContent.build/DerivedSources/arm64 -Xcc -I/tmp/lm-enclosure-validation/build/DerivedData/Build/Intermediates.noindex/RealityKitContent.build/Debug-xrsimulator/RealityKitContent.build/DerivedSources -Xcc -DSWIFT_PACKAGE -Xcc -DDEBUG\=1 -emit-objc-header -emit-objc-header-path /tmp/lm-enclosure-validation/build/DerivedData/Build/Intermediates.noindex/RealityKitContent.build/Debug-xrsimulator/RealityKitContent.build/Objects-normal/arm64/RealityKitContent-Swift.h -working-directory /tmp/lm-enclosure-validation/LM/LM.xcodeproj -experimental-emit-module-separately -disable-cmo

SwiftExplicitDependencyGeneratePcm x86_64 /tmp/lm-enclosure-validation/build/DerivedData/ModuleCache.noindex/sys_types-12C4J7AXQO0CFYNAB7ANB6QRA.pcm

SwiftExplicitDependencyGeneratePcm x86_64 /tmp/lm-enclosure-validation/build/DerivedData/ModuleCache.noindex/_Builtin_stdint-8SIMO3AATQJE2IUEO7TVMBA82.pcm

SwiftExplicitDependencyGeneratePcm x86_64 /tmp/lm-enclosure-validation/build/DerivedData/ModuleCache.noindex/_DarwinFoundation3-84MBJW896LJP0IVA82Z93WL8M.pcm

SwiftDriver\ Compilation RealityKitContent normal arm64 com.apple.xcode.tools.swift.compiler (in target 'RealityKitContent' from project 'RealityKitContent')
    cd /tmp/lm-enclosure-validation/LM/LM.xcodeproj
    builtin-Swift-Compilation -- /Applications/Xcode-26.6.0.app/Contents/Developer/Toolchains/XcodeDefault.xctoolchain/usr/bin/swiftc -module-name RealityKitContent -Onone @/tmp/lm-enclosure-validation/build/DerivedData/Build/Intermediates.noindex/RealityKitContent.build/Debug-xrsimulator/RealityKitContent.build/Objects-normal/arm64/RealityKitContent.SwiftFileList -DSWIFT_PACKAGE -DDEBUG -DSWIFT_MODULE_RESOURCE_BUNDLE_AVAILABLE -DXcode -plugin-path /Applications/Xcode-26.6.0.app/Contents/Developer/Toolchains/XcodeDefault.xctoolchain/usr/lib/swift/host/plugins/testing -enable-experimental-feature DebugDescriptionMacro -sdk /Applications/Xcode-26.6.0.app/Contents/Developer/Platforms/XRSimulator.platform/Developer/SDKs/XRSimulator26.5.sdk -target arm64-apple-xros2.0-simulator -g -module-cache-path /tmp/lm-enclosure-validation/build/DerivedData/ModuleCache.noindex -Xfrontend -serialize-debugging-options -profile-coverage-mapping -profile-generate -enable-testing -index-store-path /tmp/lm-enclosure-validation/build/DerivedData/Index.noindex/DataStore -Xcc -D_LIBCPP_HARDENING_MODE\=_LIBCPP_HARDENING_MODE_DEBUG -swift-version 6 -I /tmp/lm-enclosure-validation/build/DerivedData/Build/Products/Debug-xrsimulator -Isystem /Applications/Xcode-26.6.0.app/Contents/Developer/Platforms/XRSimulator.platform/Developer/usr/lib -F /tmp/lm-enclosure-validation/build/DerivedData/Build/Products/Debug-xrsimulator -F /Applications/Xcode-26.6.0.app/Contents/Developer/Platforms/XRSimulator.platform/Developer/Library/Frameworks -F /Applications/Xcode-26.6.0.app/Contents/Developer/Platforms/XRSimulator.platform/Developer/SDKs/XRSimulator26.5.sdk/Developer/Library/Frameworks -c -j18 -enable-batch-mode -incremental -Xcc -ivfsstatcache -Xcc /tmp/lm-enclosure-validation/build/DerivedData/SDKStatCaches.noindex/xrsimulator26.5-23O469-688ef53f1462e2c8f657fdc38a81448f05f5f2c4c85e58a13fa9f64b8b5e08f4.sdkstatcache -output-file-map /tmp/lm-enclosure-validation/build/DerivedData/Build/Intermediates.noindex/RealityKitContent.build/Debug-xrsimulator/RealityKitContent.build/Objects-normal/arm64/RealityKitContent-OutputFileMap.json -use-frontend-parseable-output -save-temps -no-color-diagnostics -explicit-module-build -module-cache-path /tmp/lm-enclosure-validation/build/DerivedData/Build/Intermediates.noindex/SwiftExplicitPrecompiledModules -clang-scanner-module-cache-path /tmp/lm-enclosure-validation/build/DerivedData/ModuleCache.noindex -sdk-module-cache-path /tmp/lm-enclosure-validation/build/DerivedData/ModuleCache.noindex -serialize-diagnostics -emit-dependencies -emit-module -emit-module-path /tmp/lm-enclosure-validation/build/DerivedData/Build/Intermediates.noindex/RealityKitContent.build/Debug-xrsimulator/RealityKitContent.build/Objects-normal/arm64/RealityKitContent.swiftmodule -validate-clang-modules-once -clang-build-session-file /tmp/lm-enclosure-validation/build/DerivedData/ModuleCache.noindex/Session.modulevalidation -package-name realitykitcontent -Xcc -I/tmp/lm-enclosure-validation/build/DerivedData/Build/Intermediates.noindex/RealityKitContent.build/Debug-xrsimulator/RealityKitContent.build/swift-overrides.hmap -emit-const-values -Xfrontend -const-gather-protocols-file -Xfrontend /tmp/lm-enclosure-validation/build/DerivedData/Build/Intermediates.noindex/RealityKitContent.build/Debug-xrsimulator/RealityKitContent.build/Objects-normal/arm64/RealityKitContent_const_extract_protocols.json -Xcc -I/tmp/lm-enclosure-validation/build/DerivedData/Build/Products/Debug-xrsimulator/include -Xcc -I/tmp/lm-enclosure-validation/build/DerivedData/Build/Intermediates.noindex/RealityKitContent.build/Debug-xrsimulator/RealityKitContent.build/DerivedSources-normal/arm64 -Xcc -I/tmp/lm-enclosure-validation/build/DerivedData/Build/Intermediates.noindex/RealityKitContent.build/Debug-xrsimulator/RealityKitContent.build/DerivedSources/arm64 -Xcc -I/tmp/lm-enclosure-validation/build/DerivedData/Build/Intermediates.noindex/RealityKitContent.build/Debug-xrsimulator/RealityKitContent.build/DerivedSources -Xcc -DSWIFT_PACKAGE -Xcc -DDEBUG\=1 -emit-objc-header -emit-objc-header-path /tmp/lm-enclosure-validation/build/DerivedData/Build/Intermediates.noindex/RealityKitContent.build/Debug-xrsimulator/RealityKitContent.build/Objects-normal/arm64/RealityKitContent-Swift.h -working-directory /tmp/lm-enclosure-validation/LM/LM.xcodeproj -experimental-emit-module-separately -disable-cmo

SwiftDriver\ Compilation\ Requirements RealityKitContent normal arm64 com.apple.xcode.tools.swift.compiler (in target 'RealityKitContent' from project 'RealityKitContent')
    cd /tmp/lm-enclosure-validation/LM/LM.xcodeproj
    builtin-Swift-Compilation-Requirements -- /Applications/Xcode-26.6.0.app/Contents/Developer/Toolchains/XcodeDefault.xctoolchain/usr/bin/swiftc -module-name RealityKitContent -Onone @/tmp/lm-enclosure-validation/build/DerivedData/Build/Intermediates.noindex/RealityKitContent.build/Debug-xrsimulator/RealityKitContent.build/Objects-normal/arm64/RealityKitContent.SwiftFileList -DSWIFT_PACKAGE -DDEBUG -DSWIFT_MODULE_RESOURCE_BUNDLE_AVAILABLE -DXcode -plugin-path /Applications/Xcode-26.6.0.app/Contents/Developer/Toolchains/XcodeDefault.xctoolchain/usr/lib/swift/host/plugins/testing -enable-experimental-feature DebugDescriptionMacro -sdk /Applications/Xcode-26.6.0.app/Contents/Developer/Platforms/XRSimulator.platform/Developer/SDKs/XRSimulator26.5.sdk -target arm64-apple-xros2.0-simulator -g -module-cache-path /tmp/lm-enclosure-validation/build/DerivedData/ModuleCache.noindex -Xfrontend -serialize-debugging-options -profile-coverage-mapping -profile-generate -enable-testing -index-store-path /tmp/lm-enclosure-validation/build/DerivedData/Index.noindex/DataStore -Xcc -D_LIBCPP_HARDENING_MODE\=_LIBCPP_HARDENING_MODE_DEBUG -swift-version 6 -I /tmp/lm-enclosure-validation/build/DerivedData/Build/Products/Debug-xrsimulator -Isystem /Applications/Xcode-26.6.0.app/Contents/Developer/Platforms/XRSimulator.platform/Developer/usr/lib -F /tmp/lm-enclosure-validation/build/DerivedData/Build/Products/Debug-xrsimulator -F /Applications/Xcode-26.6.0.app/Contents/Developer/Platforms/XRSimulator.platform/Developer/Library/Frameworks -F /Applications/Xcode-26.6.0.app/Contents/Developer/Platforms/XRSimulator.platform/Developer/SDKs/XRSimulator26.5.sdk/Developer/Library/Frameworks -c -j18 -enable-batch-mode -incremental -Xcc -ivfsstatcache -Xcc /tmp/lm-enclosure-validation/build/DerivedData/SDKStatCaches.noindex/xrsimulator26.5-23O469-688ef53f1462e2c8f657fdc38a81448f05f5f2c4c85e58a13fa9f64b8b5e08f4.sdkstatcache -output-file-map /tmp/lm-enclosure-validation/build/DerivedData/Build/Intermediates.noindex/RealityKitContent.build/Debug-xrsimulator/RealityKitContent.build/Objects-normal/arm64/RealityKitContent-OutputFileMap.json -use-frontend-parseable-output -save-temps -no-color-diagnostics -explicit-module-build -module-cache-path /tmp/lm-enclosure-validation/build/DerivedData/Build/Intermediates.noindex/SwiftExplicitPrecompiledModules -clang-scanner-module-cache-path /tmp/lm-enclosure-validation/build/DerivedData/ModuleCache.noindex -sdk-module-cache-path /tmp/lm-enclosure-validation/build/DerivedData/ModuleCache.noindex -serialize-diagnostics -emit-dependencies -emit-module -emit-module-path /tmp/lm-enclosure-validation/build/DerivedData/Build/Intermediates.noindex/RealityKitContent.build/Debug-xrsimulator/RealityKitContent.build/Objects-normal/arm64/RealityKitContent.swiftmodule -validate-clang-modules-once -clang-build-session-file /tmp/lm-enclosure-validation/build/DerivedData/ModuleCache.noindex/Session.modulevalidation -package-name realitykitcontent -Xcc -I/tmp/lm-enclosure-validation/build/DerivedData/Build/Intermediates.noindex/RealityKitContent.build/Debug-xrsimulator/RealityKitContent.build/swift-overrides.hmap -emit-const-values -Xfrontend -const-gather-protocols-file -Xfrontend /tmp/lm-enclosure-validation/build/DerivedData/Build/Intermediates.noindex/RealityKitContent.build/Debug-xrsimulator/RealityKitContent.build/Objects-normal/arm64/RealityKitContent_const_extract_protocols.json -Xcc -I/tmp/lm-enclosure-validation/build/DerivedData/Build/Products/Debug-xrsimulator/include -Xcc -I/tmp/lm-enclosure-validation/build/DerivedData/Build/Intermediates.noindex/RealityKitContent.build/Debug-xrsimulator/RealityKitContent.build/DerivedSources-normal/arm64 -Xcc -I/tmp/lm-enclosure-validation/build/DerivedData/Build/Intermediates.noindex/RealityKitContent.build/Debug-xrsimulator/RealityKitContent.build/DerivedSources/arm64 -Xcc -I/tmp/lm-enclosure-validation/build/DerivedData/Build/Intermediates.noindex/RealityKitContent.build/Debug-xrsimulator/RealityKitContent.build/DerivedSources -Xcc -DSWIFT_PACKAGE -Xcc -DDEBUG\=1 -emit-objc-header -emit-objc-header-path /tmp/lm-enclosure-validation/build/DerivedData/Build/Intermediates.noindex/RealityKitContent.build/Debug-xrsimulator/RealityKitContent.build/Objects-normal/arm64/RealityKitContent-Swift.h -working-directory /tmp/lm-enclosure-validation/LM/LM.xcodeproj -experimental-emit-module-separately -disable-cmo

Copy /tmp/lm-enclosure-validation/build/DerivedData/Build/Products/Debug-xrsimulator/RealityKitContent.swiftmodule/arm64-apple-xros-simulator.abi.json /tmp/lm-enclosure-validation/build/DerivedData/Build/Intermediates.noindex/RealityKitContent.build/Debug-xrsimulator/RealityKitContent.build/Objects-normal/arm64/RealityKitContent.abi.json (in target 'RealityKitContent' from project 'RealityKitContent')
    cd /tmp/lm-enclosure-validation/LM/Packages/RealityKitContent
    builtin-copy -exclude .DS_Store -exclude CVS -exclude .svn -exclude .git -exclude .hg -resolve-src-symlinks -rename /tmp/lm-enclosure-validation/build/DerivedData/Build/Intermediates.noindex/RealityKitContent.build/Debug-xrsimulator/RealityKitContent.build/Objects-normal/arm64/RealityKitContent.abi.json /tmp/lm-enclosure-validation/build/DerivedData/Build/Products/Debug-xrsimulator/RealityKitContent.swiftmodule/arm64-apple-xros-simulator.abi.json

Copy /tmp/lm-enclosure-validation/build/DerivedData/Build/Products/Debug-xrsimulator/RealityKitContent.swiftmodule/Project/arm64-apple-xros-simulator.swiftsourceinfo /tmp/lm-enclosure-validation/build/DerivedData/Build/Intermediates.noindex/RealityKitContent.build/Debug-xrsimulator/RealityKitContent.build/Objects-normal/arm64/RealityKitContent.swiftsourceinfo (in target 'RealityKitContent' from project 'RealityKitContent')
    cd /tmp/lm-enclosure-validation/LM/Packages/RealityKitContent
    builtin-copy -exclude .DS_Store -exclude CVS -exclude .svn -exclude .git -exclude .hg -resolve-src-symlinks -rename /tmp/lm-enclosure-validation/build/DerivedData/Build/Intermediates.noindex/RealityKitContent.build/Debug-xrsimulator/RealityKitContent.build/Objects-normal/arm64/RealityKitContent.swiftsourceinfo /tmp/lm-enclosure-validation/build/DerivedData/Build/Products/Debug-xrsimulator/RealityKitContent.swiftmodule/Project/arm64-apple-xros-simulator.swiftsourceinfo

Copy /tmp/lm-enclosure-validation/build/DerivedData/Build/Products/Debug-xrsimulator/RealityKitContent.swiftmodule/arm64-apple-xros-simulator.swiftmodule /tmp/lm-enclosure-validation/build/DerivedData/Build/Intermediates.noindex/RealityKitContent.build/Debug-xrsimulator/RealityKitContent.build/Objects-normal/arm64/RealityKitContent.swiftmodule (in target 'RealityKitContent' from project 'RealityKitContent')
    cd /tmp/lm-enclosure-validation/LM/Packages/RealityKitContent
    builtin-copy -exclude .DS_Store -exclude CVS -exclude .svn -exclude .git -exclude .hg -resolve-src-symlinks -rename /tmp/lm-enclosure-validation/build/DerivedData/Build/Intermediates.noindex/RealityKitContent.build/Debug-xrsimulator/RealityKitContent.build/Objects-normal/arm64/RealityKitContent.swiftmodule /tmp/lm-enclosure-validation/build/DerivedData/Build/Products/Debug-xrsimulator/RealityKitContent.swiftmodule/arm64-apple-xros-simulator.swiftmodule

Copy /tmp/lm-enclosure-validation/build/DerivedData/Build/Products/Debug-xrsimulator/RealityKitContent.swiftmodule/arm64-apple-xros-simulator.swiftdoc /tmp/lm-enclosure-validation/build/DerivedData/Build/Intermediates.noindex/RealityKitContent.build/Debug-xrsimulator/RealityKitContent.build/Objects-normal/arm64/RealityKitContent.swiftdoc (in target 'RealityKitContent' from project 'RealityKitContent')
    cd /tmp/lm-enclosure-validation/LM/Packages/RealityKitContent
    builtin-copy -exclude .DS_Store -exclude CVS -exclude .svn -exclude .git -exclude .hg -resolve-src-symlinks -rename /tmp/lm-enclosure-validation/build/DerivedData/Build/Intermediates.noindex/RealityKitContent.build/Debug-xrsimulator/RealityKitContent.build/Objects-normal/arm64/RealityKitContent.swiftdoc /tmp/lm-enclosure-validation/build/DerivedData/Build/Products/Debug-xrsimulator/RealityKitContent.swiftmodule/arm64-apple-xros-simulator.swiftdoc

SwiftExplicitDependencyGeneratePcm x86_64 /tmp/lm-enclosure-validation/build/DerivedData/ModuleCache.noindex/_Builtin_inttypes-95A1RR4CN72M18SZS0D5K9L1O.pcm

SwiftExplicitDependencyGeneratePcm x86_64 /tmp/lm-enclosure-validation/build/DerivedData/ModuleCache.noindex/Darwin-ADL1FIH1LQAV7921HOJW32HIU.pcm

SwiftExplicitDependencyGeneratePcm x86_64 /tmp/lm-enclosure-validation/build/DerivedData/ModuleCache.noindex/ObjectiveC-858YPXG6UKGUXR6TDPQR5NMR7.pcm

SwiftExplicitDependencyGeneratePcm x86_64 /tmp/lm-enclosure-validation/build/DerivedData/ModuleCache.noindex/os_object-H3ZKS6G7Y7GXXL08O6TC3NTT.pcm

SwiftExplicitDependencyGeneratePcm x86_64 /tmp/lm-enclosure-validation/build/DerivedData/ModuleCache.noindex/os_workgroup-9343L8D11RD30CSOTDU1FHFDO.pcm

SwiftExplicitDependencyGeneratePcm x86_64 /tmp/lm-enclosure-validation/build/DerivedData/ModuleCache.noindex/Dispatch-EMR73XYSSMUPTQ0U3H982PW5Z.pcm

SwiftExplicitDependencyGeneratePcm x86_64 /tmp/lm-enclosure-validation/build/DerivedData/ModuleCache.noindex/XPC-HA6MGIQUJG1FJDJKYQ8RCJXC.pcm

SwiftExplicitDependencyGeneratePcm x86_64 /tmp/lm-enclosure-validation/build/DerivedData/ModuleCache.noindex/CoreFoundation-6DQPBU5A2X5QC6KP2H4HP9PW6.pcm

SwiftExplicitDependencyGeneratePcm x86_64 /tmp/lm-enclosure-validation/build/DerivedData/ModuleCache.noindex/Security-2C03PBPF3PCOWV7WP9U6199YS.pcm

SwiftExplicitDependencyGeneratePcm x86_64 /tmp/lm-enclosure-validation/build/DerivedData/ModuleCache.noindex/CFNetwork-2QAJ9RTFX5SYT20FADHMZUXM7.pcm

SwiftExplicitDependencyGeneratePcm x86_64 /tmp/lm-enclosure-validation/build/DerivedData/ModuleCache.noindex/Foundation-DEHU7CIKZSODTSARL7NSETHIL.pcm

SwiftEmitModule normal x86_64 Emitting\ module\ for\ RealityKitContent (in target 'RealityKitContent' from project 'RealityKitContent')

EmitSwiftModule normal x86_64 (in target 'RealityKitContent' from project 'RealityKitContent')
    cd /tmp/lm-enclosure-validation/LM/LM.xcodeproj
    

SwiftEmitModule normal x86_64 Emitting\ module\ for\ AGC (in target 'AGC' from project 'AGC')
EmitSwiftModule normal x86_64 (in target 'AGC' from project 'AGC')
    cd /tmp/lm-enclosure-validation/LM/LM.xcodeproj
    

SwiftCompile normal x86_64 Compiling\ RealityKitContent.swift /tmp/lm-enclosure-validation/LM/Packages/RealityKitContent/Sources/RealityKitContent/RealityKitContent.swift (in target 'RealityKitContent' from project 'RealityKitContent')
SwiftCompile normal x86_64 /tmp/lm-enclosure-validation/LM/Packages/RealityKitContent/Sources/RealityKitContent/RealityKitContent.swift (in target 'RealityKitContent' from project 'RealityKitContent')
    cd /tmp/lm-enclosure-validation/LM/LM.xcodeproj
    

SwiftCompile normal x86_64 Compiling\ resource_bundle_accessor.swift /tmp/lm-enclosure-validation/build/DerivedData/Build/Intermediates.noindex/RealityKitContent.build/Debug-xrsimulator/RealityKitContent.build/DerivedSources/resource_bundle_accessor.swift (in target 'RealityKitContent' from project 'RealityKitContent')

SwiftCompile normal x86_64 /tmp/lm-enclosure-validation/build/DerivedData/Build/Intermediates.noindex/RealityKitContent.build/Debug-xrsimulator/RealityKitContent.build/DerivedSources/resource_bundle_accessor.swift (in target 'RealityKitContent' from project 'RealityKitContent')
    cd /tmp/lm-enclosure-validation/LM/LM.xcodeproj
    

SwiftCompile normal x86_64 Compiling\ AGCPacket.swift /tmp/lm-enclosure-validation/AGC/Sources/AGC/AGCPacket.swift (in target 'AGC' from project 'AGC')
SwiftCompile normal x86_64 /tmp/lm-enclosure-validation/AGC/Sources/AGC/AGCPacket.swift (in target 'AGC' from project 'AGC')
    cd /tmp/lm-enclosure-validation/LM/LM.xcodeproj
    

SwiftCompile normal x86_64 Compiling\ DSKY.swift /tmp/lm-enclosure-validation/AGC/Sources/AGC/DSKY.swift (in target 'AGC' from project 'AGC')

SwiftCompile normal x86_64 /tmp/lm-enclosure-validation/AGC/Sources/AGC/DSKY.swift (in target 'AGC' from project 'AGC')
    cd /tmp/lm-enclosure-validation/LM/LM.xcodeproj
    

SwiftCompile normal x86_64 Compiling\ AGCState.swift /tmp/lm-enclosure-validation/AGC/Sources/AGC/AGCState.swift (in target 'AGC' from project 'AGC')

SwiftCompile normal x86_64 /tmp/lm-enclosure-validation/AGC/Sources/AGC/AGCState.swift (in target 'AGC' from project 'AGC')
    cd /tmp/lm-enclosure-validation/LM/LM.xcodeproj
    

SwiftCompile normal x86_64 Compiling\ AGCRuntimeCheckpoint.swift /tmp/lm-enclosure-validation/AGC/Sources/AGC/AGCRuntimeCheckpoint.swift (in target 'AGC' from project 'AGC')

SwiftCompile normal x86_64 /tmp/lm-enclosure-validation/AGC/Sources/AGC/AGCRuntimeCheckpoint.swift (in target 'AGC' from project 'AGC')
    cd /tmp/lm-enclosure-validation/LM/LM.xcodeproj
    

SwiftCompile normal x86_64 Compiling\ AGCScenarioRunner.swift /tmp/lm-enclosure-validation/AGC/Sources/AGC/AGCScenarioRunner.swift (in target 'AGC' from project 'AGC')

SwiftCompile normal x86_64 /tmp/lm-enclosure-validation/AGC/Sources/AGC/AGCScenarioRunner.swift (in target 'AGC' from project 'AGC')
    cd /tmp/lm-enclosure-validation/LM/LM.xcodeproj
    

SwiftCompile normal x86_64 Compiling\ AGCErasable.swift /tmp/lm-enclosure-validation/AGC/Sources/AGC/AGCErasable.swift (in target 'AGC' from project 'AGC')

SwiftCompile normal x86_64 /tmp/lm-enclosure-validation/AGC/Sources/AGC/AGCErasable.swift (in target 'AGC' from project 'AGC')
    cd /tmp/lm-enclosure-validation/LM/LM.xcodeproj
    

SwiftCompile normal x86_64 Compiling\ AGCIO.swift /tmp/lm-enclosure-validation/AGC/Sources/AGC/AGCIO.swift (in target 'AGC' from project 'AGC')

SwiftCompile normal x86_64 /tmp/lm-enclosure-validation/AGC/Sources/AGC/AGCIO.swift (in target 'AGC' from project 'AGC')
    cd /tmp/lm-enclosure-validation/LM/LM.xcodeproj
    

SwiftCompile normal x86_64 Compiling\ AGCEngineRuntimeIO.swift /tmp/lm-enclosure-validation/AGC/Sources/AGC/AGCEngineRuntimeIO.swift (in target 'AGC' from project 'AGC')

SwiftCompile normal x86_64 /tmp/lm-enclosure-validation/AGC/Sources/AGC/AGCEngineRuntimeIO.swift (in target 'AGC' from project 'AGC')
    cd /tmp/lm-enclosure-validation/LM/LM.xcodeproj
    

SwiftCompile normal x86_64 Compiling\ AGCGoldenTrace.swift /tmp/lm-enclosure-validation/AGC/Sources/AGC/AGCGoldenTrace.swift (in target 'AGC' from project 'AGC')

SwiftCompile normal x86_64 /tmp/lm-enclosure-validation/AGC/Sources/AGC/AGCGoldenTrace.swift (in target 'AGC' from project 'AGC')
    cd /tmp/lm-enclosure-validation/LM/LM.xcodeproj
    

SwiftCompile normal x86_64 Compiling\ AGCSHA256.swift /tmp/lm-enclosure-validation/AGC/Sources/AGC/AGCSHA256.swift (in target 'AGC' from project 'AGC')

SwiftCompile normal x86_64 /tmp/lm-enclosure-validation/AGC/Sources/AGC/AGCSHA256.swift (in target 'AGC' from project 'AGC')
    cd /tmp/lm-enclosure-validation/LM/LM.xcodeproj
    

SwiftCompile normal x86_64 Compiling\ DSKYSnapshot.swift /tmp/lm-enclosure-validation/AGC/Sources/AGC/DSKYSnapshot.swift (in target 'AGC' from project 'AGC')

SwiftCompile normal x86_64 /tmp/lm-enclosure-validation/AGC/Sources/AGC/DSKYSnapshot.swift (in target 'AGC' from project 'AGC')
    cd /tmp/lm-enclosure-validation/LM/LM.xcodeproj
    

SwiftCompile normal x86_64 Compiling\ AGCEngineInterrupts.swift,\ AGCEngineMemory.swift /tmp/lm-enclosure-validation/AGC/Sources/AGC/AGCEngineInterrupts.swift /tmp/lm-enclosure-validation/AGC/Sources/AGC/AGCEngineMemory.swift (in target 'AGC' from project 'AGC')

SwiftCompile normal x86_64 /tmp/lm-enclosure-validation/AGC/Sources/AGC/AGCEngineInterrupts.swift (in target 'AGC' from project 'AGC')
    cd /tmp/lm-enclosure-validation/LM/LM.xcodeproj
    

SwiftCompile normal x86_64 /tmp/lm-enclosure-validation/AGC/Sources/AGC/AGCEngineMemory.swift (in target 'AGC' from project 'AGC')
    cd /tmp/lm-enclosure-validation/LM/LM.xcodeproj
    

SwiftCompile normal x86_64 Compiling\ AGCEngineNumerics.swift,\ AGCEnginePeripheralTypes.swift /tmp/lm-enclosure-validation/AGC/Sources/AGC/AGCEngineNumerics.swift /tmp/lm-enclosure-validation/AGC/Sources/AGC/AGCEnginePeripheralTypes.swift (in target 'AGC' from project 'AGC')

SwiftCompile normal x86_64 /tmp/lm-enclosure-validation/AGC/Sources/AGC/AGCEngineNumerics.swift (in target 'AGC' from project 'AGC')
    cd /tmp/lm-enclosure-validation/LM/LM.xcodeproj
    

SwiftCompile normal x86_64 /tmp/lm-enclosure-validation/AGC/Sources/AGC/AGCEnginePeripheralTypes.swift (in target 'AGC' from project 'AGC')
    cd /tmp/lm-enclosure-validation/LM/LM.xcodeproj
    

SwiftCompile normal x86_64 Compiling\ AGCEnginePeripherals.swift /tmp/lm-enclosure-validation/AGC/Sources/AGC/AGCEnginePeripherals.swift (in target 'AGC' from project 'AGC')

SwiftCompile normal x86_64 /tmp/lm-enclosure-validation/AGC/Sources/AGC/AGCEnginePeripherals.swift (in target 'AGC' from project 'AGC')
    cd /tmp/lm-enclosure-validation/LM/LM.xcodeproj
    

SwiftEmitModule normal x86_64 Emitting\ module\ for\ LMKit (in target 'LMKit' from project 'LMKit')

EmitSwiftModule normal x86_64 (in target 'LMKit' from project 'LMKit')
    cd /tmp/lm-enclosure-validation/LM/LM.xcodeproj
    

SwiftDriverJobDiscovery normal x86_64 Emitting module for RealityKitContent (in target 'RealityKitContent' from project 'RealityKitContent')

SwiftDriver\ Compilation\ Requirements RealityKitContent normal x86_64 com.apple.xcode.tools.swift.compiler (in target 'RealityKitContent' from project 'RealityKitContent')
    cd /tmp/lm-enclosure-validation/LM/LM.xcodeproj
    builtin-Swift-Compilation-Requirements -- /Applications/Xcode-26.6.0.app/Contents/Developer/Toolchains/XcodeDefault.xctoolchain/usr/bin/swiftc -module-name RealityKitContent -Onone @/tmp/lm-enclosure-validation/build/DerivedData/Build/Intermediates.noindex/RealityKitContent.build/Debug-xrsimulator/RealityKitContent.build/Objects-normal/x86_64/RealityKitContent.SwiftFileList -DSWIFT_PACKAGE -DDEBUG -DSWIFT_MODULE_RESOURCE_BUNDLE_AVAILABLE -DXcode -plugin-path /Applications/Xcode-26.6.0.app/Contents/Developer/Toolchains/XcodeDefault.xctoolchain/usr/lib/swift/host/plugins/testing -enable-experimental-feature DebugDescriptionMacro -sdk /Applications/Xcode-26.6.0.app/Contents/Developer/Platforms/XRSimulator.platform/Developer/SDKs/XRSimulator26.5.sdk -target x86_64-apple-xros2.0-simulator -g -module-cache-path /tmp/lm-enclosure-validation/build/DerivedData/ModuleCache.noindex -Xfrontend -serialize-debugging-options -profile-coverage-mapping -profile-generate -enable-testing -index-store-path /tmp/lm-enclosure-validation/build/DerivedData/Index.noindex/DataStore -Xcc -D_LIBCPP_HARDENING_MODE\=_LIBCPP_HARDENING_MODE_DEBUG -swift-version 6 -I /tmp/lm-enclosure-validation/build/DerivedData/Build/Products/Debug-xrsimulator -Isystem /Applications/Xcode-26.6.0.app/Contents/Developer/Platforms/XRSimulator.platform/Developer/usr/lib -F /tmp/lm-enclosure-validation/build/DerivedData/Build/Products/Debug-xrsimulator -F /Applications/Xcode-26.6.0.app/Contents/Developer/Platforms/XRSimulator.platform/Developer/Library/Frameworks -F /Applications/Xcode-26.6.0.app/Contents/Developer/Platforms/XRSimulator.platform/Developer/SDKs/XRSimulator26.5.sdk/Developer/Library/Frameworks -c -j18 -enable-batch-mode -incremental -Xcc -ivfsstatcache -Xcc /tmp/lm-enclosure-validation/build/DerivedData/SDKStatCaches.noindex/xrsimulator26.5-23O469-688ef53f1462e2c8f657fdc38a81448f05f5f2c4c85e58a13fa9f64b8b5e08f4.sdkstatcache -output-file-map /tmp/lm-enclosure-validation/build/DerivedData/Build/Intermediates.noindex/RealityKitContent.build/Debug-xrsimulator/RealityKitContent.build/Objects-normal/x86_64/RealityKitContent-OutputFileMap.json -use-frontend-parseable-output -save-temps -no-color-diagnostics -explicit-module-build -module-cache-path /tmp/lm-enclosure-validation/build/DerivedData/Build/Intermediates.noindex/SwiftExplicitPrecompiledModules -clang-scanner-module-cache-path /tmp/lm-enclosure-validation/build/DerivedData/ModuleCache.noindex -sdk-module-cache-path /tmp/lm-enclosure-validation/build/DerivedData/ModuleCache.noindex -serialize-diagnostics -emit-dependencies -emit-module -emit-module-path /tmp/lm-enclosure-validation/build/DerivedData/Build/Intermediates.noindex/RealityKitContent.build/Debug-xrsimulator/RealityKitContent.build/Objects-normal/x86_64/RealityKitContent.swiftmodule -validate-clang-modules-once -clang-build-session-file /tmp/lm-enclosure-validation/build/DerivedData/ModuleCache.noindex/Session.modulevalidation -package-name realitykitcontent -Xcc -I/tmp/lm-enclosure-validation/build/DerivedData/Build/Intermediates.noindex/RealityKitContent.build/Debug-xrsimulator/RealityKitContent.build/swift-overrides.hmap -emit-const-values -Xfrontend -const-gather-protocols-file -Xfrontend /tmp/lm-enclosure-validation/build/DerivedData/Build/Intermediates.noindex/RealityKitContent.build/Debug-xrsimulator/RealityKitContent.build/Objects-normal/x86_64/RealityKitContent_const_extract_protocols.json -Xcc -I/tmp/lm-enclosure-validation/build/DerivedData/Build/Products/Debug-xrsimulator/include -Xcc -I/tmp/lm-enclosure-validation/build/DerivedData/Build/Intermediates.noindex/RealityKitContent.build/Debug-xrsimulator/RealityKitContent.build/DerivedSources-normal/x86_64 -Xcc -I/tmp/lm-enclosure-validation/build/DerivedData/Build/Intermediates.noindex/RealityKitContent.build/Debug-xrsimulator/RealityKitContent.build/DerivedSources/x86_64 -Xcc -I/tmp/lm-enclosure-validation/build/DerivedData/Build/Intermediates.noindex/RealityKitContent.build/Debug-xrsimulator/RealityKitContent.build/DerivedSources -Xcc -DSWIFT_PACKAGE -Xcc -DDEBUG\=1 -emit-objc-header -emit-objc-header-path /tmp/lm-enclosure-validation/build/DerivedData/Build/Intermediates.noindex/RealityKitContent.build/Debug-xrsimulator/RealityKitContent.build/Objects-normal/x86_64/RealityKitContent-Swift.h -working-directory /tmp/lm-enclosure-validation/LM/LM.xcodeproj -experimental-emit-module-separately -disable-cmo

SwiftDriverJobDiscovery normal x86_64 Emitting module for LMKit (in target 'LMKit' from project 'LMKit')

SwiftDriver\ Compilation\ Requirements LMKit normal x86_64 com.apple.xcode.tools.swift.compiler (in target 'LMKit' from project 'LMKit')
    cd /tmp/lm-enclosure-validation/LM/LM.xcodeproj
    builtin-Swift-Compilation-Requirements -- /Applications/Xcode-26.6.0.app/Contents/Developer/Toolchains/XcodeDefault.xctoolchain/usr/bin/swiftc -module-name LMKit -Onone @/tmp/lm-enclosure-validation/build/DerivedData/Build/Intermediates.noindex/LMKit.build/Debug-xrsimulator/LMKit.build/Objects-normal/x86_64/LMKit.SwiftFileList -DSWIFT_PACKAGE -DDEBUG -DSWIFT_MODULE_RESOURCE_BUNDLE_AVAILABLE -DXcode -plugin-path /Applications/Xcode-26.6.0.app/Contents/Developer/Toolchains/XcodeDefault.xctoolchain/usr/lib/swift/host/plugins/testing -enable-experimental-feature DebugDescriptionMacro -sdk /Applications/Xcode-26.6.0.app/Contents/Developer/Platforms/XRSimulator.platform/Developer/SDKs/XRSimulator26.5.sdk -target x86_64-apple-xros2.0-simulator -g -module-cache-path /tmp/lm-enclosure-validation/build/DerivedData/ModuleCache.noindex -Xfrontend -serialize-debugging-options -profile-coverage-mapping -profile-generate -enable-testing -suppress-warnings -index-store-path /tmp/lm-enclosure-validation/build/DerivedData/Index.noindex/DataStore -Xcc -D_LIBCPP_HARDENING_MODE\=_LIBCPP_HARDENING_MODE_DEBUG -swift-version 6 -I /tmp/lm-enclosure-validation/build/DerivedData/Build/Products/Debug-xrsimulator -Isystem /Applications/Xcode-26.6.0.app/Contents/Developer/Platforms/XRSimulator.platform/Developer/usr/lib -F /tmp/lm-enclosure-validation/build/DerivedData/Build/Products/Debug-xrsimulator -F /Applications/Xcode-26.6.0.app/Contents/Developer/Platforms/XRSimulator.platform/Developer/Library/Frameworks -F /Applications/Xcode-26.6.0.app/Contents/Developer/Platforms/XRSimulator.platform/Developer/SDKs/XRSimulator26.5.sdk/Developer/Library/Frameworks -c -j18 -enable-batch-mode -incremental -Xcc -ivfsstatcache -Xcc /tmp/lm-enclosure-validation/build/DerivedData/SDKStatCaches.noindex/xrsimulator26.5-23O469-688ef53f1462e2c8f657fdc38a81448f05f5f2c4c85e58a13fa9f64b8b5e08f4.sdkstatcache -output-file-map /tmp/lm-enclosure-validation/build/DerivedData/Build/Intermediates.noindex/LMKit.build/Debug-xrsimulator/LMKit.build/Objects-normal/x86_64/LMKit-OutputFileMap.json -use-frontend-parseable-output -save-temps -no-color-diagnostics -explicit-module-build -module-cache-path /tmp/lm-enclosure-validation/build/DerivedData/Build/Intermediates.noindex/SwiftExplicitPrecompiledModules -clang-scanner-module-cache-path /tmp/lm-enclosure-validation/build/DerivedData/ModuleCache.noindex -sdk-module-cache-path /tmp/lm-enclosure-validation/build/DerivedData/ModuleCache.noindex -serialize-diagnostics -emit-dependencies -emit-module -emit-module-path /tmp/lm-enclosure-validation/build/DerivedData/Build/Intermediates.noindex/LMKit.build/Debug-xrsimulator/LMKit.build/Objects-normal/x86_64/LMKit.swiftmodule -validate-clang-modules-once -clang-build-session-file /tmp/lm-enclosure-validation/build/DerivedData/ModuleCache.noindex/Session.modulevalidation -package-name lmkit -Xcc -I/tmp/lm-enclosure-validation/build/DerivedData/Build/Intermediates.noindex/LMKit.build/Debug-xrsimulator/LMKit.build/swift-overrides.hmap -emit-const-values -Xfrontend -const-gather-protocols-file -Xfrontend /tmp/lm-enclosure-validation/build/DerivedData/Build/Intermediates.noindex/LMKit.build/Debug-xrsimulator/LMKit.build/Objects-normal/x86_64/LMKit_const_extract_protocols.json -Xcc -I/tmp/lm-enclosure-validation/build/DerivedData/Build/Products/Debug-xrsimulator/include -Xcc -I/tmp/lm-enclosure-validation/build/DerivedData/Build/Intermediates.noindex/LMKit.build/Debug-xrsimulator/LMKit.build/DerivedSources-normal/x86_64 -Xcc -I/tmp/lm-enclosure-validation/build/DerivedData/Build/Intermediates.noindex/LMKit.build/Debug-xrsimulator/LMKit.build/DerivedSources/x86_64 -Xcc -I/tmp/lm-enclosure-validation/build/DerivedData/Build/Intermediates.noindex/LMKit.build/Debug-xrsimulator/LMKit.build/DerivedSources -Xcc -DSWIFT_PACKAGE -Xcc -DDEBUG\=1 -emit-objc-header -emit-objc-header-path /tmp/lm-enclosure-validation/build/DerivedData/Build/Intermediates.noindex/LMKit.build/Debug-xrsimulator/LMKit.build/Objects-normal/x86_64/LMKit-Swift.h -working-directory /tmp/lm-enclosure-validation/LM/LM.xcodeproj -experimental-emit-module-separately -disable-cmo

SwiftCompile normal x86_64 Compiling\ resource_bundle_accessor.swift /tmp/lm-enclosure-validation/build/DerivedData/Build/Intermediates.noindex/LMKit.build/Debug-xrsimulator/LMKit.build/DerivedSources/resource_bundle_accessor.swift (in target 'LMKit' from project 'LMKit')

SwiftCompile normal x86_64 /tmp/lm-enclosure-validation/build/DerivedData/Build/Intermediates.noindex/LMKit.build/Debug-xrsimulator/LMKit.build/DerivedSources/resource_bundle_accessor.swift (in target 'LMKit' from project 'LMKit')
    cd /tmp/lm-enclosure-validation/LM/LM.xcodeproj
    

SwiftMergeGeneratedHeaders /tmp/lm-enclosure-validation/build/DerivedData/Build/Intermediates.noindex/GeneratedModuleMaps-xrsimulator/RealityKitContent-Swift.h /tmp/lm-enclosure-validation/build/DerivedData/Build/Intermediates.noindex/RealityKitContent.build/Debug-xrsimulator/RealityKitContent.build/Objects-normal/arm64/RealityKitContent-Swift.h /tmp/lm-enclosure-validation/build/DerivedData/Build/Intermediates.noindex/RealityKitContent.build/Debug-xrsimulator/RealityKitContent.build/Objects-normal/x86_64/RealityKitContent-Swift.h (in target 'RealityKitContent' from project 'RealityKitContent')
    cd /tmp/lm-enclosure-validation/LM/Packages/RealityKitContent
    builtin-swiftHeaderTool -arch arm64 /tmp/lm-enclosure-validation/build/DerivedData/Build/Intermediates.noindex/RealityKitContent.build/Debug-xrsimulator/RealityKitContent.build/Objects-normal/arm64/RealityKitContent-Swift.h -arch x86_64 /tmp/lm-enclosure-validation/build/DerivedData/Build/Intermediates.noindex/RealityKitContent.build/Debug-xrsimulator/RealityKitContent.build/Objects-normal/x86_64/RealityKitContent-Swift.h -o /tmp/lm-enclosure-validation/build/DerivedData/Build/Intermediates.noindex/GeneratedModuleMaps-xrsimulator/RealityKitContent-Swift.h

SwiftDriverJobDiscovery normal x86_64 Emitting module for AGC (in target 'AGC' from project 'AGC')

Copy /tmp/lm-enclosure-validation/build/DerivedData/Build/Products/Debug-xrsimulator/RealityKitContent.swiftmodule/x86_64-apple-xros-simulator.swiftmodule /tmp/lm-enclosure-validation/build/DerivedData/Build/Intermediates.noindex/RealityKitContent.build/Debug-xrsimulator/RealityKitContent.build/Objects-normal/x86_64/RealityKitContent.swiftmodule (in target 'RealityKitContent' from project 'RealityKitContent')
    cd /tmp/lm-enclosure-validation/LM/Packages/RealityKitContent
    builtin-copy -exclude .DS_Store -exclude CVS -exclude .svn -exclude .git -exclude .hg -resolve-src-symlinks -rename /tmp/lm-enclosure-validation/build/DerivedData/Build/Intermediates.noindex/RealityKitContent.build/Debug-xrsimulator/RealityKitContent.build/Objects-normal/x86_64/RealityKitContent.swiftmodule /tmp/lm-enclosure-validation/build/DerivedData/Build/Products/Debug-xrsimulator/RealityKitContent.swiftmodule/x86_64-apple-xros-simulator.swiftmodule

Copy /tmp/lm-enclosure-validation/build/DerivedData/Build/Products/Debug-xrsimulator/RealityKitContent.swiftmodule/x86_64-apple-xros-simulator.swiftdoc /tmp/lm-enclosure-validation/build/DerivedData/Build/Intermediates.noindex/RealityKitContent.build/Debug-xrsimulator/RealityKitContent.build/Objects-normal/x86_64/RealityKitContent.swiftdoc (in target 'RealityKitContent' from project 'RealityKitContent')
    cd /tmp/lm-enclosure-validation/LM/Packages/RealityKitContent
    builtin-copy -exclude .DS_Store -exclude CVS -exclude .svn -exclude .git -exclude .hg -resolve-src-symlinks -rename /tmp/lm-enclosure-validation/build/DerivedData/Build/Intermediates.noindex/RealityKitContent.build/Debug-xrsimulator/RealityKitContent.build/Objects-normal/x86_64/RealityKitContent.swiftdoc /tmp/lm-enclosure-validation/build/DerivedData/Build/Products/Debug-xrsimulator/RealityKitContent.swiftmodule/x86_64-apple-xros-simulator.swiftdoc

Copy /tmp/lm-enclosure-validation/build/DerivedData/Build/Products/Debug-xrsimulator/RealityKitContent.swiftmodule/x86_64-apple-xros-simulator.abi.json /tmp/lm-enclosure-validation/build/DerivedData/Build/Intermediates.noindex/RealityKitContent.build/Debug-xrsimulator/RealityKitContent.build/Objects-normal/x86_64/RealityKitContent.abi.json (in target 'RealityKitContent' from project 'RealityKitContent')
    cd /tmp/lm-enclosure-validation/LM/Packages/RealityKitContent
    builtin-copy -exclude .DS_Store -exclude CVS -exclude .svn -exclude .git -exclude .hg -resolve-src-symlinks -rename /tmp/lm-enclosure-validation/build/DerivedData/Build/Intermediates.noindex/RealityKitContent.build/Debug-xrsimulator/RealityKitContent.build/Objects-normal/x86_64/RealityKitContent.abi.json /tmp/lm-enclosure-validation/build/DerivedData/Build/Products/Debug-xrsimulator/RealityKitContent.swiftmodule/x86_64-apple-xros-simulator.abi.json

Copy /tmp/lm-enclosure-validation/build/DerivedData/Build/Products/Debug-xrsimulator/RealityKitContent.swiftmodule/Project/x86_64-apple-xros-simulator.swiftsourceinfo /tmp/lm-enclosure-validation/build/DerivedData/Build/Intermediates.noindex/RealityKitContent.build/Debug-xrsimulator/RealityKitContent.build/Objects-normal/x86_64/RealityKitContent.swiftsourceinfo (in target 'RealityKitContent' from project 'RealityKitContent')
    cd /tmp/lm-enclosure-validation/LM/Packages/RealityKitContent
    builtin-copy -exclude .DS_Store -exclude CVS -exclude .svn -exclude .git -exclude .hg -resolve-src-symlinks -rename /tmp/lm-enclosure-validation/build/DerivedData/Build/Intermediates.noindex/RealityKitContent.build/Debug-xrsimulator/RealityKitContent.build/Objects-normal/x86_64/RealityKitContent.swiftsourceinfo /tmp/lm-enclosure-validation/build/DerivedData/Build/Products/Debug-xrsimulator/RealityKitContent.swiftmodule/Project/x86_64-apple-xros-simulator.swiftsourceinfo

SwiftMergeGeneratedHeaders /tmp/lm-enclosure-validation/build/DerivedData/Build/Intermediates.noindex/GeneratedModuleMaps-xrsimulator/LMKit-Swift.h /tmp/lm-enclosure-validation/build/DerivedData/Build/Intermediates.noindex/LMKit.build/Debug-xrsimulator/LMKit.build/Objects-normal/arm64/LMKit-Swift.h /tmp/lm-enclosure-validation/build/DerivedData/Build/Intermediates.noindex/LMKit.build/Debug-xrsimulator/LMKit.build/Objects-normal/x86_64/LMKit-Swift.h (in target 'LMKit' from project 'LMKit')
    cd /tmp/lm-enclosure-validation/LMKit
    builtin-swiftHeaderTool -arch arm64 /tmp/lm-enclosure-validation/build/DerivedData/Build/Intermediates.noindex/LMKit.build/Debug-xrsimulator/LMKit.build/Objects-normal/arm64/LMKit-Swift.h -arch x86_64 /tmp/lm-enclosure-validation/build/DerivedData/Build/Intermediates.noindex/LMKit.build/Debug-xrsimulator/LMKit.build/Objects-normal/x86_64/LMKit-Swift.h -o /tmp/lm-enclosure-validation/build/DerivedData/Build/Intermediates.noindex/GeneratedModuleMaps-xrsimulator/LMKit-Swift.h

Copy /tmp/lm-enclosure-validation/build/DerivedData/Build/Products/Debug-xrsimulator/LMKit.swiftmodule/x86_64-apple-xros-simulator.swiftmodule /tmp/lm-enclosure-validation/build/DerivedData/Build/Intermediates.noindex/LMKit.build/Debug-xrsimulator/LMKit.build/Objects-normal/x86_64/LMKit.swiftmodule (in target 'LMKit' from project 'LMKit')
    cd /tmp/lm-enclosure-validation/LMKit
    builtin-copy -exclude .DS_Store -exclude CVS -exclude .svn -exclude .git -exclude .hg -resolve-src-symlinks -rename /tmp/lm-enclosure-validation/build/DerivedData/Build/Intermediates.noindex/LMKit.build/Debug-xrsimulator/LMKit.build/Objects-normal/x86_64/LMKit.swiftmodule /tmp/lm-enclosure-validation/build/DerivedData/Build/Products/Debug-xrsimulator/LMKit.swiftmodule/x86_64-apple-xros-simulator.swiftmodule

Copy /tmp/lm-enclosure-validation/build/DerivedData/Build/Products/Debug-xrsimulator/LMKit.swiftmodule/x86_64-apple-xros-simulator.swiftdoc /tmp/lm-enclosure-validation/build/DerivedData/Build/Intermediates.noindex/LMKit.build/Debug-xrsimulator/LMKit.build/Objects-normal/x86_64/LMKit.swiftdoc (in target 'LMKit' from project 'LMKit')
    cd /tmp/lm-enclosure-validation/LMKit
    builtin-copy -exclude .DS_Store -exclude CVS -exclude .svn -exclude .git -exclude .hg -resolve-src-symlinks -rename /tmp/lm-enclosure-validation/build/DerivedData/Build/Intermediates.noindex/LMKit.build/Debug-xrsimulator/LMKit.build/Objects-normal/x86_64/LMKit.swiftdoc /tmp/lm-enclosure-validation/build/DerivedData/Build/Products/Debug-xrsimulator/LMKit.swiftmodule/x86_64-apple-xros-simulator.swiftdoc

Copy /tmp/lm-enclosure-validation/build/DerivedData/Build/Products/Debug-xrsimulator/LMKit.swiftmodule/x86_64-apple-xros-simulator.abi.json /tmp/lm-enclosure-validation/build/DerivedData/Build/Intermediates.noindex/LMKit.build/Debug-xrsimulator/LMKit.build/Objects-normal/x86_64/LMKit.abi.json (in target 'LMKit' from project 'LMKit')
    cd /tmp/lm-enclosure-validation/LMKit
    builtin-copy -exclude .DS_Store -exclude CVS -exclude .svn -exclude .git -exclude .hg -resolve-src-symlinks -rename /tmp/lm-enclosure-validation/build/DerivedData/Build/Intermediates.noindex/LMKit.build/Debug-xrsimulator/LMKit.build/Objects-normal/x86_64/LMKit.abi.json /tmp/lm-enclosure-validation/build/DerivedData/Build/Products/Debug-xrsimulator/LMKit.swiftmodule/x86_64-apple-xros-simulator.abi.json

Copy /tmp/lm-enclosure-validation/build/DerivedData/Build/Products/Debug-xrsimulator/LMKit.swiftmodule/Project/x86_64-apple-xros-simulator.swiftsourceinfo /tmp/lm-enclosure-validation/build/DerivedData/Build/Intermediates.noindex/LMKit.build/Debug-xrsimulator/LMKit.build/Objects-normal/x86_64/LMKit.swiftsourceinfo (in target 'LMKit' from project 'LMKit')
    cd /tmp/lm-enclosure-validation/LMKit
    builtin-copy -exclude .DS_Store -exclude CVS -exclude .svn -exclude .git -exclude .hg -resolve-src-symlinks -rename /tmp/lm-enclosure-validation/build/DerivedData/Build/Intermediates.noindex/LMKit.build/Debug-xrsimulator/LMKit.build/Objects-normal/x86_64/LMKit.swiftsourceinfo /tmp/lm-enclosure-validation/build/DerivedData/Build/Products/Debug-xrsimulator/LMKit.swiftmodule/Project/x86_64-apple-xros-simulator.swiftsourceinfo

SwiftDriver\ Compilation\ Requirements AGC normal x86_64 com.apple.xcode.tools.swift.compiler (in target 'AGC' from project 'AGC')
    cd /tmp/lm-enclosure-validation/LM/LM.xcodeproj
    builtin-Swift-Compilation-Requirements -- /Applications/Xcode-26.6.0.app/Contents/Developer/Toolchains/XcodeDefault.xctoolchain/usr/bin/swiftc -module-name AGC -Onone @/tmp/lm-enclosure-validation/build/DerivedData/Build/Intermediates.noindex/AGC.build/Debug-xrsimulator/AGC.build/Objects-normal/x86_64/AGC.SwiftFileList -DSWIFT_PACKAGE -DDEBUG -DSWIFT_MODULE_RESOURCE_BUNDLE_UNAVAILABLE -DXcode -plugin-path /Applications/Xcode-26.6.0.app/Contents/Developer/Toolchains/XcodeDefault.xctoolchain/usr/lib/swift/host/plugins/testing -enable-experimental-feature DebugDescriptionMacro -sdk /Applications/Xcode-26.6.0.app/Contents/Developer/Platforms/XRSimulator.platform/Developer/SDKs/XRSimulator26.5.sdk -target x86_64-apple-xros1.0-simulator -g -module-cache-path /tmp/lm-enclosure-validation/build/DerivedData/ModuleCache.noindex -Xfrontend -serialize-debugging-options -profile-coverage-mapping -profile-generate -enable-testing -suppress-warnings -index-store-path /tmp/lm-enclosure-validation/build/DerivedData/Index.noindex/DataStore -Xcc -D_LIBCPP_HARDENING_MODE\=_LIBCPP_HARDENING_MODE_DEBUG -swift-version 6 -I /tmp/lm-enclosure-validation/build/DerivedData/Build/Products/Debug-xrsimulator -Isystem /Applications/Xcode-26.6.0.app/Contents/Developer/Platforms/XRSimulator.platform/Developer/usr/lib -F /tmp/lm-enclosure-validation/build/DerivedData/Build/Products/Debug-xrsimulator -F /Applications/Xcode-26.6.0.app/Contents/Developer/Platforms/XRSimulator.platform/Developer/Library/Frameworks -F /Applications/Xcode-26.6.0.app/Contents/Developer/Platforms/XRSimulator.platform/Developer/SDKs/XRSimulator26.5.sdk/Developer/Library/Frameworks -c -j18 -enable-batch-mode -incremental -Xcc -ivfsstatcache -Xcc /tmp/lm-enclosure-validation/build/DerivedData/SDKStatCaches.noindex/xrsimulator26.5-23O469-688ef53f1462e2c8f657fdc38a81448f05f5f2c4c85e58a13fa9f64b8b5e08f4.sdkstatcache -output-file-map /tmp/lm-enclosure-validation/build/DerivedData/Build/Intermediates.noindex/AGC.build/Debug-xrsimulator/AGC.build/Objects-normal/x86_64/AGC-OutputFileMap.json -use-frontend-parseable-output -save-temps -no-color-diagnostics -explicit-module-build -module-cache-path /tmp/lm-enclosure-validation/build/DerivedData/Build/Intermediates.noindex/SwiftExplicitPrecompiledModules -clang-scanner-module-cache-path /tmp/lm-enclosure-validation/build/DerivedData/ModuleCache.noindex -sdk-module-cache-path /tmp/lm-enclosure-validation/build/DerivedData/ModuleCache.noindex -serialize-diagnostics -emit-dependencies -emit-module -emit-module-path /tmp/lm-enclosure-validation/build/DerivedData/Build/Intermediates.noindex/AGC.build/Debug-xrsimulator/AGC.build/Objects-normal/x86_64/AGC.swiftmodule -validate-clang-modules-once -clang-build-session-file /tmp/lm-enclosure-validation/build/DerivedData/ModuleCache.noindex/Session.modulevalidation -package-name agc -Xcc -I/tmp/lm-enclosure-validation/build/DerivedData/Build/Intermediates.noindex/AGC.build/Debug-xrsimulator/AGC.build/swift-overrides.hmap -emit-const-values -Xfrontend -const-gather-protocols-file -Xfrontend /tmp/lm-enclosure-validation/build/DerivedData/Build/Intermediates.noindex/AGC.build/Debug-xrsimulator/AGC.build/Objects-normal/x86_64/AGC_const_extract_protocols.json -Xcc -I/tmp/lm-enclosure-validation/build/DerivedData/Build/Products/Debug-xrsimulator/include -Xcc -I/tmp/lm-enclosure-validation/build/DerivedData/Build/Intermediates.noindex/AGC.build/Debug-xrsimulator/AGC.build/DerivedSources-normal/x86_64 -Xcc -I/tmp/lm-enclosure-validation/build/DerivedData/Build/Intermediates.noindex/AGC.build/Debug-xrsimulator/AGC.build/DerivedSources/x86_64 -Xcc -I/tmp/lm-enclosure-validation/build/DerivedData/Build/Intermediates.noindex/AGC.build/Debug-xrsimulator/AGC.build/DerivedSources -Xcc -DSWIFT_PACKAGE -Xcc -DDEBUG\=1 -emit-objc-header -emit-objc-header-path /tmp/lm-enclosure-validation/build/DerivedData/Build/Intermediates.noindex/AGC.build/Debug-xrsimulator/AGC.build/Objects-normal/x86_64/AGC-Swift.h -working-directory /tmp/lm-enclosure-validation/LM/LM.xcodeproj -experimental-emit-module-separately -disable-cmo

SwiftMergeGeneratedHeaders /tmp/lm-enclosure-validation/build/DerivedData/Build/Intermediates.noindex/GeneratedModuleMaps-xrsimulator/AGC-Swift.h /tmp/lm-enclosure-validation/build/DerivedData/Build/Intermediates.noindex/AGC.build/Debug-xrsimulator/AGC.build/Objects-normal/arm64/AGC-Swift.h /tmp/lm-enclosure-validation/build/DerivedData/Build/Intermediates.noindex/AGC.build/Debug-xrsimulator/AGC.build/Objects-normal/x86_64/AGC-Swift.h (in target 'AGC' from project 'AGC')
    cd /tmp/lm-enclosure-validation/AGC
    builtin-swiftHeaderTool -arch arm64 /tmp/lm-enclosure-validation/build/DerivedData/Build/Intermediates.noindex/AGC.build/Debug-xrsimulator/AGC.build/Objects-normal/arm64/AGC-Swift.h -arch x86_64 /tmp/lm-enclosure-validation/build/DerivedData/Build/Intermediates.noindex/AGC.build/Debug-xrsimulator/AGC.build/Objects-normal/x86_64/AGC-Swift.h -o /tmp/lm-enclosure-validation/build/DerivedData/Build/Intermediates.noindex/GeneratedModuleMaps-xrsimulator/AGC-Swift.h

Copy /tmp/lm-enclosure-validation/build/DerivedData/Build/Products/Debug-xrsimulator/AGC.swiftmodule/x86_64-apple-xros-simulator.swiftmodule /tmp/lm-enclosure-validation/build/DerivedData/Build/Intermediates.noindex/AGC.build/Debug-xrsimulator/AGC.build/Objects-normal/x86_64/AGC.swiftmodule (in target 'AGC' from project 'AGC')
    cd /tmp/lm-enclosure-validation/AGC
    builtin-copy -exclude .DS_Store -exclude CVS -exclude .svn -exclude .git -exclude .hg -resolve-src-symlinks -rename /tmp/lm-enclosure-validation/build/DerivedData/Build/Intermediates.noindex/AGC.build/Debug-xrsimulator/AGC.build/Objects-normal/x86_64/AGC.swiftmodule /tmp/lm-enclosure-validation/build/DerivedData/Build/Products/Debug-xrsimulator/AGC.swiftmodule/x86_64-apple-xros-simulator.swiftmodule

Copy /tmp/lm-enclosure-validation/build/DerivedData/Build/Products/Debug-xrsimulator/AGC.swiftmodule/x86_64-apple-xros-simulator.swiftdoc /tmp/lm-enclosure-validation/build/DerivedData/Build/Intermediates.noindex/AGC.build/Debug-xrsimulator/AGC.build/Objects-normal/x86_64/AGC.swiftdoc (in target 'AGC' from project 'AGC')
    cd /tmp/lm-enclosure-validation/AGC
    builtin-copy -exclude .DS_Store -exclude CVS -exclude .svn -exclude .git -exclude .hg -resolve-src-symlinks -rename /tmp/lm-enclosure-validation/build/DerivedData/Build/Intermediates.noindex/AGC.build/Debug-xrsimulator/AGC.build/Objects-normal/x86_64/AGC.swiftdoc /tmp/lm-enclosure-validation/build/DerivedData/Build/Products/Debug-xrsimulator/AGC.swiftmodule/x86_64-apple-xros-simulator.swiftdoc

Copy /tmp/lm-enclosure-validation/build/DerivedData/Build/Products/Debug-xrsimulator/AGC.swiftmodule/x86_64-apple-xros-simulator.abi.json /tmp/lm-enclosure-validation/build/DerivedData/Build/Intermediates.noindex/AGC.build/Debug-xrsimulator/AGC.build/Objects-normal/x86_64/AGC.abi.json (in target 'AGC' from project 'AGC')
    cd /tmp/lm-enclosure-validation/AGC
    builtin-copy -exclude .DS_Store -exclude CVS -exclude .svn -exclude .git -exclude .hg -resolve-src-symlinks -rename /tmp/lm-enclosure-validation/build/DerivedData/Build/Intermediates.noindex/AGC.build/Debug-xrsimulator/AGC.build/Objects-normal/x86_64/AGC.abi.json /tmp/lm-enclosure-validation/build/DerivedData/Build/Products/Debug-xrsimulator/AGC.swiftmodule/x86_64-apple-xros-simulator.abi.json

Copy /tmp/lm-enclosure-validation/build/DerivedData/Build/Products/Debug-xrsimulator/AGC.swiftmodule/Project/x86_64-apple-xros-simulator.swiftsourceinfo /tmp/lm-enclosure-validation/build/DerivedData/Build/Intermediates.noindex/AGC.build/Debug-xrsimulator/AGC.build/Objects-normal/x86_64/AGC.swiftsourceinfo (in target 'AGC' from project 'AGC')
    cd /tmp/lm-enclosure-validation/AGC
    builtin-copy -exclude .DS_Store -exclude CVS -exclude .svn -exclude .git -exclude .hg -resolve-src-symlinks -rename /tmp/lm-enclosure-validation/build/DerivedData/Build/Intermediates.noindex/AGC.build/Debug-xrsimulator/AGC.build/Objects-normal/x86_64/AGC.swiftsourceinfo /tmp/lm-enclosure-validation/build/DerivedData/Build/Products/Debug-xrsimulator/AGC.swiftmodule/Project/x86_64-apple-xros-simulator.swiftsourceinfo

SwiftCompile normal x86_64 Compiling\ LMKitAssets.swift /tmp/lm-enclosure-validation/LMKit/Sources/LMKit/LMKitAssets.swift (in target 'LMKit' from project 'LMKit')

SwiftCompile normal x86_64 /tmp/lm-enclosure-validation/LMKit/Sources/LMKit/LMKitAssets.swift (in target 'LMKit' from project 'LMKit')
    cd /tmp/lm-enclosure-validation/LM/LM.xcodeproj
    

SwiftCompile normal x86_64 Compiling\ AGCDebugger.swift,\ AGCEngine.swift /tmp/lm-enclosure-validation/AGC/Sources/AGC/AGCDebugger.swift /tmp/lm-enclosure-validation/AGC/Sources/AGC/AGCEngine.swift (in target 'AGC' from project 'AGC')
SwiftCompile normal x86_64 /tmp/lm-enclosure-validation/AGC/Sources/AGC/AGCDebugger.swift (in target 'AGC' from project 'AGC')
    cd /tmp/lm-enclosure-validation/LM/LM.xcodeproj
    

SwiftCompile normal x86_64 /tmp/lm-enclosure-validation/AGC/Sources/AGC/AGCEngine.swift (in target 'AGC' from project 'AGC')
    cd /tmp/lm-enclosure-validation/LM/LM.xcodeproj
    

SwiftDriverJobDiscovery normal x86_64 Compiling resource_bundle_accessor.swift (in target 'RealityKitContent' from project 'RealityKitContent')

SwiftDriverJobDiscovery normal x86_64 Compiling AGCEnginePeripherals.swift (in target 'AGC' from project 'AGC')

SwiftCompile normal x86_64 Compiling\ AGC.swift,\ AGCChannelTrace.swift /tmp/lm-enclosure-validation/AGC/Sources/AGC/AGC.swift /tmp/lm-enclosure-validation/AGC/Sources/AGC/AGCChannelTrace.swift (in target 'AGC' from project 'AGC')
SwiftCompile normal x86_64 /tmp/lm-enclosure-validation/AGC/Sources/AGC/AGC.swift (in target 'AGC' from project 'AGC')
    cd /tmp/lm-enclosure-validation/LM/LM.xcodeproj
    

SwiftCompile normal x86_64 /tmp/lm-enclosure-validation/AGC/Sources/AGC/AGCChannelTrace.swift (in target 'AGC' from project 'AGC')
    cd /tmp/lm-enclosure-validation/LM/LM.xcodeproj
    

SwiftCompile normal x86_64 Compiling\ AGCEngineChannels.swift,\ AGCEngineCounters.swift /tmp/lm-enclosure-validation/AGC/Sources/AGC/AGCEngineChannels.swift /tmp/lm-enclosure-validation/AGC/Sources/AGC/AGCEngineCounters.swift (in target 'AGC' from project 'AGC')

SwiftCompile normal x86_64 /tmp/lm-enclosure-validation/AGC/Sources/AGC/AGCEngineChannels.swift (in target 'AGC' from project 'AGC')
    cd /tmp/lm-enclosure-validation/LM/LM.xcodeproj
    

SwiftCompile normal x86_64 /tmp/lm-enclosure-validation/AGC/Sources/AGC/AGCEngineCounters.swift (in target 'AGC' from project 'AGC')
    cd /tmp/lm-enclosure-validation/LM/LM.xcodeproj
    

SwiftDriverJobDiscovery normal x86_64 Compiling RealityKitContent.swift (in target 'RealityKitContent' from project 'RealityKitContent')

SwiftDriver\ Compilation RealityKitContent normal x86_64 com.apple.xcode.tools.swift.compiler (in target 'RealityKitContent' from project 'RealityKitContent')
    cd /tmp/lm-enclosure-validation/LM/LM.xcodeproj
    builtin-Swift-Compilation -- /Applications/Xcode-26.6.0.app/Contents/Developer/Toolchains/XcodeDefault.xctoolchain/usr/bin/swiftc -module-name RealityKitContent -Onone @/tmp/lm-enclosure-validation/build/DerivedData/Build/Intermediates.noindex/RealityKitContent.build/Debug-xrsimulator/RealityKitContent.build/Objects-normal/x86_64/RealityKitContent.SwiftFileList -DSWIFT_PACKAGE -DDEBUG -DSWIFT_MODULE_RESOURCE_BUNDLE_AVAILABLE -DXcode -plugin-path /Applications/Xcode-26.6.0.app/Contents/Developer/Toolchains/XcodeDefault.xctoolchain/usr/lib/swift/host/plugins/testing -enable-experimental-feature DebugDescriptionMacro -sdk /Applications/Xcode-26.6.0.app/Contents/Developer/Platforms/XRSimulator.platform/Developer/SDKs/XRSimulator26.5.sdk -target x86_64-apple-xros2.0-simulator -g -module-cache-path /tmp/lm-enclosure-validation/build/DerivedData/ModuleCache.noindex -Xfrontend -serialize-debugging-options -profile-coverage-mapping -profile-generate -enable-testing -index-store-path /tmp/lm-enclosure-validation/build/DerivedData/Index.noindex/DataStore -Xcc -D_LIBCPP_HARDENING_MODE\=_LIBCPP_HARDENING_MODE_DEBUG -swift-version 6 -I /tmp/lm-enclosure-validation/build/DerivedData/Build/Products/Debug-xrsimulator -Isystem /Applications/Xcode-26.6.0.app/Contents/Developer/Platforms/XRSimulator.platform/Developer/usr/lib -F /tmp/lm-enclosure-validation/build/DerivedData/Build/Products/Debug-xrsimulator -F /Applications/Xcode-26.6.0.app/Contents/Developer/Platforms/XRSimulator.platform/Developer/Library/Frameworks -F /Applications/Xcode-26.6.0.app/Contents/Developer/Platforms/XRSimulator.platform/Developer/SDKs/XRSimulator26.5.sdk/Developer/Library/Frameworks -c -j18 -enable-batch-mode -incremental -Xcc -ivfsstatcache -Xcc /tmp/lm-enclosure-validation/build/DerivedData/SDKStatCaches.noindex/xrsimulator26.5-23O469-688ef53f1462e2c8f657fdc38a81448f05f5f2c4c85e58a13fa9f64b8b5e08f4.sdkstatcache -output-file-map /tmp/lm-enclosure-validation/build/DerivedData/Build/Intermediates.noindex/RealityKitContent.build/Debug-xrsimulator/RealityKitContent.build/Objects-normal/x86_64/RealityKitContent-OutputFileMap.json -use-frontend-parseable-output -save-temps -no-color-diagnostics -explicit-module-build -module-cache-path /tmp/lm-enclosure-validation/build/DerivedData/Build/Intermediates.noindex/SwiftExplicitPrecompiledModules -clang-scanner-module-cache-path /tmp/lm-enclosure-validation/build/DerivedData/ModuleCache.noindex -sdk-module-cache-path /tmp/lm-enclosure-validation/build/DerivedData/ModuleCache.noindex -serialize-diagnostics -emit-dependencies -emit-module -emit-module-path /tmp/lm-enclosure-validation/build/DerivedData/Build/Intermediates.noindex/RealityKitContent.build/Debug-xrsimulator/RealityKitContent.build/Objects-normal/x86_64/RealityKitContent.swiftmodule -validate-clang-modules-once -clang-build-session-file /tmp/lm-enclosure-validation/build/DerivedData/ModuleCache.noindex/Session.modulevalidation -package-name realitykitcontent -Xcc -I/tmp/lm-enclosure-validation/build/DerivedData/Build/Intermediates.noindex/RealityKitContent.build/Debug-xrsimulator/RealityKitContent.build/swift-overrides.hmap -emit-const-values -Xfrontend -const-gather-protocols-file -Xfrontend /tmp/lm-enclosure-validation/build/DerivedData/Build/Intermediates.noindex/RealityKitContent.build/Debug-xrsimulator/RealityKitContent.build/Objects-normal/x86_64/RealityKitContent_const_extract_protocols.json -Xcc -I/tmp/lm-enclosure-validation/build/DerivedData/Build/Products/Debug-xrsimulator/include -Xcc -I/tmp/lm-enclosure-validation/build/DerivedData/Build/Intermediates.noindex/RealityKitContent.build/Debug-xrsimulator/RealityKitContent.build/DerivedSources-normal/x86_64 -Xcc -I/tmp/lm-enclosure-validation/build/DerivedData/Build/Intermediates.noindex/RealityKitContent.build/Debug-xrsimulator/RealityKitContent.build/DerivedSources/x86_64 -Xcc -I/tmp/lm-enclosure-validation/build/DerivedData/Build/Intermediates.noindex/RealityKitContent.build/Debug-xrsimulator/RealityKitContent.build/DerivedSources -Xcc -DSWIFT_PACKAGE -Xcc -DDEBUG\=1 -emit-objc-header -emit-objc-header-path /tmp/lm-enclosure-validation/build/DerivedData/Build/Intermediates.noindex/RealityKitContent.build/Debug-xrsimulator/RealityKitContent.build/Objects-normal/x86_64/RealityKitContent-Swift.h -working-directory /tmp/lm-enclosure-validation/LM/LM.xcodeproj -experimental-emit-module-separately -disable-cmo

SwiftDriverJobDiscovery normal x86_64 Compiling AGCEngineInterrupts.swift, AGCEngineMemory.swift (in target 'AGC' from project 'AGC')

SwiftCompile normal x86_64 Compiling\ AGCEngineExecution.swift,\ AGCEngineInstructions.swift /tmp/lm-enclosure-validation/AGC/Sources/AGC/AGCEngineExecution.swift /tmp/lm-enclosure-validation/AGC/Sources/AGC/AGCEngineInstructions.swift (in target 'AGC' from project 'AGC')
SwiftCompile normal x86_64 /tmp/lm-enclosure-validation/AGC/Sources/AGC/AGCEngineExecution.swift (in target 'AGC' from project 'AGC')
    cd /tmp/lm-enclosure-validation/LM/LM.xcodeproj
    

SwiftCompile normal x86_64 /tmp/lm-enclosure-validation/AGC/Sources/AGC/AGCEngineInstructions.swift (in target 'AGC' from project 'AGC')
    cd /tmp/lm-enclosure-validation/LM/LM.xcodeproj
    

SwiftDriverJobDiscovery normal x86_64 Compiling AGCEngineNumerics.swift, AGCEnginePeripheralTypes.swift (in target 'AGC' from project 'AGC')

Ld /tmp/lm-enclosure-validation/build/DerivedData/Build/Intermediates.noindex/RealityKitContent.build/Debug-xrsimulator/RealityKitContent.build/Objects-normal/x86_64/Binary/RealityKitContent.o normal x86_64 (in target 'RealityKitContent' from project 'RealityKitContent')
    cd /tmp/lm-enclosure-validation/LM/Packages/RealityKitContent
    /Applications/Xcode-26.6.0.app/Contents/Developer/Toolchains/XcodeDefault.xctoolchain/usr/bin/clang -Xlinker -reproducible -target x86_64-apple-xros2.0-simulator -r -isysroot /Applications/Xcode-26.6.0.app/Contents/Developer/Platforms/XRSimulator.platform/Developer/SDKs/XRSimulator26.5.sdk -O0 -F/tmp/lm-enclosure-validation/build/DerivedData/Build/Intermediates.noindex/EagerLinkingTBDs/Debug-xrsimulator -F/tmp/lm-enclosure-validation/build/DerivedData/Build/Products/Debug-xrsimulator -iframework /Applications/Xcode-26.6.0.app/Contents/Developer/Platforms/XRSimulator.platform/Developer/Library/Frameworks -iframework /Applications/Xcode-26.6.0.app/Contents/Developer/Platforms/XRSimulator.platform/Developer/SDKs/XRSimulator26.5.sdk/Developer/Library/Frameworks -filelist /tmp/lm-enclosure-validation/build/DerivedData/Build/Intermediates.noindex/RealityKitContent.build/Debug-xrsimulator/RealityKitContent.build/Objects-normal/x86_64/RealityKitContent.LinkFileList -nostdlib -Xlinker -object_path_lto -Xlinker /tmp/lm-enclosure-validation/build/DerivedData/Build/Intermediates.noindex/RealityKitContent.build/Debug-xrsimulator/RealityKitContent.build/Objects-normal/x86_64/RealityKitContent_lto.o -Xlinker -no_deduplicate -Xlinker -objc_abi_version -Xlinker 2 -Xlinker -debug_variant -Xlinker -dependency_info -Xlinker /tmp/lm-enclosure-validation/build/DerivedData/Build/Intermediates.noindex/RealityKitContent.build/Debug-xrsimulator/RealityKitContent.build/Objects-normal/x86_64/RealityKitContent_dependency_info.dat -fobjc-link-runtime -L/Applications/Xcode-26.6.0.app/Contents/Developer/Toolchains/XcodeDefault.xctoolchain/usr/lib/swift/xrsimulator -L/usr/lib/swift -Xlinker -add_ast_path -Xlinker /tmp/lm-enclosure-validation/build/DerivedData/Build/Intermediates.noindex/RealityKitContent.build/Debug-xrsimulator/RealityKitContent.build/Objects-normal/x86_64/RealityKitContent.swiftmodule @/tmp/lm-enclosure-validation/build/DerivedData/Build/Intermediates.noindex/RealityKitContent.build/Debug-xrsimulator/RealityKitContent.build/Objects-normal/x86_64/RealityKitContent-linker-args.resp -o /tmp/lm-enclosure-validation/build/DerivedData/Build/Intermediates.noindex/RealityKitContent.build/Debug-xrsimulator/RealityKitContent.build/Objects-normal/x86_64/Binary/RealityKitContent.o

Ld /tmp/lm-enclosure-validation/build/DerivedData/Build/Intermediates.noindex/RealityKitContent.build/Debug-xrsimulator/RealityKitContent.build/Objects-normal/arm64/Binary/RealityKitContent.o normal arm64 (in target 'RealityKitContent' from project 'RealityKitContent')
    cd /tmp/lm-enclosure-validation/LM/Packages/RealityKitContent
    /Applications/Xcode-26.6.0.app/Contents/Developer/Toolchains/XcodeDefault.xctoolchain/usr/bin/clang -Xlinker -reproducible -target arm64-apple-xros2.0-simulator -r -isysroot /Applications/Xcode-26.6.0.app/Contents/Developer/Platforms/XRSimulator.platform/Developer/SDKs/XRSimulator26.5.sdk -O0 -F/tmp/lm-enclosure-validation/build/DerivedData/Build/Intermediates.noindex/EagerLinkingTBDs/Debug-xrsimulator -F/tmp/lm-enclosure-validation/build/DerivedData/Build/Products/Debug-xrsimulator -iframework /Applications/Xcode-26.6.0.app/Contents/Developer/Platforms/XRSimulator.platform/Developer/Library/Frameworks -iframework /Applications/Xcode-26.6.0.app/Contents/Developer/Platforms/XRSimulator.platform/Developer/SDKs/XRSimulator26.5.sdk/Developer/Library/Frameworks -filelist /tmp/lm-enclosure-validation/build/DerivedData/Build/Intermediates.noindex/RealityKitContent.build/Debug-xrsimulator/RealityKitContent.build/Objects-normal/arm64/RealityKitContent.LinkFileList -nostdlib -Xlinker -object_path_lto -Xlinker /tmp/lm-enclosure-validation/build/DerivedData/Build/Intermediates.noindex/RealityKitContent.build/Debug-xrsimulator/RealityKitContent.build/Objects-normal/arm64/RealityKitContent_lto.o -Xlinker -no_deduplicate -Xlinker -objc_abi_version -Xlinker 2 -Xlinker -debug_variant -Xlinker -dependency_info -Xlinker /tmp/lm-enclosure-validation/build/DerivedData/Build/Intermediates.noindex/RealityKitContent.build/Debug-xrsimulator/RealityKitContent.build/Objects-normal/arm64/RealityKitContent_dependency_info.dat -fobjc-link-runtime -L/Applications/Xcode-26.6.0.app/Contents/Developer/Toolchains/XcodeDefault.xctoolchain/usr/lib/swift/xrsimulator -L/usr/lib/swift -Xlinker -add_ast_path -Xlinker /tmp/lm-enclosure-validation/build/DerivedData/Build/Intermediates.noindex/RealityKitContent.build/Debug-xrsimulator/RealityKitContent.build/Objects-normal/arm64/RealityKitContent.swiftmodule @/tmp/lm-enclosure-validation/build/DerivedData/Build/Intermediates.noindex/RealityKitContent.build/Debug-xrsimulator/RealityKitContent.build/Objects-normal/arm64/RealityKitContent-linker-args.resp -o /tmp/lm-enclosure-validation/build/DerivedData/Build/Intermediates.noindex/RealityKitContent.build/Debug-xrsimulator/RealityKitContent.build/Objects-normal/arm64/Binary/RealityKitContent.o

SwiftDriverJobDiscovery normal x86_64 Compiling AGCEngineRuntimeIO.swift (in target 'AGC' from project 'AGC')

Ld /tmp/lm-enclosure-validation/build/DerivedData/Build/Intermediates.noindex/LMKit.build/Debug-xrsimulator/LMKit.build/Objects-normal/arm64/Binary/LMKit.o normal arm64 (in target 'LMKit' from project 'LMKit')
    cd /tmp/lm-enclosure-validation/LMKit
    /Applications/Xcode-26.6.0.app/Contents/Developer/Toolchains/XcodeDefault.xctoolchain/usr/bin/clang -Xlinker -reproducible -target arm64-apple-xros2.0-simulator -r -isysroot /Applications/Xcode-26.6.0.app/Contents/Developer/Platforms/XRSimulator.platform/Developer/SDKs/XRSimulator26.5.sdk -O0 -w -F/tmp/lm-enclosure-validation/build/DerivedData/Build/Intermediates.noindex/EagerLinkingTBDs/Debug-xrsimulator -F/tmp/lm-enclosure-validation/build/DerivedData/Build/Products/Debug-xrsimulator -iframework /Applications/Xcode-26.6.0.app/Contents/Developer/Platforms/XRSimulator.platform/Developer/Library/Frameworks -iframework /Applications/Xcode-26.6.0.app/Contents/Developer/Platforms/XRSimulator.platform/Developer/SDKs/XRSimulator26.5.sdk/Developer/Library/Frameworks -filelist /tmp/lm-enclosure-validation/build/DerivedData/Build/Intermediates.noindex/LMKit.build/Debug-xrsimulator/LMKit.build/Objects-normal/arm64/LMKit.LinkFileList -nostdlib -Xlinker -object_path_lto -Xlinker /tmp/lm-enclosure-validation/build/DerivedData/Build/Intermediates.noindex/LMKit.build/Debug-xrsimulator/LMKit.build/Objects-normal/arm64/LMKit_lto.o -Xlinker -no_deduplicate -Xlinker -objc_abi_version -Xlinker 2 -Xlinker -debug_variant -Xlinker -dependency_info -Xlinker /tmp/lm-enclosure-validation/build/DerivedData/Build/Intermediates.noindex/LMKit.build/Debug-xrsimulator/LMKit.build/Objects-normal/arm64/LMKit_dependency_info.dat -fobjc-link-runtime -L/Applications/Xcode-26.6.0.app/Contents/Developer/Toolchains/XcodeDefault.xctoolchain/usr/lib/swift/xrsimulator -L/usr/lib/swift -Xlinker -add_ast_path -Xlinker /tmp/lm-enclosure-validation/build/DerivedData/Build/Intermediates.noindex/LMKit.build/Debug-xrsimulator/LMKit.build/Objects-normal/arm64/LMKit.swiftmodule @/tmp/lm-enclosure-validation/build/DerivedData/Build/Intermediates.noindex/LMKit.build/Debug-xrsimulator/LMKit.build/Objects-normal/arm64/LMKit-linker-args.resp -o /tmp/lm-enclosure-validation/build/DerivedData/Build/Intermediates.noindex/LMKit.build/Debug-xrsimulator/LMKit.build/Objects-normal/arm64/Binary/LMKit.o

Ld /tmp/lm-enclosure-validation/build/DerivedData/Build/Intermediates.noindex/AGC.build/Debug-xrsimulator/AGC.build/Objects-normal/arm64/Binary/AGC.o normal arm64 (in target 'AGC' from project 'AGC')
    cd /tmp/lm-enclosure-validation/AGC
    /Applications/Xcode-26.6.0.app/Contents/Developer/Toolchains/XcodeDefault.xctoolchain/usr/bin/clang -Xlinker -reproducible -target arm64-apple-xros1.0-simulator -r -isysroot /Applications/Xcode-26.6.0.app/Contents/Developer/Platforms/XRSimulator.platform/Developer/SDKs/XRSimulator26.5.sdk -O0 -w -F/tmp/lm-enclosure-validation/build/DerivedData/Build/Intermediates.noindex/EagerLinkingTBDs/Debug-xrsimulator -F/tmp/lm-enclosure-validation/build/DerivedData/Build/Products/Debug-xrsimulator -iframework /Applications/Xcode-26.6.0.app/Contents/Developer/Platforms/XRSimulator.platform/Developer/Library/Frameworks -iframework /Applications/Xcode-26.6.0.app/Contents/Developer/Platforms/XRSimulator.platform/Developer/SDKs/XRSimulator26.5.sdk/Developer/Library/Frameworks -filelist /tmp/lm-enclosure-validation/build/DerivedData/Build/Intermediates.noindex/AGC.build/Debug-xrsimulator/AGC.build/Objects-normal/arm64/AGC.LinkFileList -nostdlib -Xlinker -object_path_lto -Xlinker /tmp/lm-enclosure-validation/build/DerivedData/Build/Intermediates.noindex/AGC.build/Debug-xrsimulator/AGC.build/Objects-normal/arm64/AGC_lto.o -Xlinker -no_deduplicate -Xlinker -objc_abi_version -Xlinker 2 -Xlinker -debug_variant -Xlinker -dependency_info -Xlinker /tmp/lm-enclosure-validation/build/DerivedData/Build/Intermediates.noindex/AGC.build/Debug-xrsimulator/AGC.build/Objects-normal/arm64/AGC_dependency_info.dat -fobjc-link-runtime -L/Applications/Xcode-26.6.0.app/Contents/Developer/Toolchains/XcodeDefault.xctoolchain/usr/lib/swift/xrsimulator -L/usr/lib/swift -Xlinker -add_ast_path -Xlinker /tmp/lm-enclosure-validation/build/DerivedData/Build/Intermediates.noindex/AGC.build/Debug-xrsimulator/AGC.build/Objects-normal/arm64/AGC.swiftmodule @/tmp/lm-enclosure-validation/build/DerivedData/Build/Intermediates.noindex/AGC.build/Debug-xrsimulator/AGC.build/Objects-normal/arm64/AGC-linker-args.resp -o /tmp/lm-enclosure-validation/build/DerivedData/Build/Intermediates.noindex/AGC.build/Debug-xrsimulator/AGC.build/Objects-normal/arm64/Binary/AGC.o

SwiftDriverJobDiscovery normal x86_64 Compiling AGCErasable.swift (in target 'AGC' from project 'AGC')

SwiftDriverJobDiscovery normal x86_64 Compiling resource_bundle_accessor.swift (in target 'LMKit' from project 'LMKit')

SwiftDriverJobDiscovery normal x86_64 Compiling AGCSHA256.swift (in target 'AGC' from project 'AGC')

SwiftDriver LMCore normal x86_64 com.apple.xcode.tools.swift.compiler (in target 'LMCore' from project 'AGC')
    cd /tmp/lm-enclosure-validation/LM/LM.xcodeproj
    builtin-SwiftDriver -- /Applications/Xcode-26.6.0.app/Contents/Developer/Toolchains/XcodeDefault.xctoolchain/usr/bin/swiftc -module-name LMCore -Onone @/tmp/lm-enclosure-validation/build/DerivedData/Build/Intermediates.noindex/AGC.build/Debug-xrsimulator/LMCore.build/Objects-normal/x86_64/LMCore.SwiftFileList -DSWIFT_PACKAGE -DDEBUG -DSWIFT_MODULE_RESOURCE_BUNDLE_UNAVAILABLE -DXcode -plugin-path /Applications/Xcode-26.6.0.app/Contents/Developer/Toolchains/XcodeDefault.xctoolchain/usr/lib/swift/host/plugins/testing -enable-experimental-feature DebugDescriptionMacro -sdk /Applications/Xcode-26.6.0.app/Contents/Developer/Platforms/XRSimulator.platform/Developer/SDKs/XRSimulator26.5.sdk -target x86_64-apple-xros1.0-simulator -g -module-cache-path /tmp/lm-enclosure-validation/build/DerivedData/ModuleCache.noindex -Xfrontend -serialize-debugging-options -profile-coverage-mapping -profile-generate -enable-testing -suppress-warnings -index-store-path /tmp/lm-enclosure-validation/build/DerivedData/Index.noindex/DataStore -Xcc -D_LIBCPP_HARDENING_MODE\=_LIBCPP_HARDENING_MODE_DEBUG -swift-version 6 -I /tmp/lm-enclosure-validation/build/DerivedData/Build/Products/Debug-xrsimulator -Isystem /Applications/Xcode-26.6.0.app/Contents/Developer/Platforms/XRSimulator.platform/Developer/usr/lib -F /tmp/lm-enclosure-validation/build/DerivedData/Build/Products/Debug-xrsimulator/PackageFrameworks -F /tmp/lm-enclosure-validation/build/DerivedData/Build/Products/Debug-xrsimulator -F /Applications/Xcode-26.6.0.app/Contents/Developer/Platforms/XRSimulator.platform/Developer/Library/Frameworks -F /Applications/Xcode-26.6.0.app/Contents/Developer/Platforms/XRSimulator.platform/Developer/SDKs/XRSimulator26.5.sdk/Developer/Library/Frameworks -c -j18 -enable-batch-mode -incremental -Xcc -ivfsstatcache -Xcc /tmp/lm-enclosure-validation/build/DerivedData/SDKStatCaches.noindex/xrsimulator26.5-23O469-688ef53f1462e2c8f657fdc38a81448f05f5f2c4c85e58a13fa9f64b8b5e08f4.sdkstatcache -output-file-map /tmp/lm-enclosure-validation/build/DerivedData/Build/Intermediates.noindex/AGC.build/Debug-xrsimulator/LMCore.build/Objects-normal/x86_64/LMCore-OutputFileMap.json -use-frontend-parseable-output -save-temps -no-color-diagnostics -explicit-module-build -module-cache-path /tmp/lm-enclosure-validation/build/DerivedData/Build/Intermediates.noindex/SwiftExplicitPrecompiledModules -clang-scanner-module-cache-path /tmp/lm-enclosure-validation/build/DerivedData/ModuleCache.noindex -sdk-module-cache-path /tmp/lm-enclosure-validation/build/DerivedData/ModuleCache.noindex -serialize-diagnostics -emit-dependencies -emit-module -emit-module-path /tmp/lm-enclosure-validation/build/DerivedData/Build/Intermediates.noindex/AGC.build/Debug-xrsimulator/LMCore.build/Objects-normal/x86_64/LMCore.swiftmodule -validate-clang-modules-once -clang-build-session-file /tmp/lm-enclosure-validation/build/DerivedData/ModuleCache.noindex/Session.modulevalidation -package-name agc -Xcc -I/tmp/lm-enclosure-validation/build/DerivedData/Build/Intermediates.noindex/AGC.build/Debug-xrsimulator/LMCore.build/swift-overrides.hmap -emit-const-values -Xfrontend -const-gather-protocols-file -Xfrontend /tmp/lm-enclosure-validation/build/DerivedData/Build/Intermediates.noindex/AGC.build/Debug-xrsimulator/LMCore.build/Objects-normal/x86_64/LMCore_const_extract_protocols.json -Xcc -I/tmp/lm-enclosure-validation/build/DerivedData/Build/Products/Debug-xrsimulator/include -Xcc -I/tmp/lm-enclosure-validation/build/DerivedData/Build/Intermediates.noindex/AGC.build/Debug-xrsimulator/LMCore.build/DerivedSources-normal/x86_64 -Xcc -I/tmp/lm-enclosure-validation/build/DerivedData/Build/Intermediates.noindex/AGC.build/Debug-xrsimulator/LMCore.build/DerivedSources/x86_64 -Xcc -I/tmp/lm-enclosure-validation/build/DerivedData/Build/Intermediates.noindex/AGC.build/Debug-xrsimulator/LMCore.build/DerivedSources -Xcc -DSWIFT_PACKAGE -Xcc -DDEBUG\=1 -emit-objc-header -emit-objc-header-path /tmp/lm-enclosure-validation/build/DerivedData/Build/Intermediates.noindex/AGC.build/Debug-xrsimulator/LMCore.build/Objects-normal/x86_64/LMCore-Swift.h -working-directory /tmp/lm-enclosure-validation/LM/LM.xcodeproj -experimental-emit-module-separately -disable-cmo

SwiftDriver LMCore normal arm64 com.apple.xcode.tools.swift.compiler (in target 'LMCore' from project 'AGC')
    cd /tmp/lm-enclosure-validation/LM/LM.xcodeproj
    builtin-SwiftDriver -- /Applications/Xcode-26.6.0.app/Contents/Developer/Toolchains/XcodeDefault.xctoolchain/usr/bin/swiftc -module-name LMCore -Onone @/tmp/lm-enclosure-validation/build/DerivedData/Build/Intermediates.noindex/AGC.build/Debug-xrsimulator/LMCore.build/Objects-normal/arm64/LMCore.SwiftFileList -DSWIFT_PACKAGE -DDEBUG -DSWIFT_MODULE_RESOURCE_BUNDLE_UNAVAILABLE -DXcode -plugin-path /Applications/Xcode-26.6.0.app/Contents/Developer/Toolchains/XcodeDefault.xctoolchain/usr/lib/swift/host/plugins/testing -enable-experimental-feature DebugDescriptionMacro -sdk /Applications/Xcode-26.6.0.app/Contents/Developer/Platforms/XRSimulator.platform/Developer/SDKs/XRSimulator26.5.sdk -target arm64-apple-xros1.0-simulator -g -module-cache-path /tmp/lm-enclosure-validation/build/DerivedData/ModuleCache.noindex -Xfrontend -serialize-debugging-options -profile-coverage-mapping -profile-generate -enable-testing -suppress-warnings -index-store-path /tmp/lm-enclosure-validation/build/DerivedData/Index.noindex/DataStore -Xcc -D_LIBCPP_HARDENING_MODE\=_LIBCPP_HARDENING_MODE_DEBUG -swift-version 6 -I /tmp/lm-enclosure-validation/build/DerivedData/Build/Products/Debug-xrsimulator -Isystem /Applications/Xcode-26.6.0.app/Contents/Developer/Platforms/XRSimulator.platform/Developer/usr/lib -F /tmp/lm-enclosure-validation/build/DerivedData/Build/Products/Debug-xrsimulator/PackageFrameworks -F /tmp/lm-enclosure-validation/build/DerivedData/Build/Products/Debug-xrsimulator -F /Applications/Xcode-26.6.0.app/Contents/Developer/Platforms/XRSimulator.platform/Developer/Library/Frameworks -F /Applications/Xcode-26.6.0.app/Contents/Developer/Platforms/XRSimulator.platform/Developer/SDKs/XRSimulator26.5.sdk/Developer/Library/Frameworks -c -j18 -enable-batch-mode -incremental -Xcc -ivfsstatcache -Xcc /tmp/lm-enclosure-validation/build/DerivedData/SDKStatCaches.noindex/xrsimulator26.5-23O469-688ef53f1462e2c8f657fdc38a81448f05f5f2c4c85e58a13fa9f64b8b5e08f4.sdkstatcache -output-file-map /tmp/lm-enclosure-validation/build/DerivedData/Build/Intermediates.noindex/AGC.build/Debug-xrsimulator/LMCore.build/Objects-normal/arm64/LMCore-OutputFileMap.json -use-frontend-parseable-output -save-temps -no-color-diagnostics -explicit-module-build -module-cache-path /tmp/lm-enclosure-validation/build/DerivedData/Build/Intermediates.noindex/SwiftExplicitPrecompiledModules -clang-scanner-module-cache-path /tmp/lm-enclosure-validation/build/DerivedData/ModuleCache.noindex -sdk-module-cache-path /tmp/lm-enclosure-validation/build/DerivedData/ModuleCache.noindex -serialize-diagnostics -emit-dependencies -emit-module -emit-module-path /tmp/lm-enclosure-validation/build/DerivedData/Build/Intermediates.noindex/AGC.build/Debug-xrsimulator/LMCore.build/Objects-normal/arm64/LMCore.swiftmodule -validate-clang-modules-once -clang-build-session-file /tmp/lm-enclosure-validation/build/DerivedData/ModuleCache.noindex/Session.modulevalidation -package-name agc -Xcc -I/tmp/lm-enclosure-validation/build/DerivedData/Build/Intermediates.noindex/AGC.build/Debug-xrsimulator/LMCore.build/swift-overrides.hmap -emit-const-values -Xfrontend -const-gather-protocols-file -Xfrontend /tmp/lm-enclosure-validation/build/DerivedData/Build/Intermediates.noindex/AGC.build/Debug-xrsimulator/LMCore.build/Objects-normal/arm64/LMCore_const_extract_protocols.json -Xcc -I/tmp/lm-enclosure-validation/build/DerivedData/Build/Products/Debug-xrsimulator/include -Xcc -I/tmp/lm-enclosure-validation/build/DerivedData/Build/Intermediates.noindex/AGC.build/Debug-xrsimulator/LMCore.build/DerivedSources-normal/arm64 -Xcc -I/tmp/lm-enclosure-validation/build/DerivedData/Build/Intermediates.noindex/AGC.build/Debug-xrsimulator/LMCore.build/DerivedSources/arm64 -Xcc -I/tmp/lm-enclosure-validation/build/DerivedData/Build/Intermediates.noindex/AGC.build/Debug-xrsimulator/LMCore.build/DerivedSources -Xcc -DSWIFT_PACKAGE -Xcc -DDEBUG\=1 -emit-objc-header -emit-objc-header-path /tmp/lm-enclosure-validation/build/DerivedData/Build/Intermediates.noindex/AGC.build/Debug-xrsimulator/LMCore.build/Objects-normal/arm64/LMCore-Swift.h -working-directory /tmp/lm-enclosure-validation/LM/LM.xcodeproj -experimental-emit-module-separately -disable-cmo

SwiftDriverJobDiscovery normal x86_64 Compiling AGCScenarioRunner.swift (in target 'AGC' from project 'AGC')

SwiftDriverJobDiscovery normal x86_64 Compiling AGCIO.swift (in target 'AGC' from project 'AGC')

SwiftDriverJobDiscovery normal x86_64 Compiling DSKYSnapshot.swift (in target 'AGC' from project 'AGC')

SwiftDriverJobDiscovery normal x86_64 Compiling LMKitAssets.swift (in target 'LMKit' from project 'LMKit')

SwiftDriver\ Compilation LMKit normal x86_64 com.apple.xcode.tools.swift.compiler (in target 'LMKit' from project 'LMKit')
    cd /tmp/lm-enclosure-validation/LM/LM.xcodeproj
    builtin-Swift-Compilation -- /Applications/Xcode-26.6.0.app/Contents/Developer/Toolchains/XcodeDefault.xctoolchain/usr/bin/swiftc -module-name LMKit -Onone @/tmp/lm-enclosure-validation/build/DerivedData/Build/Intermediates.noindex/LMKit.build/Debug-xrsimulator/LMKit.build/Objects-normal/x86_64/LMKit.SwiftFileList -DSWIFT_PACKAGE -DDEBUG -DSWIFT_MODULE_RESOURCE_BUNDLE_AVAILABLE -DXcode -plugin-path /Applications/Xcode-26.6.0.app/Contents/Developer/Toolchains/XcodeDefault.xctoolchain/usr/lib/swift/host/plugins/testing -enable-experimental-feature DebugDescriptionMacro -sdk /Applications/Xcode-26.6.0.app/Contents/Developer/Platforms/XRSimulator.platform/Developer/SDKs/XRSimulator26.5.sdk -target x86_64-apple-xros2.0-simulator -g -module-cache-path /tmp/lm-enclosure-validation/build/DerivedData/ModuleCache.noindex -Xfrontend -serialize-debugging-options -profile-coverage-mapping -profile-generate -enable-testing -suppress-warnings -index-store-path /tmp/lm-enclosure-validation/build/DerivedData/Index.noindex/DataStore -Xcc -D_LIBCPP_HARDENING_MODE\=_LIBCPP_HARDENING_MODE_DEBUG -swift-version 6 -I /tmp/lm-enclosure-validation/build/DerivedData/Build/Products/Debug-xrsimulator -Isystem /Applications/Xcode-26.6.0.app/Contents/Developer/Platforms/XRSimulator.platform/Developer/usr/lib -F /tmp/lm-enclosure-validation/build/DerivedData/Build/Products/Debug-xrsimulator -F /Applications/Xcode-26.6.0.app/Contents/Developer/Platforms/XRSimulator.platform/Developer/Library/Frameworks -F /Applications/Xcode-26.6.0.app/Contents/Developer/Platforms/XRSimulator.platform/Developer/SDKs/XRSimulator26.5.sdk/Developer/Library/Frameworks -c -j18 -enable-batch-mode -incremental -Xcc -ivfsstatcache -Xcc /tmp/lm-enclosure-validation/build/DerivedData/SDKStatCaches.noindex/xrsimulator26.5-23O469-688ef53f1462e2c8f657fdc38a81448f05f5f2c4c85e58a13fa9f64b8b5e08f4.sdkstatcache -output-file-map /tmp/lm-enclosure-validation/build/DerivedData/Build/Intermediates.noindex/LMKit.build/Debug-xrsimulator/LMKit.build/Objects-normal/x86_64/LMKit-OutputFileMap.json -use-frontend-parseable-output -save-temps -no-color-diagnostics -explicit-module-build -module-cache-path /tmp/lm-enclosure-validation/build/DerivedData/Build/Intermediates.noindex/SwiftExplicitPrecompiledModules -clang-scanner-module-cache-path /tmp/lm-enclosure-validation/build/DerivedData/ModuleCache.noindex -sdk-module-cache-path /tmp/lm-enclosure-validation/build/DerivedData/ModuleCache.noindex -serialize-diagnostics -emit-dependencies -emit-module -emit-module-path /tmp/lm-enclosure-validation/build/DerivedData/Build/Intermediates.noindex/LMKit.build/Debug-xrsimulator/LMKit.build/Objects-normal/x86_64/LMKit.swiftmodule -validate-clang-modules-once -clang-build-session-file /tmp/lm-enclosure-validation/build/DerivedData/ModuleCache.noindex/Session.modulevalidation -package-name lmkit -Xcc -I/tmp/lm-enclosure-validation/build/DerivedData/Build/Intermediates.noindex/LMKit.build/Debug-xrsimulator/LMKit.build/swift-overrides.hmap -emit-const-values -Xfrontend -const-gather-protocols-file -Xfrontend /tmp/lm-enclosure-validation/build/DerivedData/Build/Intermediates.noindex/LMKit.build/Debug-xrsimulator/LMKit.build/Objects-normal/x86_64/LMKit_const_extract_protocols.json -Xcc -I/tmp/lm-enclosure-validation/build/DerivedData/Build/Products/Debug-xrsimulator/include -Xcc -I/tmp/lm-enclosure-validation/build/DerivedData/Build/Intermediates.noindex/LMKit.build/Debug-xrsimulator/LMKit.build/DerivedSources-normal/x86_64 -Xcc -I/tmp/lm-enclosure-validation/build/DerivedData/Build/Intermediates.noindex/LMKit.build/Debug-xrsimulator/LMKit.build/DerivedSources/x86_64 -Xcc -I/tmp/lm-enclosure-validation/build/DerivedData/Build/Intermediates.noindex/LMKit.build/Debug-xrsimulator/LMKit.build/DerivedSources -Xcc -DSWIFT_PACKAGE -Xcc -DDEBUG\=1 -emit-objc-header -emit-objc-header-path /tmp/lm-enclosure-validation/build/DerivedData/Build/Intermediates.noindex/LMKit.build/Debug-xrsimulator/LMKit.build/Objects-normal/x86_64/LMKit-Swift.h -working-directory /tmp/lm-enclosure-validation/LM/LM.xcodeproj -experimental-emit-module-separately -disable-cmo

Ld /tmp/lm-enclosure-validation/build/DerivedData/Build/Intermediates.noindex/LMKit.build/Debug-xrsimulator/LMKit.build/Objects-normal/x86_64/Binary/LMKit.o normal x86_64 (in target 'LMKit' from project 'LMKit')
    cd /tmp/lm-enclosure-validation/LMKit
    /Applications/Xcode-26.6.0.app/Contents/Developer/Toolchains/XcodeDefault.xctoolchain/usr/bin/clang -Xlinker -reproducible -target x86_64-apple-xros2.0-simulator -r -isysroot /Applications/Xcode-26.6.0.app/Contents/Developer/Platforms/XRSimulator.platform/Developer/SDKs/XRSimulator26.5.sdk -O0 -w -F/tmp/lm-enclosure-validation/build/DerivedData/Build/Intermediates.noindex/EagerLinkingTBDs/Debug-xrsimulator -F/tmp/lm-enclosure-validation/build/DerivedData/Build/Products/Debug-xrsimulator -iframework /Applications/Xcode-26.6.0.app/Contents/Developer/Platforms/XRSimulator.platform/Developer/Library/Frameworks -iframework /Applications/Xcode-26.6.0.app/Contents/Developer/Platforms/XRSimulator.platform/Developer/SDKs/XRSimulator26.5.sdk/Developer/Library/Frameworks -filelist /tmp/lm-enclosure-validation/build/DerivedData/Build/Intermediates.noindex/LMKit.build/Debug-xrsimulator/LMKit.build/Objects-normal/x86_64/LMKit.LinkFileList -nostdlib -Xlinker -object_path_lto -Xlinker /tmp/lm-enclosure-validation/build/DerivedData/Build/Intermediates.noindex/LMKit.build/Debug-xrsimulator/LMKit.build/Objects-normal/x86_64/LMKit_lto.o -Xlinker -no_deduplicate -Xlinker -objc_abi_version -Xlinker 2 -Xlinker -debug_variant -Xlinker -dependency_info -Xlinker /tmp/lm-enclosure-validation/build/DerivedData/Build/Intermediates.noindex/LMKit.build/Debug-xrsimulator/LMKit.build/Objects-normal/x86_64/LMKit_dependency_info.dat -fobjc-link-runtime -L/Applications/Xcode-26.6.0.app/Contents/Developer/Toolchains/XcodeDefault.xctoolchain/usr/lib/swift/xrsimulator -L/usr/lib/swift -Xlinker -add_ast_path -Xlinker /tmp/lm-enclosure-validation/build/DerivedData/Build/Intermediates.noindex/LMKit.build/Debug-xrsimulator/LMKit.build/Objects-normal/x86_64/LMKit.swiftmodule @/tmp/lm-enclosure-validation/build/DerivedData/Build/Intermediates.noindex/LMKit.build/Debug-xrsimulator/LMKit.build/Objects-normal/x86_64/LMKit-linker-args.resp -o /tmp/lm-enclosure-validation/build/DerivedData/Build/Intermediates.noindex/LMKit.build/Debug-xrsimulator/LMKit.build/Objects-normal/x86_64/Binary/LMKit.o

SwiftDriverJobDiscovery normal x86_64 Compiling AGCGoldenTrace.swift (in target 'AGC' from project 'AGC')

CreateUniversalBinary /tmp/lm-enclosure-validation/build/DerivedData/Build/Products/Debug-xrsimulator/RealityKitContent.o normal arm64\ x86_64 (in target 'RealityKitContent' from project 'RealityKitContent')
    cd /tmp/lm-enclosure-validation/LM/Packages/RealityKitContent
    /Applications/Xcode-26.6.0.app/Contents/Developer/Toolchains/XcodeDefault.xctoolchain/usr/bin/lipo -create /tmp/lm-enclosure-validation/build/DerivedData/Build/Intermediates.noindex/RealityKitContent.build/Debug-xrsimulator/RealityKitContent.build/Objects-normal/arm64/Binary/RealityKitContent.o /tmp/lm-enclosure-validation/build/DerivedData/Build/Intermediates.noindex/RealityKitContent.build/Debug-xrsimulator/RealityKitContent.build/Objects-normal/x86_64/Binary/RealityKitContent.o -output /tmp/lm-enclosure-validation/build/DerivedData/Build/Products/Debug-xrsimulator/RealityKitContent.o

ExtractAppIntentsMetadata (in target 'RealityKitContent' from project 'RealityKitContent')
    cd /tmp/lm-enclosure-validation/LM/Packages/RealityKitContent
    /Applications/Xcode-26.6.0.app/Contents/Developer/Toolchains/XcodeDefault.xctoolchain/usr/bin/appintentsmetadataprocessor --toolchain-dir /var/run/com.apple.security.cryptexd/mnt/com.apple.MobileAsset.MetalToolchain-v17.6.109.0.LCTyu3/Metal.xctoolchain --module-name RealityKitContent --sdk-root /Applications/Xcode-26.6.0.app/Contents/Developer/Platforms/XRSimulator.platform/Developer/SDKs/XRSimulator26.5.sdk --xcode-version 17F113 --platform-family xrOS --deployment-target 2.0 --bundle-identifier realitykitcontent.RealityKitContent --output /tmp/lm-enclosure-validation/build/DerivedData/Build/Products/Debug-xrsimulator/RealityKitContent.appintents --target-triple arm64-apple-xros2.0-simulator --target-triple x86_64-apple-xros2.0-simulator --binary-file /tmp/lm-enclosure-validation/build/DerivedData/Build/Products/Debug-xrsimulator/RealityKitContent.o --dependency-file /tmp/lm-enclosure-validation/build/DerivedData/Build/Intermediates.noindex/RealityKitContent.build/Debug-xrsimulator/RealityKitContent.build/Objects-normal/arm64/RealityKitContent_dependency_info.dat --dependency-file /tmp/lm-enclosure-validation/build/DerivedData/Build/Intermediates.noindex/RealityKitContent.build/Debug-xrsimulator/RealityKitContent.build/Objects-normal/x86_64/RealityKitContent_dependency_info.dat --stringsdata-file /tmp/lm-enclosure-validation/build/DerivedData/Build/Intermediates.noindex/RealityKitContent.build/Debug-xrsimulator/RealityKitContent.build/Objects-normal/arm64/ExtractedAppShortcutsMetadata.stringsdata --stringsdata-file /tmp/lm-enclosure-validation/build/DerivedData/Build/Intermediates.noindex/RealityKitContent.build/Debug-xrsimulator/RealityKitContent.build/Objects-normal/x86_64/ExtractedAppShortcutsMetadata.stringsdata --source-file-list /tmp/lm-enclosure-validation/build/DerivedData/Build/Intermediates.noindex/RealityKitContent.build/Debug-xrsimulator/RealityKitContent.build/Objects-normal/arm64/RealityKitContent.SwiftFileList --source-file-list /tmp/lm-enclosure-validation/build/DerivedData/Build/Intermediates.noindex/RealityKitContent.build/Debug-xrsimulator/RealityKitContent.build/Objects-normal/x86_64/RealityKitContent.SwiftFileList --metadata-file-list /tmp/lm-enclosure-validation/build/DerivedData/Build/Intermediates.noindex/RealityKitContent.build/Debug-xrsimulator/RealityKitContent.build/RealityKitContent.DependencyMetadataFileList --static-metadata-file-list /tmp/lm-enclosure-validation/build/DerivedData/Build/Intermediates.noindex/RealityKitContent.build/Debug-xrsimulator/RealityKitContent.build/RealityKitContent.DependencyStaticMetadataFileList --swift-const-vals-list /tmp/lm-enclosure-validation/build/DerivedData/Build/Intermediates.noindex/RealityKitContent.build/Debug-xrsimulator/RealityKitContent.build/Objects-normal/arm64/RealityKitContent.SwiftConstValuesFileList --swift-const-vals-list /tmp/lm-enclosure-validation/build/DerivedData/Build/Intermediates.noindex/RealityKitContent.build/Debug-xrsimulator/RealityKitContent.build/Objects-normal/x86_64/RealityKitContent.SwiftConstValuesFileList --force --compile-time-extraction --deployment-aware-processing --validate-assistant-intents --no-app-shortcuts-localization
2026-09-08 17:47:26.087 appintentsmetadataprocessor[6597:112594858] Starting appintentsmetadataprocessor export
2026-09-08 17:47:26.106 appintentsmetadataprocessor[6597:112594858] Extracted no relevant App Intents symbols, skipping writing output

SwiftDriverJobDiscovery normal x86_64 Compiling AGCState.swift (in target 'AGC' from project 'AGC')

SwiftDriverJobDiscovery normal x86_64 Compiling DSKY.swift (in target 'AGC' from project 'AGC')

CreateUniversalBinary /tmp/lm-enclosure-validation/build/DerivedData/Build/Products/Debug-xrsimulator/LMKit.o normal arm64\ x86_64 (in target 'LMKit' from project 'LMKit')
    cd /tmp/lm-enclosure-validation/LMKit
    /Applications/Xcode-26.6.0.app/Contents/Developer/Toolchains/XcodeDefault.xctoolchain/usr/bin/lipo -create /tmp/lm-enclosure-validation/build/DerivedData/Build/Intermediates.noindex/LMKit.build/Debug-xrsimulator/LMKit.build/Objects-normal/arm64/Binary/LMKit.o /tmp/lm-enclosure-validation/build/DerivedData/Build/Intermediates.noindex/LMKit.build/Debug-xrsimulator/LMKit.build/Objects-normal/x86_64/Binary/LMKit.o -output /tmp/lm-enclosure-validation/build/DerivedData/Build/Products/Debug-xrsimulator/LMKit.o

ExtractAppIntentsMetadata (in target 'LMKit' from project 'LMKit')
    cd /tmp/lm-enclosure-validation/LMKit
    /Applications/Xcode-26.6.0.app/Contents/Developer/Toolchains/XcodeDefault.xctoolchain/usr/bin/appintentsmetadataprocessor --toolchain-dir /var/run/com.apple.security.cryptexd/mnt/com.apple.MobileAsset.MetalToolchain-v17.6.109.0.LCTyu3/Metal.xctoolchain --module-name LMKit --sdk-root /Applications/Xcode-26.6.0.app/Contents/Developer/Platforms/XRSimulator.platform/Developer/SDKs/XRSimulator26.5.sdk --xcode-version 17F113 --platform-family xrOS --deployment-target 2.0 --bundle-identifier lmkit.LMKit --output /tmp/lm-enclosure-validation/build/DerivedData/Build/Products/Debug-xrsimulator/LMKit.appintents --target-triple arm64-apple-xros2.0-simulator --target-triple x86_64-apple-xros2.0-simulator --binary-file /tmp/lm-enclosure-validation/build/DerivedData/Build/Products/Debug-xrsimulator/LMKit.o --dependency-file /tmp/lm-enclosure-validation/build/DerivedData/Build/Intermediates.noindex/LMKit.build/Debug-xrsimulator/LMKit.build/Objects-normal/arm64/LMKit_dependency_info.dat --dependency-file /tmp/lm-enclosure-validation/build/DerivedData/Build/Intermediates.noindex/LMKit.build/Debug-xrsimulator/LMKit.build/Objects-normal/x86_64/LMKit_dependency_info.dat --stringsdata-file /tmp/lm-enclosure-validation/build/DerivedData/Build/Intermediates.noindex/LMKit.build/Debug-xrsimulator/LMKit.build/Objects-normal/arm64/ExtractedAppShortcutsMetadata.stringsdata --stringsdata-file /tmp/lm-enclosure-validation/build/DerivedData/Build/Intermediates.noindex/LMKit.build/Debug-xrsimulator/LMKit.build/Objects-normal/x86_64/ExtractedAppShortcutsMetadata.stringsdata --source-file-list /tmp/lm-enclosure-validation/build/DerivedData/Build/Intermediates.noindex/LMKit.build/Debug-xrsimulator/LMKit.build/Objects-normal/arm64/LMKit.SwiftFileList --source-file-list /tmp/lm-enclosure-validation/build/DerivedData/Build/Intermediates.noindex/LMKit.build/Debug-xrsimulator/LMKit.build/Objects-normal/x86_64/LMKit.SwiftFileList --metadata-file-list /tmp/lm-enclosure-validation/build/DerivedData/Build/Intermediates.noindex/LMKit.build/Debug-xrsimulator/LMKit.build/LMKit.DependencyMetadataFileList --static-metadata-file-list /tmp/lm-enclosure-validation/build/DerivedData/Build/Intermediates.noindex/LMKit.build/Debug-xrsimulator/LMKit.build/LMKit.DependencyStaticMetadataFileList --swift-const-vals-list /tmp/lm-enclosure-validation/build/DerivedData/Build/Intermediates.noindex/LMKit.build/Debug-xrsimulator/LMKit.build/Objects-normal/arm64/LMKit.SwiftConstValuesFileList --swift-const-vals-list /tmp/lm-enclosure-validation/build/DerivedData/Build/Intermediates.noindex/LMKit.build/Debug-xrsimulator/LMKit.build/Objects-normal/x86_64/LMKit.SwiftConstValuesFileList --force --compile-time-extraction --deployment-aware-processing --validate-assistant-intents --no-app-shortcuts-localization
2026-09-08 17:47:26.099 appintentsmetadataprocessor[6599:112594901] Starting appintentsmetadataprocessor export
2026-09-08 17:47:26.112 appintentsmetadataprocessor[6599:112594901] Extracted no relevant App Intents symbols, skipping writing output

RegisterExecutionPolicyException /tmp/lm-enclosure-validation/build/DerivedData/Build/Products/Debug-xrsimulator/RealityKitContent.o (in target 'RealityKitContent' from project 'RealityKitContent')
    cd /tmp/lm-enclosure-validation/LM/Packages/RealityKitContent
    builtin-RegisterExecutionPolicyException /tmp/lm-enclosure-validation/build/DerivedData/Build/Products/Debug-xrsimulator/RealityKitContent.o

RegisterExecutionPolicyException /tmp/lm-enclosure-validation/build/DerivedData/Build/Products/Debug-xrsimulator/LMKit.o (in target 'LMKit' from project 'LMKit')
    cd /tmp/lm-enclosure-validation/LMKit
    builtin-RegisterExecutionPolicyException /tmp/lm-enclosure-validation/build/DerivedData/Build/Products/Debug-xrsimulator/LMKit.o

SwiftDriverJobDiscovery normal x86_64 Compiling AGCRuntimeCheckpoint.swift (in target 'AGC' from project 'AGC')

SwiftDriver\ Compilation\ Requirements LMCore normal arm64 com.apple.xcode.tools.swift.compiler (in target 'LMCore' from project 'AGC')
    cd /tmp/lm-enclosure-validation/LM/LM.xcodeproj
    builtin-Swift-Compilation-Requirements -- /Applications/Xcode-26.6.0.app/Contents/Developer/Toolchains/XcodeDefault.xctoolchain/usr/bin/swiftc -module-name LMCore -Onone @/tmp/lm-enclosure-validation/build/DerivedData/Build/Intermediates.noindex/AGC.build/Debug-xrsimulator/LMCore.build/Objects-normal/arm64/LMCore.SwiftFileList -DSWIFT_PACKAGE -DDEBUG -DSWIFT_MODULE_RESOURCE_BUNDLE_UNAVAILABLE -DXcode -plugin-path /Applications/Xcode-26.6.0.app/Contents/Developer/Toolchains/XcodeDefault.xctoolchain/usr/lib/swift/host/plugins/testing -enable-experimental-feature DebugDescriptionMacro -sdk /Applications/Xcode-26.6.0.app/Contents/Developer/Platforms/XRSimulator.platform/Developer/SDKs/XRSimulator26.5.sdk -target arm64-apple-xros1.0-simulator -g -module-cache-path /tmp/lm-enclosure-validation/build/DerivedData/ModuleCache.noindex -Xfrontend -serialize-debugging-options -profile-coverage-mapping -profile-generate -enable-testing -suppress-warnings -index-store-path /tmp/lm-enclosure-validation/build/DerivedData/Index.noindex/DataStore -Xcc -D_LIBCPP_HARDENING_MODE\=_LIBCPP_HARDENING_MODE_DEBUG -swift-version 6 -I /tmp/lm-enclosure-validation/build/DerivedData/Build/Products/Debug-xrsimulator -Isystem /Applications/Xcode-26.6.0.app/Contents/Developer/Platforms/XRSimulator.platform/Developer/usr/lib -F /tmp/lm-enclosure-validation/build/DerivedData/Build/Products/Debug-xrsimulator/PackageFrameworks -F /tmp/lm-enclosure-validation/build/DerivedData/Build/Products/Debug-xrsimulator -F /Applications/Xcode-26.6.0.app/Contents/Developer/Platforms/XRSimulator.platform/Developer/Library/Frameworks -F /Applications/Xcode-26.6.0.app/Contents/Developer/Platforms/XRSimulator.platform/Developer/SDKs/XRSimulator26.5.sdk/Developer/Library/Frameworks -c -j18 -enable-batch-mode -incremental -Xcc -ivfsstatcache -Xcc /tmp/lm-enclosure-validation/build/DerivedData/SDKStatCaches.noindex/xrsimulator26.5-23O469-688ef53f1462e2c8f657fdc38a81448f05f5f2c4c85e58a13fa9f64b8b5e08f4.sdkstatcache -output-file-map /tmp/lm-enclosure-validation/build/DerivedData/Build/Intermediates.noindex/AGC.build/Debug-xrsimulator/LMCore.build/Objects-normal/arm64/LMCore-OutputFileMap.json -use-frontend-parseable-output -save-temps -no-color-diagnostics -explicit-module-build -module-cache-path /tmp/lm-enclosure-validation/build/DerivedData/Build/Intermediates.noindex/SwiftExplicitPrecompiledModules -clang-scanner-module-cache-path /tmp/lm-enclosure-validation/build/DerivedData/ModuleCache.noindex -sdk-module-cache-path /tmp/lm-enclosure-validation/build/DerivedData/ModuleCache.noindex -serialize-diagnostics -emit-dependencies -emit-module -emit-module-path /tmp/lm-enclosure-validation/build/DerivedData/Build/Intermediates.noindex/AGC.build/Debug-xrsimulator/LMCore.build/Objects-normal/arm64/LMCore.swiftmodule -validate-clang-modules-once -clang-build-session-file /tmp/lm-enclosure-validation/build/DerivedData/ModuleCache.noindex/Session.modulevalidation -package-name agc -Xcc -I/tmp/lm-enclosure-validation/build/DerivedData/Build/Intermediates.noindex/AGC.build/Debug-xrsimulator/LMCore.build/swift-overrides.hmap -emit-const-values -Xfrontend -const-gather-protocols-file -Xfrontend /tmp/lm-enclosure-validation/build/DerivedData/Build/Intermediates.noindex/AGC.build/Debug-xrsimulator/LMCore.build/Objects-normal/arm64/LMCore_const_extract_protocols.json -Xcc -I/tmp/lm-enclosure-validation/build/DerivedData/Build/Products/Debug-xrsimulator/include -Xcc -I/tmp/lm-enclosure-validation/build/DerivedData/Build/Intermediates.noindex/AGC.build/Debug-xrsimulator/LMCore.build/DerivedSources-normal/arm64 -Xcc -I/tmp/lm-enclosure-validation/build/DerivedData/Build/Intermediates.noindex/AGC.build/Debug-xrsimulator/LMCore.build/DerivedSources/arm64 -Xcc -I/tmp/lm-enclosure-validation/build/DerivedData/Build/Intermediates.noindex/AGC.build/Debug-xrsimulator/LMCore.build/DerivedSources -Xcc -DSWIFT_PACKAGE -Xcc -DDEBUG\=1 -emit-objc-header -emit-objc-header-path /tmp/lm-enclosure-validation/build/DerivedData/Build/Intermediates.noindex/AGC.build/Debug-xrsimulator/LMCore.build/Objects-normal/arm64/LMCore-Swift.h -working-directory /tmp/lm-enclosure-validation/LM/LM.xcodeproj -experimental-emit-module-separately -disable-cmo

SwiftDriver\ Compilation LMCore normal arm64 com.apple.xcode.tools.swift.compiler (in target 'LMCore' from project 'AGC')
    cd /tmp/lm-enclosure-validation/LM/LM.xcodeproj
    builtin-Swift-Compilation -- /Applications/Xcode-26.6.0.app/Contents/Developer/Toolchains/XcodeDefault.xctoolchain/usr/bin/swiftc -module-name LMCore -Onone @/tmp/lm-enclosure-validation/build/DerivedData/Build/Intermediates.noindex/AGC.build/Debug-xrsimulator/LMCore.build/Objects-normal/arm64/LMCore.SwiftFileList -DSWIFT_PACKAGE -DDEBUG -DSWIFT_MODULE_RESOURCE_BUNDLE_UNAVAILABLE -DXcode -plugin-path /Applications/Xcode-26.6.0.app/Contents/Developer/Toolchains/XcodeDefault.xctoolchain/usr/lib/swift/host/plugins/testing -enable-experimental-feature DebugDescriptionMacro -sdk /Applications/Xcode-26.6.0.app/Contents/Developer/Platforms/XRSimulator.platform/Developer/SDKs/XRSimulator26.5.sdk -target arm64-apple-xros1.0-simulator -g -module-cache-path /tmp/lm-enclosure-validation/build/DerivedData/ModuleCache.noindex -Xfrontend -serialize-debugging-options -profile-coverage-mapping -profile-generate -enable-testing -suppress-warnings -index-store-path /tmp/lm-enclosure-validation/build/DerivedData/Index.noindex/DataStore -Xcc -D_LIBCPP_HARDENING_MODE\=_LIBCPP_HARDENING_MODE_DEBUG -swift-version 6 -I /tmp/lm-enclosure-validation/build/DerivedData/Build/Products/Debug-xrsimulator -Isystem /Applications/Xcode-26.6.0.app/Contents/Developer/Platforms/XRSimulator.platform/Developer/usr/lib -F /tmp/lm-enclosure-validation/build/DerivedData/Build/Products/Debug-xrsimulator/PackageFrameworks -F /tmp/lm-enclosure-validation/build/DerivedData/Build/Products/Debug-xrsimulator -F /Applications/Xcode-26.6.0.app/Contents/Developer/Platforms/XRSimulator.platform/Developer/Library/Frameworks -F /Applications/Xcode-26.6.0.app/Contents/Developer/Platforms/XRSimulator.platform/Developer/SDKs/XRSimulator26.5.sdk/Developer/Library/Frameworks -c -j18 -enable-batch-mode -incremental -Xcc -ivfsstatcache -Xcc /tmp/lm-enclosure-validation/build/DerivedData/SDKStatCaches.noindex/xrsimulator26.5-23O469-688ef53f1462e2c8f657fdc38a81448f05f5f2c4c85e58a13fa9f64b8b5e08f4.sdkstatcache -output-file-map /tmp/lm-enclosure-validation/build/DerivedData/Build/Intermediates.noindex/AGC.build/Debug-xrsimulator/LMCore.build/Objects-normal/arm64/LMCore-OutputFileMap.json -use-frontend-parseable-output -save-temps -no-color-diagnostics -explicit-module-build -module-cache-path /tmp/lm-enclosure-validation/build/DerivedData/Build/Intermediates.noindex/SwiftExplicitPrecompiledModules -clang-scanner-module-cache-path /tmp/lm-enclosure-validation/build/DerivedData/ModuleCache.noindex -sdk-module-cache-path /tmp/lm-enclosure-validation/build/DerivedData/ModuleCache.noindex -serialize-diagnostics -emit-dependencies -emit-module -emit-module-path /tmp/lm-enclosure-validation/build/DerivedData/Build/Intermediates.noindex/AGC.build/Debug-xrsimulator/LMCore.build/Objects-normal/arm64/LMCore.swiftmodule -validate-clang-modules-once -clang-build-session-file /tmp/lm-enclosure-validation/build/DerivedData/ModuleCache.noindex/Session.modulevalidation -package-name agc -Xcc -I/tmp/lm-enclosure-validation/build/DerivedData/Build/Intermediates.noindex/AGC.build/Debug-xrsimulator/LMCore.build/swift-overrides.hmap -emit-const-values -Xfrontend -const-gather-protocols-file -Xfrontend /tmp/lm-enclosure-validation/build/DerivedData/Build/Intermediates.noindex/AGC.build/Debug-xrsimulator/LMCore.build/Objects-normal/arm64/LMCore_const_extract_protocols.json -Xcc -I/tmp/lm-enclosure-validation/build/DerivedData/Build/Products/Debug-xrsimulator/include -Xcc -I/tmp/lm-enclosure-validation/build/DerivedData/Build/Intermediates.noindex/AGC.build/Debug-xrsimulator/LMCore.build/DerivedSources-normal/arm64 -Xcc -I/tmp/lm-enclosure-validation/build/DerivedData/Build/Intermediates.noindex/AGC.build/Debug-xrsimulator/LMCore.build/DerivedSources/arm64 -Xcc -I/tmp/lm-enclosure-validation/build/DerivedData/Build/Intermediates.noindex/AGC.build/Debug-xrsimulator/LMCore.build/DerivedSources -Xcc -DSWIFT_PACKAGE -Xcc -DDEBUG\=1 -emit-objc-header -emit-objc-header-path /tmp/lm-enclosure-validation/build/DerivedData/Build/Intermediates.noindex/AGC.build/Debug-xrsimulator/LMCore.build/Objects-normal/arm64/LMCore-Swift.h -working-directory /tmp/lm-enclosure-validation/LM/LM.xcodeproj -experimental-emit-module-separately -disable-cmo

Copy /tmp/lm-enclosure-validation/build/DerivedData/Build/Products/Debug-xrsimulator/LMCore.swiftmodule/arm64-apple-xros-simulator.abi.json /tmp/lm-enclosure-validation/build/DerivedData/Build/Intermediates.noindex/AGC.build/Debug-xrsimulator/LMCore.build/Objects-normal/arm64/LMCore.abi.json (in target 'LMCore' from project 'AGC')
    cd /tmp/lm-enclosure-validation/AGC
    builtin-copy -exclude .DS_Store -exclude CVS -exclude .svn -exclude .git -exclude .hg -resolve-src-symlinks -rename /tmp/lm-enclosure-validation/build/DerivedData/Build/Intermediates.noindex/AGC.build/Debug-xrsimulator/LMCore.build/Objects-normal/arm64/LMCore.abi.json /tmp/lm-enclosure-validation/build/DerivedData/Build/Products/Debug-xrsimulator/LMCore.swiftmodule/arm64-apple-xros-simulator.abi.json

Copy /tmp/lm-enclosure-validation/build/DerivedData/Build/Products/Debug-xrsimulator/LMCore.swiftmodule/Project/arm64-apple-xros-simulator.swiftsourceinfo /tmp/lm-enclosure-validation/build/DerivedData/Build/Intermediates.noindex/AGC.build/Debug-xrsimulator/LMCore.build/Objects-normal/arm64/LMCore.swiftsourceinfo (in target 'LMCore' from project 'AGC')
    cd /tmp/lm-enclosure-validation/AGC
    builtin-copy -exclude .DS_Store -exclude CVS -exclude .svn -exclude .git -exclude .hg -resolve-src-symlinks -rename /tmp/lm-enclosure-validation/build/DerivedData/Build/Intermediates.noindex/AGC.build/Debug-xrsimulator/LMCore.build/Objects-normal/arm64/LMCore.swiftsourceinfo /tmp/lm-enclosure-validation/build/DerivedData/Build/Products/Debug-xrsimulator/LMCore.swiftmodule/Project/arm64-apple-xros-simulator.swiftsourceinfo

Copy /tmp/lm-enclosure-validation/build/DerivedData/Build/Products/Debug-xrsimulator/LMCore.swiftmodule/arm64-apple-xros-simulator.swiftmodule /tmp/lm-enclosure-validation/build/DerivedData/Build/Intermediates.noindex/AGC.build/Debug-xrsimulator/LMCore.build/Objects-normal/arm64/LMCore.swiftmodule (in target 'LMCore' from project 'AGC')
    cd /tmp/lm-enclosure-validation/AGC
    builtin-copy -exclude .DS_Store -exclude CVS -exclude .svn -exclude .git -exclude .hg -resolve-src-symlinks -rename /tmp/lm-enclosure-validation/build/DerivedData/Build/Intermediates.noindex/AGC.build/Debug-xrsimulator/LMCore.build/Objects-normal/arm64/LMCore.swiftmodule /tmp/lm-enclosure-validation/build/DerivedData/Build/Products/Debug-xrsimulator/LMCore.swiftmodule/arm64-apple-xros-simulator.swiftmodule

Copy /tmp/lm-enclosure-validation/build/DerivedData/Build/Products/Debug-xrsimulator/LMCore.swiftmodule/arm64-apple-xros-simulator.swiftdoc /tmp/lm-enclosure-validation/build/DerivedData/Build/Intermediates.noindex/AGC.build/Debug-xrsimulator/LMCore.build/Objects-normal/arm64/LMCore.swiftdoc (in target 'LMCore' from project 'AGC')
    cd /tmp/lm-enclosure-validation/AGC
    builtin-copy -exclude .DS_Store -exclude CVS -exclude .svn -exclude .git -exclude .hg -resolve-src-symlinks -rename /tmp/lm-enclosure-validation/build/DerivedData/Build/Intermediates.noindex/AGC.build/Debug-xrsimulator/LMCore.build/Objects-normal/arm64/LMCore.swiftdoc /tmp/lm-enclosure-validation/build/DerivedData/Build/Products/Debug-xrsimulator/LMCore.swiftmodule/arm64-apple-xros-simulator.swiftdoc

SwiftDriverJobDiscovery normal x86_64 Compiling AGCEngineChannels.swift, AGCEngineCounters.swift (in target 'AGC' from project 'AGC')

SwiftCompile normal x86_64 Compiling\ LMFlightRecording.swift /tmp/lm-enclosure-validation/AGC/Sources/LMCore/LMFlightRecording.swift (in target 'LMCore' from project 'AGC')

SwiftCompile normal x86_64 /tmp/lm-enclosure-validation/AGC/Sources/LMCore/LMFlightRecording.swift (in target 'LMCore' from project 'AGC')
    cd /tmp/lm-enclosure-validation/LM/LM.xcodeproj
    

SwiftCompile normal x86_64 Compiling\ LMAutomaticFlightRecorder.swift /tmp/lm-enclosure-validation/AGC/Sources/LMCore/LMAutomaticFlightRecorder.swift (in target 'LMCore' from project 'AGC')

SwiftCompile normal x86_64 /tmp/lm-enclosure-validation/AGC/Sources/LMCore/LMAutomaticFlightRecorder.swift (in target 'LMCore' from project 'AGC')
    cd /tmp/lm-enclosure-validation/LM/LM.xcodeproj
    

SwiftCompile normal x86_64 Compiling\ LMAGCPadLoad.swift /tmp/lm-enclosure-validation/AGC/Sources/LMCore/LMAGCPadLoad.swift (in target 'LMCore' from project 'AGC')

SwiftCompile normal x86_64 /tmp/lm-enclosure-validation/AGC/Sources/LMCore/LMAGCPadLoad.swift (in target 'LMCore' from project 'AGC')
    cd /tmp/lm-enclosure-validation/LM/LM.xcodeproj
    

SwiftCompile normal x86_64 Compiling\ LMP66Pilot.swift /tmp/lm-enclosure-validation/AGC/Sources/LMCore/LMP66Pilot.swift (in target 'LMCore' from project 'AGC')

SwiftCompile normal x86_64 /tmp/lm-enclosure-validation/AGC/Sources/LMCore/LMP66Pilot.swift (in target 'LMCore' from project 'AGC')
    cd /tmp/lm-enclosure-validation/LM/LM.xcodeproj
    

SwiftCompile normal x86_64 Compiling\ LMFrameInput.swift /tmp/lm-enclosure-validation/AGC/Sources/LMCore/LMFrameInput.swift (in target 'LMCore' from project 'AGC')

SwiftCompile normal x86_64 /tmp/lm-enclosure-validation/AGC/Sources/LMCore/LMFrameInput.swift (in target 'LMCore' from project 'AGC')
    cd /tmp/lm-enclosure-validation/LM/LM.xcodeproj
    

SwiftCompile normal x86_64 Compiling\ LMLunarLandingSite.swift /tmp/lm-enclosure-validation/AGC/Sources/LMCore/LMLunarLandingSite.swift (in target 'LMCore' from project 'AGC')

SwiftCompile normal x86_64 /tmp/lm-enclosure-validation/AGC/Sources/LMCore/LMLunarLandingSite.swift (in target 'LMCore' from project 'AGC')
    cd /tmp/lm-enclosure-validation/LM/LM.xcodeproj
    

SwiftCompile normal x86_64 Compiling\ LMAGCNavState.swift /tmp/lm-enclosure-validation/AGC/Sources/LMCore/LMAGCNavState.swift (in target 'LMCore' from project 'AGC')

SwiftCompile normal x86_64 /tmp/lm-enclosure-validation/AGC/Sources/LMCore/LMAGCNavState.swift (in target 'LMCore' from project 'AGC')
    cd /tmp/lm-enclosure-validation/LM/LM.xcodeproj
    

SwiftCompile normal x86_64 Compiling\ LMSensorFeedback.swift /tmp/lm-enclosure-validation/AGC/Sources/LMCore/LMSensorFeedback.swift (in target 'LMCore' from project 'AGC')

SwiftCompile normal x86_64 /tmp/lm-enclosure-validation/AGC/Sources/LMCore/LMSensorFeedback.swift (in target 'LMCore' from project 'AGC')
    cd /tmp/lm-enclosure-validation/LM/LM.xcodeproj
    

SwiftCompile normal x86_64 Compiling\ LMSimulation.swift /tmp/lm-enclosure-validation/AGC/Sources/LMCore/LMSimulation.swift (in target 'LMCore' from project 'AGC')
SwiftCompile normal x86_64 /tmp/lm-enclosure-validation/AGC/Sources/LMCore/LMSimulation.swift (in target 'LMCore' from project 'AGC')
    cd /tmp/lm-enclosure-validation/LM/LM.xcodeproj
    

SwiftCompile normal x86_64 Compiling\ LMSimulationCheckpoint.swift /tmp/lm-enclosure-validation/AGC/Sources/LMCore/LMSimulationCheckpoint.swift (in target 'LMCore' from project 'AGC')

SwiftCompile normal x86_64 /tmp/lm-enclosure-validation/AGC/Sources/LMCore/LMSimulationCheckpoint.swift (in target 'LMCore' from project 'AGC')
    cd /tmp/lm-enclosure-validation/LM/LM.xcodeproj
    

SwiftCompile normal x86_64 Compiling\ LMTraceValidation.swift /tmp/lm-enclosure-validation/AGC/Sources/LMCore/LMTraceValidation.swift (in target 'LMCore' from project 'AGC')

SwiftCompile normal x86_64 /tmp/lm-enclosure-validation/AGC/Sources/LMCore/LMTraceValidation.swift (in target 'LMCore' from project 'AGC')
    cd /tmp/lm-enclosure-validation/LM/LM.xcodeproj
    

SwiftCompile normal x86_64 Compiling\ LMSimulationPace.swift /tmp/lm-enclosure-validation/AGC/Sources/LMCore/LMSimulationPace.swift (in target 'LMCore' from project 'AGC')

SwiftCompile normal x86_64 /tmp/lm-enclosure-validation/AGC/Sources/LMCore/LMSimulationPace.swift (in target 'LMCore' from project 'AGC')
    cd /tmp/lm-enclosure-validation/LM/LM.xcodeproj
    

SwiftEmitModule normal x86_64 Emitting\ module\ for\ LMCore (in target 'LMCore' from project 'AGC')

EmitSwiftModule normal x86_64 (in target 'LMCore' from project 'AGC')
    cd /tmp/lm-enclosure-validation/LM/LM.xcodeproj
    

SwiftCompile normal x86_64 Compiling\ LMVehicleCommands.swift /tmp/lm-enclosure-validation/AGC/Sources/LMCore/LMVehicleCommands.swift (in target 'LMCore' from project 'AGC')

SwiftCompile normal x86_64 /tmp/lm-enclosure-validation/AGC/Sources/LMCore/LMVehicleCommands.swift (in target 'LMCore' from project 'AGC')
    cd /tmp/lm-enclosure-validation/LM/LM.xcodeproj
    

SwiftCompile normal x86_64 Compiling\ LMP66FlightRecorder.swift /tmp/lm-enclosure-validation/AGC/Sources/LMCore/LMP66FlightRecorder.swift (in target 'LMCore' from project 'AGC')

SwiftCompile normal x86_64 /tmp/lm-enclosure-validation/AGC/Sources/LMCore/LMP66FlightRecorder.swift (in target 'LMCore' from project 'AGC')
    cd /tmp/lm-enclosure-validation/LM/LM.xcodeproj
    

SwiftDriverJobDiscovery normal x86_64 Compiling AGCPacket.swift (in target 'AGC' from project 'AGC')

SwiftCompile normal x86_64 Compiling\ LMLandingGear.swift /tmp/lm-enclosure-validation/AGC/Sources/LMCore/LMLandingGear.swift (in target 'LMCore' from project 'AGC')

SwiftCompile normal x86_64 /tmp/lm-enclosure-validation/AGC/Sources/LMCore/LMLandingGear.swift (in target 'LMCore' from project 'AGC')
    cd /tmp/lm-enclosure-validation/LM/LM.xcodeproj
    

SwiftDriverJobDiscovery normal x86_64 Compiling AGCDebugger.swift, AGCEngine.swift (in target 'AGC' from project 'AGC')

SwiftCompile normal x86_64 Compiling\ LMVehicleActuation.swift /tmp/lm-enclosure-validation/AGC/Sources/LMCore/LMVehicleActuation.swift (in target 'LMCore' from project 'AGC')

SwiftCompile normal x86_64 /tmp/lm-enclosure-validation/AGC/Sources/LMCore/LMVehicleActuation.swift (in target 'LMCore' from project 'AGC')
    cd /tmp/lm-enclosure-validation/LM/LM.xcodeproj
    

SwiftDriverJobDiscovery normal x86_64 Compiling LMSimulationPace.swift (in target 'LMCore' from project 'AGC')

SwiftCompile normal x86_64 Compiling\ LuminaryMoonOrientation.swift /tmp/lm-enclosure-validation/AGC/Sources/LMCore/LuminaryMoonOrientation.swift (in target 'LMCore' from project 'AGC')

SwiftCompile normal x86_64 /tmp/lm-enclosure-validation/AGC/Sources/LMCore/LuminaryMoonOrientation.swift (in target 'LMCore' from project 'AGC')
    cd /tmp/lm-enclosure-validation/LM/LM.xcodeproj
    

SwiftDriverJobDiscovery normal x86_64 Compiling LMLunarLandingSite.swift (in target 'LMCore' from project 'AGC')

SwiftDriverJobDiscovery normal x86_64 Compiling LMP66Pilot.swift (in target 'LMCore' from project 'AGC')

SwiftDriverJobDiscovery normal x86_64 Compiling LMAutomaticFlightRecorder.swift (in target 'LMCore' from project 'AGC')

SwiftDriverJobDiscovery normal x86_64 Compiling LMAGCPadLoad.swift (in target 'LMCore' from project 'AGC')

SwiftDriverJobDiscovery normal x86_64 Compiling LMSimulationCheckpoint.swift (in target 'LMCore' from project 'AGC')

SwiftDriverJobDiscovery normal x86_64 Compiling LMAGCNavState.swift (in target 'LMCore' from project 'AGC')

SwiftDriverJobDiscovery normal x86_64 Compiling LMSensorFeedback.swift (in target 'LMCore' from project 'AGC')

SwiftDriverJobDiscovery normal x86_64 Compiling LuminaryMoonOrientation.swift (in target 'LMCore' from project 'AGC')

SwiftDriverJobDiscovery normal x86_64 Compiling LMP66FlightRecorder.swift (in target 'LMCore' from project 'AGC')

SwiftDriverJobDiscovery normal x86_64 Compiling LMFrameInput.swift (in target 'LMCore' from project 'AGC')

SwiftDriverJobDiscovery normal x86_64 Compiling LMFlightRecording.swift (in target 'LMCore' from project 'AGC')

SwiftDriverJobDiscovery normal x86_64 Compiling AGC.swift, AGCChannelTrace.swift (in target 'AGC' from project 'AGC')

SwiftDriverJobDiscovery normal x86_64 Compiling LMVehicleActuation.swift (in target 'LMCore' from project 'AGC')

SwiftDriverJobDiscovery normal x86_64 Compiling AGCEngineExecution.swift, AGCEngineInstructions.swift (in target 'AGC' from project 'AGC')

SwiftDriver\ Compilation AGC normal x86_64 com.apple.xcode.tools.swift.compiler (in target 'AGC' from project 'AGC')
    cd /tmp/lm-enclosure-validation/LM/LM.xcodeproj
    builtin-Swift-Compilation -- /Applications/Xcode-26.6.0.app/Contents/Developer/Toolchains/XcodeDefault.xctoolchain/usr/bin/swiftc -module-name AGC -Onone @/tmp/lm-enclosure-validation/build/DerivedData/Build/Intermediates.noindex/AGC.build/Debug-xrsimulator/AGC.build/Objects-normal/x86_64/AGC.SwiftFileList -DSWIFT_PACKAGE -DDEBUG -DSWIFT_MODULE_RESOURCE_BUNDLE_UNAVAILABLE -DXcode -plugin-path /Applications/Xcode-26.6.0.app/Contents/Developer/Toolchains/XcodeDefault.xctoolchain/usr/lib/swift/host/plugins/testing -enable-experimental-feature DebugDescriptionMacro -sdk /Applications/Xcode-26.6.0.app/Contents/Developer/Platforms/XRSimulator.platform/Developer/SDKs/XRSimulator26.5.sdk -target x86_64-apple-xros1.0-simulator -g -module-cache-path /tmp/lm-enclosure-validation/build/DerivedData/ModuleCache.noindex -Xfrontend -serialize-debugging-options -profile-coverage-mapping -profile-generate -enable-testing -suppress-warnings -index-store-path /tmp/lm-enclosure-validation/build/DerivedData/Index.noindex/DataStore -Xcc -D_LIBCPP_HARDENING_MODE\=_LIBCPP_HARDENING_MODE_DEBUG -swift-version 6 -I /tmp/lm-enclosure-validation/build/DerivedData/Build/Products/Debug-xrsimulator -Isystem /Applications/Xcode-26.6.0.app/Contents/Developer/Platforms/XRSimulator.platform/Developer/usr/lib -F /tmp/lm-enclosure-validation/build/DerivedData/Build/Products/Debug-xrsimulator -F /Applications/Xcode-26.6.0.app/Contents/Developer/Platforms/XRSimulator.platform/Developer/Library/Frameworks -F /Applications/Xcode-26.6.0.app/Contents/Developer/Platforms/XRSimulator.platform/Developer/SDKs/XRSimulator26.5.sdk/Developer/Library/Frameworks -c -j18 -enable-batch-mode -incremental -Xcc -ivfsstatcache -Xcc /tmp/lm-enclosure-validation/build/DerivedData/SDKStatCaches.noindex/xrsimulator26.5-23O469-688ef53f1462e2c8f657fdc38a81448f05f5f2c4c85e58a13fa9f64b8b5e08f4.sdkstatcache -output-file-map /tmp/lm-enclosure-validation/build/DerivedData/Build/Intermediates.noindex/AGC.build/Debug-xrsimulator/AGC.build/Objects-normal/x86_64/AGC-OutputFileMap.json -use-frontend-parseable-output -save-temps -no-color-diagnostics -explicit-module-build -module-cache-path /tmp/lm-enclosure-validation/build/DerivedData/Build/Intermediates.noindex/SwiftExplicitPrecompiledModules -clang-scanner-module-cache-path /tmp/lm-enclosure-validation/build/DerivedData/ModuleCache.noindex -sdk-module-cache-path /tmp/lm-enclosure-validation/build/DerivedData/ModuleCache.noindex -serialize-diagnostics -emit-dependencies -emit-module -emit-module-path /tmp/lm-enclosure-validation/build/DerivedData/Build/Intermediates.noindex/AGC.build/Debug-xrsimulator/AGC.build/Objects-normal/x86_64/AGC.swiftmodule -validate-clang-modules-once -clang-build-session-file /tmp/lm-enclosure-validation/build/DerivedData/ModuleCache.noindex/Session.modulevalidation -package-name agc -Xcc -I/tmp/lm-enclosure-validation/build/DerivedData/Build/Intermediates.noindex/AGC.build/Debug-xrsimulator/AGC.build/swift-overrides.hmap -emit-const-values -Xfrontend -const-gather-protocols-file -Xfrontend /tmp/lm-enclosure-validation/build/DerivedData/Build/Intermediates.noindex/AGC.build/Debug-xrsimulator/AGC.build/Objects-normal/x86_64/AGC_const_extract_protocols.json -Xcc -I/tmp/lm-enclosure-validation/build/DerivedData/Build/Products/Debug-xrsimulator/include -Xcc -I/tmp/lm-enclosure-validation/build/DerivedData/Build/Intermediates.noindex/AGC.build/Debug-xrsimulator/AGC.build/DerivedSources-normal/x86_64 -Xcc -I/tmp/lm-enclosure-validation/build/DerivedData/Build/Intermediates.noindex/AGC.build/Debug-xrsimulator/AGC.build/DerivedSources/x86_64 -Xcc -I/tmp/lm-enclosure-validation/build/DerivedData/Build/Intermediates.noindex/AGC.build/Debug-xrsimulator/AGC.build/DerivedSources -Xcc -DSWIFT_PACKAGE -Xcc -DDEBUG\=1 -emit-objc-header -emit-objc-header-path /tmp/lm-enclosure-validation/build/DerivedData/Build/Intermediates.noindex/AGC.build/Debug-xrsimulator/AGC.build/Objects-normal/x86_64/AGC-Swift.h -working-directory /tmp/lm-enclosure-validation/LM/LM.xcodeproj -experimental-emit-module-separately -disable-cmo

Ld /tmp/lm-enclosure-validation/build/DerivedData/Build/Intermediates.noindex/AGC.build/Debug-xrsimulator/AGC.build/Objects-normal/x86_64/Binary/AGC.o normal x86_64 (in target 'AGC' from project 'AGC')
    cd /tmp/lm-enclosure-validation/AGC
    /Applications/Xcode-26.6.0.app/Contents/Developer/Toolchains/XcodeDefault.xctoolchain/usr/bin/clang -Xlinker -reproducible -target x86_64-apple-xros1.0-simulator -r -isysroot /Applications/Xcode-26.6.0.app/Contents/Developer/Platforms/XRSimulator.platform/Developer/SDKs/XRSimulator26.5.sdk -O0 -w -F/tmp/lm-enclosure-validation/build/DerivedData/Build/Intermediates.noindex/EagerLinkingTBDs/Debug-xrsimulator -F/tmp/lm-enclosure-validation/build/DerivedData/Build/Products/Debug-xrsimulator -iframework /Applications/Xcode-26.6.0.app/Contents/Developer/Platforms/XRSimulator.platform/Developer/Library/Frameworks -iframework /Applications/Xcode-26.6.0.app/Contents/Developer/Platforms/XRSimulator.platform/Developer/SDKs/XRSimulator26.5.sdk/Developer/Library/Frameworks -filelist /tmp/lm-enclosure-validation/build/DerivedData/Build/Intermediates.noindex/AGC.build/Debug-xrsimulator/AGC.build/Objects-normal/x86_64/AGC.LinkFileList -nostdlib -Xlinker -object_path_lto -Xlinker /tmp/lm-enclosure-validation/build/DerivedData/Build/Intermediates.noindex/AGC.build/Debug-xrsimulator/AGC.build/Objects-normal/x86_64/AGC_lto.o -Xlinker -no_deduplicate -Xlinker -objc_abi_version -Xlinker 2 -Xlinker -debug_variant -Xlinker -dependency_info -Xlinker /tmp/lm-enclosure-validation/build/DerivedData/Build/Intermediates.noindex/AGC.build/Debug-xrsimulator/AGC.build/Objects-normal/x86_64/AGC_dependency_info.dat -fobjc-link-runtime -L/Applications/Xcode-26.6.0.app/Contents/Developer/Toolchains/XcodeDefault.xctoolchain/usr/lib/swift/xrsimulator -L/usr/lib/swift -Xlinker -add_ast_path -Xlinker /tmp/lm-enclosure-validation/build/DerivedData/Build/Intermediates.noindex/AGC.build/Debug-xrsimulator/AGC.build/Objects-normal/x86_64/AGC.swiftmodule @/tmp/lm-enclosure-validation/build/DerivedData/Build/Intermediates.noindex/AGC.build/Debug-xrsimulator/AGC.build/Objects-normal/x86_64/AGC-linker-args.resp -o /tmp/lm-enclosure-validation/build/DerivedData/Build/Intermediates.noindex/AGC.build/Debug-xrsimulator/AGC.build/Objects-normal/x86_64/Binary/AGC.o

SwiftDriverJobDiscovery normal x86_64 Compiling LMTraceValidation.swift (in target 'LMCore' from project 'AGC')

SwiftDriverJobDiscovery normal x86_64 Emitting module for LMCore (in target 'LMCore' from project 'AGC')

SwiftDriver\ Compilation\ Requirements LMCore normal x86_64 com.apple.xcode.tools.swift.compiler (in target 'LMCore' from project 'AGC')
    cd /tmp/lm-enclosure-validation/LM/LM.xcodeproj
    builtin-Swift-Compilation-Requirements -- /Applications/Xcode-26.6.0.app/Contents/Developer/Toolchains/XcodeDefault.xctoolchain/usr/bin/swiftc -module-name LMCore -Onone @/tmp/lm-enclosure-validation/build/DerivedData/Build/Intermediates.noindex/AGC.build/Debug-xrsimulator/LMCore.build/Objects-normal/x86_64/LMCore.SwiftFileList -DSWIFT_PACKAGE -DDEBUG -DSWIFT_MODULE_RESOURCE_BUNDLE_UNAVAILABLE -DXcode -plugin-path /Applications/Xcode-26.6.0.app/Contents/Developer/Toolchains/XcodeDefault.xctoolchain/usr/lib/swift/host/plugins/testing -enable-experimental-feature DebugDescriptionMacro -sdk /Applications/Xcode-26.6.0.app/Contents/Developer/Platforms/XRSimulator.platform/Developer/SDKs/XRSimulator26.5.sdk -target x86_64-apple-xros1.0-simulator -g -module-cache-path /tmp/lm-enclosure-validation/build/DerivedData/ModuleCache.noindex -Xfrontend -serialize-debugging-options -profile-coverage-mapping -profile-generate -enable-testing -suppress-warnings -index-store-path /tmp/lm-enclosure-validation/build/DerivedData/Index.noindex/DataStore -Xcc -D_LIBCPP_HARDENING_MODE\=_LIBCPP_HARDENING_MODE_DEBUG -swift-version 6 -I /tmp/lm-enclosure-validation/build/DerivedData/Build/Products/Debug-xrsimulator -Isystem /Applications/Xcode-26.6.0.app/Contents/Developer/Platforms/XRSimulator.platform/Developer/usr/lib -F /tmp/lm-enclosure-validation/build/DerivedData/Build/Products/Debug-xrsimulator/PackageFrameworks -F /tmp/lm-enclosure-validation/build/DerivedData/Build/Products/Debug-xrsimulator -F /Applications/Xcode-26.6.0.app/Contents/Developer/Platforms/XRSimulator.platform/Developer/Library/Frameworks -F /Applications/Xcode-26.6.0.app/Contents/Developer/Platforms/XRSimulator.platform/Developer/SDKs/XRSimulator26.5.sdk/Developer/Library/Frameworks -c -j18 -enable-batch-mode -incremental -Xcc -ivfsstatcache -Xcc /tmp/lm-enclosure-validation/build/DerivedData/SDKStatCaches.noindex/xrsimulator26.5-23O469-688ef53f1462e2c8f657fdc38a81448f05f5f2c4c85e58a13fa9f64b8b5e08f4.sdkstatcache -output-file-map /tmp/lm-enclosure-validation/build/DerivedData/Build/Intermediates.noindex/AGC.build/Debug-xrsimulator/LMCore.build/Objects-normal/x86_64/LMCore-OutputFileMap.json -use-frontend-parseable-output -save-temps -no-color-diagnostics -explicit-module-build -module-cache-path /tmp/lm-enclosure-validation/build/DerivedData/Build/Intermediates.noindex/SwiftExplicitPrecompiledModules -clang-scanner-module-cache-path /tmp/lm-enclosure-validation/build/DerivedData/ModuleCache.noindex -sdk-module-cache-path /tmp/lm-enclosure-validation/build/DerivedData/ModuleCache.noindex -serialize-diagnostics -emit-dependencies -emit-module -emit-module-path /tmp/lm-enclosure-validation/build/DerivedData/Build/Intermediates.noindex/AGC.build/Debug-xrsimulator/LMCore.build/Objects-normal/x86_64/LMCore.swiftmodule -validate-clang-modules-once -clang-build-session-file /tmp/lm-enclosure-validation/build/DerivedData/ModuleCache.noindex/Session.modulevalidation -package-name agc -Xcc -I/tmp/lm-enclosure-validation/build/DerivedData/Build/Intermediates.noindex/AGC.build/Debug-xrsimulator/LMCore.build/swift-overrides.hmap -emit-const-values -Xfrontend -const-gather-protocols-file -Xfrontend /tmp/lm-enclosure-validation/build/DerivedData/Build/Intermediates.noindex/AGC.build/Debug-xrsimulator/LMCore.build/Objects-normal/x86_64/LMCore_const_extract_protocols.json -Xcc -I/tmp/lm-enclosure-validation/build/DerivedData/Build/Products/Debug-xrsimulator/include -Xcc -I/tmp/lm-enclosure-validation/build/DerivedData/Build/Intermediates.noindex/AGC.build/Debug-xrsimulator/LMCore.build/DerivedSources-normal/x86_64 -Xcc -I/tmp/lm-enclosure-validation/build/DerivedData/Build/Intermediates.noindex/AGC.build/Debug-xrsimulator/LMCore.build/DerivedSources/x86_64 -Xcc -I/tmp/lm-enclosure-validation/build/DerivedData/Build/Intermediates.noindex/AGC.build/Debug-xrsimulator/LMCore.build/DerivedSources -Xcc -DSWIFT_PACKAGE -Xcc -DDEBUG\=1 -emit-objc-header -emit-objc-header-path /tmp/lm-enclosure-validation/build/DerivedData/Build/Intermediates.noindex/AGC.build/Debug-xrsimulator/LMCore.build/Objects-normal/x86_64/LMCore-Swift.h -working-directory /tmp/lm-enclosure-validation/LM/LM.xcodeproj -experimental-emit-module-separately -disable-cmo

SwiftMergeGeneratedHeaders /tmp/lm-enclosure-validation/build/DerivedData/Build/Intermediates.noindex/GeneratedModuleMaps-xrsimulator/LMCore-Swift.h /tmp/lm-enclosure-validation/build/DerivedData/Build/Intermediates.noindex/AGC.build/Debug-xrsimulator/LMCore.build/Objects-normal/arm64/LMCore-Swift.h /tmp/lm-enclosure-validation/build/DerivedData/Build/Intermediates.noindex/AGC.build/Debug-xrsimulator/LMCore.build/Objects-normal/x86_64/LMCore-Swift.h (in target 'LMCore' from project 'AGC')
    cd /tmp/lm-enclosure-validation/AGC
    builtin-swiftHeaderTool -arch arm64 /tmp/lm-enclosure-validation/build/DerivedData/Build/Intermediates.noindex/AGC.build/Debug-xrsimulator/LMCore.build/Objects-normal/arm64/LMCore-Swift.h -arch x86_64 /tmp/lm-enclosure-validation/build/DerivedData/Build/Intermediates.noindex/AGC.build/Debug-xrsimulator/LMCore.build/Objects-normal/x86_64/LMCore-Swift.h -o /tmp/lm-enclosure-validation/build/DerivedData/Build/Intermediates.noindex/GeneratedModuleMaps-xrsimulator/LMCore-Swift.h

Copy /tmp/lm-enclosure-validation/build/DerivedData/Build/Products/Debug-xrsimulator/LMCore.swiftmodule/x86_64-apple-xros-simulator.swiftmodule /tmp/lm-enclosure-validation/build/DerivedData/Build/Intermediates.noindex/AGC.build/Debug-xrsimulator/LMCore.build/Objects-normal/x86_64/LMCore.swiftmodule (in target 'LMCore' from project 'AGC')
    cd /tmp/lm-enclosure-validation/AGC
    builtin-copy -exclude .DS_Store -exclude CVS -exclude .svn -exclude .git -exclude .hg -resolve-src-symlinks -rename /tmp/lm-enclosure-validation/build/DerivedData/Build/Intermediates.noindex/AGC.build/Debug-xrsimulator/LMCore.build/Objects-normal/x86_64/LMCore.swiftmodule /tmp/lm-enclosure-validation/build/DerivedData/Build/Products/Debug-xrsimulator/LMCore.swiftmodule/x86_64-apple-xros-simulator.swiftmodule

Copy /tmp/lm-enclosure-validation/build/DerivedData/Build/Products/Debug-xrsimulator/LMCore.swiftmodule/x86_64-apple-xros-simulator.swiftdoc /tmp/lm-enclosure-validation/build/DerivedData/Build/Intermediates.noindex/AGC.build/Debug-xrsimulator/LMCore.build/Objects-normal/x86_64/LMCore.swiftdoc (in target 'LMCore' from project 'AGC')
    cd /tmp/lm-enclosure-validation/AGC
    builtin-copy -exclude .DS_Store -exclude CVS -exclude .svn -exclude .git -exclude .hg -resolve-src-symlinks -rename /tmp/lm-enclosure-validation/build/DerivedData/Build/Intermediates.noindex/AGC.build/Debug-xrsimulator/LMCore.build/Objects-normal/x86_64/LMCore.swiftdoc /tmp/lm-enclosure-validation/build/DerivedData/Build/Products/Debug-xrsimulator/LMCore.swiftmodule/x86_64-apple-xros-simulator.swiftdoc

Copy /tmp/lm-enclosure-validation/build/DerivedData/Build/Products/Debug-xrsimulator/LMCore.swiftmodule/Project/x86_64-apple-xros-simulator.swiftsourceinfo /tmp/lm-enclosure-validation/build/DerivedData/Build/Intermediates.noindex/AGC.build/Debug-xrsimulator/LMCore.build/Objects-normal/x86_64/LMCore.swiftsourceinfo (in target 'LMCore' from project 'AGC')
    cd /tmp/lm-enclosure-validation/AGC
    builtin-copy -exclude .DS_Store -exclude CVS -exclude .svn -exclude .git -exclude .hg -resolve-src-symlinks -rename /tmp/lm-enclosure-validation/build/DerivedData/Build/Intermediates.noindex/AGC.build/Debug-xrsimulator/LMCore.build/Objects-normal/x86_64/LMCore.swiftsourceinfo /tmp/lm-enclosure-validation/build/DerivedData/Build/Products/Debug-xrsimulator/LMCore.swiftmodule/Project/x86_64-apple-xros-simulator.swiftsourceinfo

Copy /tmp/lm-enclosure-validation/build/DerivedData/Build/Products/Debug-xrsimulator/LMCore.swiftmodule/x86_64-apple-xros-simulator.abi.json /tmp/lm-enclosure-validation/build/DerivedData/Build/Intermediates.noindex/AGC.build/Debug-xrsimulator/LMCore.build/Objects-normal/x86_64/LMCore.abi.json (in target 'LMCore' from project 'AGC')
    cd /tmp/lm-enclosure-validation/AGC
    builtin-copy -exclude .DS_Store -exclude CVS -exclude .svn -exclude .git -exclude .hg -resolve-src-symlinks -rename /tmp/lm-enclosure-validation/build/DerivedData/Build/Intermediates.noindex/AGC.build/Debug-xrsimulator/LMCore.build/Objects-normal/x86_64/LMCore.abi.json /tmp/lm-enclosure-validation/build/DerivedData/Build/Products/Debug-xrsimulator/LMCore.swiftmodule/x86_64-apple-xros-simulator.abi.json

ProcessProductPackaging "" /tmp/lm-enclosure-validation/build/DerivedData/Build/Intermediates.noindex/LM.build/Debug-xrsimulator/LM.build/LM.app-Simulated.xcent (in target 'LM' from project 'LM')
    cd /tmp/lm-enclosure-validation/LM
    
    Entitlements:
    
    {
    "application-identifier" = "32R66SNDGS.io.positron.LM";
}
    
    builtin-productPackagingUtility -entitlements -format xml -o /tmp/lm-enclosure-validation/build/DerivedData/Build/Intermediates.noindex/LM.build/Debug-xrsimulator/LM.build/LM.app-Simulated.xcent

ProcessProductPackagingDER /tmp/lm-enclosure-validation/build/DerivedData/Build/Intermediates.noindex/LM.build/Debug-xrsimulator/LM.build/LM.app-Simulated.xcent /tmp/lm-enclosure-validation/build/DerivedData/Build/Intermediates.noindex/LM.build/Debug-xrsimulator/LM.build/LM.app-Simulated.xcent.der (in target 'LM' from project 'LM')
    cd /tmp/lm-enclosure-validation/LM
    /usr/bin/derq query -f xml -i /tmp/lm-enclosure-validation/build/DerivedData/Build/Intermediates.noindex/LM.build/Debug-xrsimulator/LM.build/LM.app-Simulated.xcent -o /tmp/lm-enclosure-validation/build/DerivedData/Build/Intermediates.noindex/LM.build/Debug-xrsimulator/LM.build/LM.app-Simulated.xcent.der --raw

SwiftDriver LM normal arm64 com.apple.xcode.tools.swift.compiler (in target 'LM' from project 'LM')
    cd /tmp/lm-enclosure-validation/LM
    builtin-SwiftDriver -- /Applications/Xcode-26.6.0.app/Contents/Developer/Toolchains/XcodeDefault.xctoolchain/usr/bin/swiftc -module-name LM -Onone @/tmp/lm-enclosure-validation/build/DerivedData/Build/Intermediates.noindex/LM.build/Debug-xrsimulator/LM.build/Objects-normal/arm64/LM.SwiftFileList -DDEBUG -enable-bare-slash-regex -enable-experimental-feature DebugDescriptionMacro -sdk /Applications/Xcode-26.6.0.app/Contents/Developer/Platforms/XRSimulator.platform/Developer/SDKs/XRSimulator26.5.sdk -target arm64-apple-xros2.2-simulator -g -module-cache-path /tmp/lm-enclosure-validation/build/DerivedData/ModuleCache.noindex -Xfrontend -serialize-debugging-options -profile-coverage-mapping -profile-generate -enable-testing -index-store-path /tmp/lm-enclosure-validation/build/DerivedData/Index.noindex/DataStore -Xcc -D_LIBCPP_HARDENING_MODE\=_LIBCPP_HARDENING_MODE_DEBUG -swift-version 5 -I /tmp/lm-enclosure-validation/build/DerivedData/Build/Products/Debug-xrsimulator -F /tmp/lm-enclosure-validation/build/DerivedData/Build/Products/Debug-xrsimulator/PackageFrameworks -F /tmp/lm-enclosure-validation/build/DerivedData/Build/Products/Debug-xrsimulator/PackageFrameworks -F /tmp/lm-enclosure-validation/build/DerivedData/Build/Products/Debug-xrsimulator/PackageFrameworks -F /tmp/lm-enclosure-validation/build/DerivedData/Build/Products/Debug-xrsimulator/PackageFrameworks -F /tmp/lm-enclosure-validation/build/DerivedData/Build/Products/Debug-xrsimulator -emit-localized-strings -emit-localized-strings-path /tmp/lm-enclosure-validation/build/DerivedData/Build/Intermediates.noindex/LM.build/Debug-xrsimulator/LM.build/Objects-normal/arm64 -c -j18 -enable-batch-mode -incremental -Xcc -ivfsstatcache -Xcc /tmp/lm-enclosure-validation/build/DerivedData/SDKStatCaches.noindex/xrsimulator26.5-23O469-688ef53f1462e2c8f657fdc38a81448f05f5f2c4c85e58a13fa9f64b8b5e08f4.sdkstatcache -output-file-map /tmp/lm-enclosure-validation/build/DerivedData/Build/Intermediates.noindex/LM.build/Debug-xrsimulator/LM.build/Objects-normal/arm64/LM-OutputFileMap.json -use-frontend-parseable-output -save-temps -no-color-diagnostics -explicit-module-build -module-cache-path /tmp/lm-enclosure-validation/build/DerivedData/Build/Intermediates.noindex/SwiftExplicitPrecompiledModules -clang-scanner-module-cache-path /tmp/lm-enclosure-validation/build/DerivedData/ModuleCache.noindex -sdk-module-cache-path /tmp/lm-enclosure-validation/build/DerivedData/ModuleCache.noindex -serialize-diagnostics -emit-dependencies -emit-module -emit-module-path /tmp/lm-enclosure-validation/build/DerivedData/Build/Intermediates.noindex/LM.build/Debug-xrsimulator/LM.build/Objects-normal/arm64/LM.swiftmodule -validate-clang-modules-once -clang-build-session-file /tmp/lm-enclosure-validation/build/DerivedData/ModuleCache.noindex/Session.modulevalidation -Xcc -I/tmp/lm-enclosure-validation/build/DerivedData/Build/Intermediates.noindex/LM.build/Debug-xrsimulator/LM.build/swift-overrides.hmap -emit-const-values -Xfrontend -const-gather-protocols-file -Xfrontend /tmp/lm-enclosure-validation/build/DerivedData/Build/Intermediates.noindex/LM.build/Debug-xrsimulator/LM.build/Objects-normal/arm64/LM_const_extract_protocols.json -Xcc -iquote -Xcc /tmp/lm-enclosure-validation/build/DerivedData/Build/Intermediates.noindex/LM.build/Debug-xrsimulator/LM.build/LM-generated-files.hmap -Xcc -I/tmp/lm-enclosure-validation/build/DerivedData/Build/Intermediates.noindex/LM.build/Debug-xrsimulator/LM.build/LM-own-target-headers.hmap -Xcc -I/tmp/lm-enclosure-validation/build/DerivedData/Build/Intermediates.noindex/LM.build/Debug-xrsimulator/LM.build/LM-all-non-framework-target-headers.hmap -Xcc -ivfsoverlay -Xcc /tmp/lm-enclosure-validation/build/DerivedData/Build/Intermediates.noindex/LM.build/Debug-xrsimulator/LM-297c03f1a75ed8e528c0c1b078689731-VFS-xrsimulator/all-product-headers.yaml -Xcc -iquote -Xcc /tmp/lm-enclosure-validation/build/DerivedData/Build/Intermediates.noindex/LM.build/Debug-xrsimulator/LM.build/LM-project-headers.hmap -Xcc -I/tmp/lm-enclosure-validation/build/DerivedData/Build/Products/Debug-xrsimulator/include -Xcc -I/tmp/lm-enclosure-validation/build/DerivedData/Build/Intermediates.noindex/LM.build/Debug-xrsimulator/LM.build/DerivedSources-normal/arm64 -Xcc -I/tmp/lm-enclosure-validation/build/DerivedData/Build/Intermediates.noindex/LM.build/Debug-xrsimulator/LM.build/DerivedSources/arm64 -Xcc -I/tmp/lm-enclosure-validation/build/DerivedData/Build/Intermediates.noindex/LM.build/Debug-xrsimulator/LM.build/DerivedSources -Xcc -DDEBUG\=1 -emit-objc-header -emit-objc-header-path /tmp/lm-enclosure-validation/build/DerivedData/Build/Intermediates.noindex/LM.build/Debug-xrsimulator/LM.build/Objects-normal/arm64/LM-Swift.h -working-directory /tmp/lm-enclosure-validation/LM -experimental-emit-module-separately -disable-cmo

CompileAssetCatalogVariant thinned /tmp/lm-enclosure-validation/build/DerivedData/Build/Products/Debug-xrsimulator/LM.app /tmp/lm-enclosure-validation/LM/LM/Preview\ Content/Preview\ Assets.xcassets /tmp/lm-enclosure-validation/LM/LM/Assets.xcassets (in target 'LM' from project 'LM')
    cd /tmp/lm-enclosure-validation/LM
    /Applications/Xcode-26.6.0.app/Contents/Developer/usr/bin/actool /tmp/lm-enclosure-validation/LM/LM/Preview\ Content/Preview\ Assets.xcassets /tmp/lm-enclosure-validation/LM/LM/Assets.xcassets --compile /tmp/lm-enclosure-validation/build/DerivedData/Build/Intermediates.noindex/LM.build/Debug-xrsimulator/LM.build/assetcatalog_output/thinned --output-format human-readable-text --notices --warnings --export-dependency-info /tmp/lm-enclosure-validation/build/DerivedData/Build/Intermediates.noindex/LM.build/Debug-xrsimulator/LM.build/assetcatalog_dependencies_thinned --output-partial-info-plist /tmp/lm-enclosure-validation/build/DerivedData/Build/Intermediates.noindex/LM.build/Debug-xrsimulator/LM.build/assetcatalog_generated_info.plist_thinned --app-icon AppIcon --accent-color AccentColor --compress-pngs --enable-on-demand-resources YES --development-region en --target-device vision --minimum-deployment-target 2.2 --platform xros
/* com.apple.actool.compilation-results */
/tmp/lm-enclosure-validation/build/DerivedData/Build/Intermediates.noindex/LM.build/Debug-xrsimulator/LM.build/assetcatalog_generated_info.plist_thinned


SwiftDriver LM normal x86_64 com.apple.xcode.tools.swift.compiler (in target 'LM' from project 'LM')
    cd /tmp/lm-enclosure-validation/LM
    builtin-SwiftDriver -- /Applications/Xcode-26.6.0.app/Contents/Developer/Toolchains/XcodeDefault.xctoolchain/usr/bin/swiftc -module-name LM -Onone @/tmp/lm-enclosure-validation/build/DerivedData/Build/Intermediates.noindex/LM.build/Debug-xrsimulator/LM.build/Objects-normal/x86_64/LM.SwiftFileList -DDEBUG -enable-bare-slash-regex -enable-experimental-feature DebugDescriptionMacro -sdk /Applications/Xcode-26.6.0.app/Contents/Developer/Platforms/XRSimulator.platform/Developer/SDKs/XRSimulator26.5.sdk -target x86_64-apple-xros2.2-simulator -g -module-cache-path /tmp/lm-enclosure-validation/build/DerivedData/ModuleCache.noindex -Xfrontend -serialize-debugging-options -profile-coverage-mapping -profile-generate -enable-testing -index-store-path /tmp/lm-enclosure-validation/build/DerivedData/Index.noindex/DataStore -Xcc -D_LIBCPP_HARDENING_MODE\=_LIBCPP_HARDENING_MODE_DEBUG -swift-version 5 -I /tmp/lm-enclosure-validation/build/DerivedData/Build/Products/Debug-xrsimulator -F /tmp/lm-enclosure-validation/build/DerivedData/Build/Products/Debug-xrsimulator/PackageFrameworks -F /tmp/lm-enclosure-validation/build/DerivedData/Build/Products/Debug-xrsimulator/PackageFrameworks -F /tmp/lm-enclosure-validation/build/DerivedData/Build/Products/Debug-xrsimulator/PackageFrameworks -F /tmp/lm-enclosure-validation/build/DerivedData/Build/Products/Debug-xrsimulator/PackageFrameworks -F /tmp/lm-enclosure-validation/build/DerivedData/Build/Products/Debug-xrsimulator -emit-localized-strings -emit-localized-strings-path /tmp/lm-enclosure-validation/build/DerivedData/Build/Intermediates.noindex/LM.build/Debug-xrsimulator/LM.build/Objects-normal/x86_64 -c -j18 -enable-batch-mode -incremental -Xcc -ivfsstatcache -Xcc /tmp/lm-enclosure-validation/build/DerivedData/SDKStatCaches.noindex/xrsimulator26.5-23O469-688ef53f1462e2c8f657fdc38a81448f05f5f2c4c85e58a13fa9f64b8b5e08f4.sdkstatcache -output-file-map /tmp/lm-enclosure-validation/build/DerivedData/Build/Intermediates.noindex/LM.build/Debug-xrsimulator/LM.build/Objects-normal/x86_64/LM-OutputFileMap.json -use-frontend-parseable-output -save-temps -no-color-diagnostics -explicit-module-build -module-cache-path /tmp/lm-enclosure-validation/build/DerivedData/Build/Intermediates.noindex/SwiftExplicitPrecompiledModules -clang-scanner-module-cache-path /tmp/lm-enclosure-validation/build/DerivedData/ModuleCache.noindex -sdk-module-cache-path /tmp/lm-enclosure-validation/build/DerivedData/ModuleCache.noindex -serialize-diagnostics -emit-dependencies -emit-module -emit-module-path /tmp/lm-enclosure-validation/build/DerivedData/Build/Intermediates.noindex/LM.build/Debug-xrsimulator/LM.build/Objects-normal/x86_64/LM.swiftmodule -validate-clang-modules-once -clang-build-session-file /tmp/lm-enclosure-validation/build/DerivedData/ModuleCache.noindex/Session.modulevalidation -Xcc -I/tmp/lm-enclosure-validation/build/DerivedData/Build/Intermediates.noindex/LM.build/Debug-xrsimulator/LM.build/swift-overrides.hmap -emit-const-values -Xfrontend -const-gather-protocols-file -Xfrontend /tmp/lm-enclosure-validation/build/DerivedData/Build/Intermediates.noindex/LM.build/Debug-xrsimulator/LM.build/Objects-normal/x86_64/LM_const_extract_protocols.json -Xcc -iquote -Xcc /tmp/lm-enclosure-validation/build/DerivedData/Build/Intermediates.noindex/LM.build/Debug-xrsimulator/LM.build/LM-generated-files.hmap -Xcc -I/tmp/lm-enclosure-validation/build/DerivedData/Build/Intermediates.noindex/LM.build/Debug-xrsimulator/LM.build/LM-own-target-headers.hmap -Xcc -I/tmp/lm-enclosure-validation/build/DerivedData/Build/Intermediates.noindex/LM.build/Debug-xrsimulator/LM.build/LM-all-non-framework-target-headers.hmap -Xcc -ivfsoverlay -Xcc /tmp/lm-enclosure-validation/build/DerivedData/Build/Intermediates.noindex/LM.build/Debug-xrsimulator/LM-297c03f1a75ed8e528c0c1b078689731-VFS-xrsimulator/all-product-headers.yaml -Xcc -iquote -Xcc /tmp/lm-enclosure-validation/build/DerivedData/Build/Intermediates.noindex/LM.build/Debug-xrsimulator/LM.build/LM-project-headers.hmap -Xcc -I/tmp/lm-enclosure-validation/build/DerivedData/Build/Products/Debug-xrsimulator/include -Xcc -I/tmp/lm-enclosure-validation/build/DerivedData/Build/Intermediates.noindex/LM.build/Debug-xrsimulator/LM.build/DerivedSources-normal/x86_64 -Xcc -I/tmp/lm-enclosure-validation/build/DerivedData/Build/Intermediates.noindex/LM.build/Debug-xrsimulator/LM.build/DerivedSources/x86_64 -Xcc -I/tmp/lm-enclosure-validation/build/DerivedData/Build/Intermediates.noindex/LM.build/Debug-xrsimulator/LM.build/DerivedSources -Xcc -DDEBUG\=1 -emit-objc-header -emit-objc-header-path /tmp/lm-enclosure-validation/build/DerivedData/Build/Intermediates.noindex/LM.build/Debug-xrsimulator/LM.build/Objects-normal/x86_64/LM-Swift.h -working-directory /tmp/lm-enclosure-validation/LM -experimental-emit-module-separately -disable-cmo

SwiftDriverJobDiscovery normal x86_64 Compiling LMLandingGear.swift (in target 'LMCore' from project 'AGC')

CreateUniversalBinary /tmp/lm-enclosure-validation/build/DerivedData/Build/Products/Debug-xrsimulator/AGC.o normal arm64\ x86_64 (in target 'AGC' from project 'AGC')
    cd /tmp/lm-enclosure-validation/AGC
    /Applications/Xcode-26.6.0.app/Contents/Developer/Toolchains/XcodeDefault.xctoolchain/usr/bin/lipo -create /tmp/lm-enclosure-validation/build/DerivedData/Build/Intermediates.noindex/AGC.build/Debug-xrsimulator/AGC.build/Objects-normal/arm64/Binary/AGC.o /tmp/lm-enclosure-validation/build/DerivedData/Build/Intermediates.noindex/AGC.build/Debug-xrsimulator/AGC.build/Objects-normal/x86_64/Binary/AGC.o -output /tmp/lm-enclosure-validation/build/DerivedData/Build/Products/Debug-xrsimulator/AGC.o

ExtractAppIntentsMetadata (in target 'AGC' from project 'AGC')
    cd /tmp/lm-enclosure-validation/AGC
    /Applications/Xcode-26.6.0.app/Contents/Developer/Toolchains/XcodeDefault.xctoolchain/usr/bin/appintentsmetadataprocessor --toolchain-dir /var/run/com.apple.security.cryptexd/mnt/com.apple.MobileAsset.MetalToolchain-v17.6.109.0.LCTyu3/Metal.xctoolchain --module-name AGC --sdk-root /Applications/Xcode-26.6.0.app/Contents/Developer/Platforms/XRSimulator.platform/Developer/SDKs/XRSimulator26.5.sdk --xcode-version 17F113 --platform-family xrOS --deployment-target 1.0 --bundle-identifier agc.AGC --output /tmp/lm-enclosure-validation/build/DerivedData/Build/Products/Debug-xrsimulator/AGC.appintents --target-triple arm64-apple-xros1.0-simulator --target-triple x86_64-apple-xros1.0-simulator --binary-file /tmp/lm-enclosure-validation/build/DerivedData/Build/Products/Debug-xrsimulator/AGC.o --dependency-file /tmp/lm-enclosure-validation/build/DerivedData/Build/Intermediates.noindex/AGC.build/Debug-xrsimulator/AGC.build/Objects-normal/arm64/AGC_dependency_info.dat --dependency-file /tmp/lm-enclosure-validation/build/DerivedData/Build/Intermediates.noindex/AGC.build/Debug-xrsimulator/AGC.build/Objects-normal/x86_64/AGC_dependency_info.dat --stringsdata-file /tmp/lm-enclosure-validation/build/DerivedData/Build/Intermediates.noindex/AGC.build/Debug-xrsimulator/AGC.build/Objects-normal/arm64/ExtractedAppShortcutsMetadata.stringsdata --stringsdata-file /tmp/lm-enclosure-validation/build/DerivedData/Build/Intermediates.noindex/AGC.build/Debug-xrsimulator/AGC.build/Objects-normal/x86_64/ExtractedAppShortcutsMetadata.stringsdata --source-file-list /tmp/lm-enclosure-validation/build/DerivedData/Build/Intermediates.noindex/AGC.build/Debug-xrsimulator/AGC.build/Objects-normal/arm64/AGC.SwiftFileList --source-file-list /tmp/lm-enclosure-validation/build/DerivedData/Build/Intermediates.noindex/AGC.build/Debug-xrsimulator/AGC.build/Objects-normal/x86_64/AGC.SwiftFileList --metadata-file-list /tmp/lm-enclosure-validation/build/DerivedData/Build/Intermediates.noindex/AGC.build/Debug-xrsimulator/AGC.build/AGC.DependencyMetadataFileList --static-metadata-file-list /tmp/lm-enclosure-validation/build/DerivedData/Build/Intermediates.noindex/AGC.build/Debug-xrsimulator/AGC.build/AGC.DependencyStaticMetadataFileList --swift-const-vals-list /tmp/lm-enclosure-validation/build/DerivedData/Build/Intermediates.noindex/AGC.build/Debug-xrsimulator/AGC.build/Objects-normal/arm64/AGC.SwiftConstValuesFileList --swift-const-vals-list /tmp/lm-enclosure-validation/build/DerivedData/Build/Intermediates.noindex/AGC.build/Debug-xrsimulator/AGC.build/Objects-normal/x86_64/AGC.SwiftConstValuesFileList --force --compile-time-extraction --deployment-aware-processing --validate-assistant-intents --no-app-shortcuts-localization
2026-09-08 17:47:26.679 appintentsmetadataprocessor[6623:112595032] Starting appintentsmetadataprocessor export
2026-09-08 17:47:26.690 appintentsmetadataprocessor[6623:112595032] Extracted no relevant App Intents symbols, skipping writing output

SwiftDriverJobDiscovery normal x86_64 Compiling LMVehicleCommands.swift (in target 'LMCore' from project 'AGC')

RegisterExecutionPolicyException /tmp/lm-enclosure-validation/build/DerivedData/Build/Products/Debug-xrsimulator/AGC.o (in target 'AGC' from project 'AGC')
    cd /tmp/lm-enclosure-validation/AGC
    builtin-RegisterExecutionPolicyException /tmp/lm-enclosure-validation/build/DerivedData/Build/Products/Debug-xrsimulator/AGC.o

Ld /tmp/lm-enclosure-validation/build/DerivedData/Build/Intermediates.noindex/AGC.build/Debug-xrsimulator/LMCore.build/Objects-normal/arm64/Binary/LMCore.o normal arm64 (in target 'LMCore' from project 'AGC')
    cd /tmp/lm-enclosure-validation/AGC
    /Applications/Xcode-26.6.0.app/Contents/Developer/Toolchains/XcodeDefault.xctoolchain/usr/bin/clang -Xlinker -reproducible -target arm64-apple-xros1.0-simulator -r -isysroot /Applications/Xcode-26.6.0.app/Contents/Developer/Platforms/XRSimulator.platform/Developer/SDKs/XRSimulator26.5.sdk -O0 -w -F/tmp/lm-enclosure-validation/build/DerivedData/Build/Intermediates.noindex/EagerLinkingTBDs/Debug-xrsimulator -F/tmp/lm-enclosure-validation/build/DerivedData/Build/Products/Debug-xrsimulator/PackageFrameworks -F/tmp/lm-enclosure-validation/build/DerivedData/Build/Products/Debug-xrsimulator -iframework /Applications/Xcode-26.6.0.app/Contents/Developer/Platforms/XRSimulator.platform/Developer/Library/Frameworks -iframework /Applications/Xcode-26.6.0.app/Contents/Developer/Platforms/XRSimulator.platform/Developer/SDKs/XRSimulator26.5.sdk/Developer/Library/Frameworks -filelist /tmp/lm-enclosure-validation/build/DerivedData/Build/Intermediates.noindex/AGC.build/Debug-xrsimulator/LMCore.build/Objects-normal/arm64/LMCore.LinkFileList -nostdlib -Xlinker -object_path_lto -Xlinker /tmp/lm-enclosure-validation/build/DerivedData/Build/Intermediates.noindex/AGC.build/Debug-xrsimulator/LMCore.build/Objects-normal/arm64/LMCore_lto.o -Xlinker -no_deduplicate -Xlinker -objc_abi_version -Xlinker 2 -Xlinker -debug_variant -Xlinker -dependency_info -Xlinker /tmp/lm-enclosure-validation/build/DerivedData/Build/Intermediates.noindex/AGC.build/Debug-xrsimulator/LMCore.build/Objects-normal/arm64/LMCore_dependency_info.dat -fobjc-link-runtime -L/Applications/Xcode-26.6.0.app/Contents/Developer/Toolchains/XcodeDefault.xctoolchain/usr/lib/swift/xrsimulator -L/usr/lib/swift -Xlinker -add_ast_path -Xlinker /tmp/lm-enclosure-validation/build/DerivedData/Build/Intermediates.noindex/AGC.build/Debug-xrsimulator/LMCore.build/Objects-normal/arm64/LMCore.swiftmodule @/tmp/lm-enclosure-validation/build/DerivedData/Build/Intermediates.noindex/AGC.build/Debug-xrsimulator/LMCore.build/Objects-normal/arm64/LMCore-linker-args.resp -o /tmp/lm-enclosure-validation/build/DerivedData/Build/Intermediates.noindex/AGC.build/Debug-xrsimulator/LMCore.build/Objects-normal/arm64/Binary/LMCore.o

SwiftCompile normal arm64 Compiling\ PoweredDescentSession.swift /tmp/lm-enclosure-validation/LM/LM/PoweredDescentSession.swift (in target 'LM' from project 'LM')
SwiftCompile normal arm64 /tmp/lm-enclosure-validation/LM/LM/PoweredDescentSession.swift (in target 'LM' from project 'LM')
    cd /tmp/lm-enclosure-validation/LM
    

SwiftCompile normal arm64 Compiling\ TerminalDescentCockpitView.swift /tmp/lm-enclosure-validation/LM/LM/TerminalDescentCockpitView.swift (in target 'LM' from project 'LM')
SwiftCompile normal arm64 /tmp/lm-enclosure-validation/LM/LM/TerminalDescentCockpitView.swift (in target 'LM' from project 'LM')
    cd /tmp/lm-enclosure-validation/LM
    

SwiftEmitModule normal arm64 Emitting\ module\ for\ LM (in target 'LM' from project 'LM')

EmitSwiftModule normal arm64 (in target 'LM' from project 'LM')
    cd /tmp/lm-enclosure-validation/LM
    
/tmp/lm-enclosure-validation/LM/LM/LunarGlobe/LMLunarImageryTileStore.swift:13:79: warning: converting non-Sendable function value to '@Sendable (LMTerrainManifest.Source) async throws -> Data' may introduce data races
         fetch: @escaping LMLunarElevationStore.Fetch = LMLunarElevationStore.fetchPDS) throws {
                                                                              ^
/tmp/lm-enclosure-validation/LM/LM/LMLunarElevationStore.swift:26:57: warning: converting non-Sendable function value to '@Sendable (LMTerrainManifest.Source) async throws -> Data' may introduce data races
         fetch: @escaping Fetch = LMLunarElevationStore.fetchPDS) throws {
                                                        ^

SwiftExplicitDependencyGeneratePcm x86_64 /tmp/lm-enclosure-validation/build/DerivedData/ModuleCache.noindex/_Builtin_stdbool-2JRXIMRRWRTJ1GMCK5PWLYQ69.pcm

SwiftExplicitDependencyGeneratePcm x86_64 /tmp/lm-enclosure-validation/build/DerivedData/ModuleCache.noindex/_Builtin_stdarg-2D2WTGCB1ZWEBYFOTLEHFTGG4.pcm

SwiftExplicitDependencyGeneratePcm x86_64 /tmp/lm-enclosure-validation/build/DerivedData/ModuleCache.noindex/_Builtin_float-8GRRHOCY0BKP5LOFNZCNW52IV.pcm

SwiftExplicitDependencyGeneratePcm x86_64 /tmp/lm-enclosure-validation/build/DerivedData/ModuleCache.noindex/_AvailabilityInternal-MXZX243A0I972TCJ7EQIGHGX.pcm

SwiftExplicitDependencyGeneratePcm x86_64 /tmp/lm-enclosure-validation/build/DerivedData/ModuleCache.noindex/_Builtin_stddef-IDI53R1KTWWP3JK4359UDBZF.pcm

SwiftExplicitDependencyGeneratePcm x86_64 /tmp/lm-enclosure-validation/build/DerivedData/ModuleCache.noindex/DeveloperToolsSupport-2VD7K8BVU6LVUTG5S0O40TNML.pcm

SwiftExplicitDependencyGeneratePcm x86_64 /tmp/lm-enclosure-validation/build/DerivedData/ModuleCache.noindex/SwiftShims-13QFJ9SNZPMX5S39C3QLIA8X7.pcm

SwiftExplicitDependencyGeneratePcm x86_64 /tmp/lm-enclosure-validation/build/DerivedData/ModuleCache.noindex/ptrcheck-EWIBN7LIAI48V0N1TS53LRB42.pcm

SwiftExplicitDependencyGeneratePcm x86_64 /tmp/lm-enclosure-validation/build/DerivedData/ModuleCache.noindex/GroupActivities-A5PMR71F96B2LDXZ81MYRY5P8.pcm

SwiftExplicitDependencyGeneratePcm x86_64 /tmp/lm-enclosure-validation/build/DerivedData/ModuleCache.noindex/ptrauth-EF18L5O0BVADK3RP3JH1XXRQO.pcm

SwiftExplicitDependencyGeneratePcm x86_64 /tmp/lm-enclosure-validation/build/DerivedData/ModuleCache.noindex/_SwiftConcurrencyShims-CCNM2BEII11DV1ZJHRG5NVWJF.pcm

SwiftDriverJobDiscovery normal x86_64 Compiling LMSimulation.swift (in target 'LMCore' from project 'AGC')

SwiftDriver\ Compilation LMCore normal x86_64 com.apple.xcode.tools.swift.compiler (in target 'LMCore' from project 'AGC')
    cd /tmp/lm-enclosure-validation/LM/LM.xcodeproj
    builtin-Swift-Compilation -- /Applications/Xcode-26.6.0.app/Contents/Developer/Toolchains/XcodeDefault.xctoolchain/usr/bin/swiftc -module-name LMCore -Onone @/tmp/lm-enclosure-validation/build/DerivedData/Build/Intermediates.noindex/AGC.build/Debug-xrsimulator/LMCore.build/Objects-normal/x86_64/LMCore.SwiftFileList -DSWIFT_PACKAGE -DDEBUG -DSWIFT_MODULE_RESOURCE_BUNDLE_UNAVAILABLE -DXcode -plugin-path /Applications/Xcode-26.6.0.app/Contents/Developer/Toolchains/XcodeDefault.xctoolchain/usr/lib/swift/host/plugins/testing -enable-experimental-feature DebugDescriptionMacro -sdk /Applications/Xcode-26.6.0.app/Contents/Developer/Platforms/XRSimulator.platform/Developer/SDKs/XRSimulator26.5.sdk -target x86_64-apple-xros1.0-simulator -g -module-cache-path /tmp/lm-enclosure-validation/build/DerivedData/ModuleCache.noindex -Xfrontend -serialize-debugging-options -profile-coverage-mapping -profile-generate -enable-testing -suppress-warnings -index-store-path /tmp/lm-enclosure-validation/build/DerivedData/Index.noindex/DataStore -Xcc -D_LIBCPP_HARDENING_MODE\=_LIBCPP_HARDENING_MODE_DEBUG -swift-version 6 -I /tmp/lm-enclosure-validation/build/DerivedData/Build/Products/Debug-xrsimulator -Isystem /Applications/Xcode-26.6.0.app/Contents/Developer/Platforms/XRSimulator.platform/Developer/usr/lib -F /tmp/lm-enclosure-validation/build/DerivedData/Build/Products/Debug-xrsimulator/PackageFrameworks -F /tmp/lm-enclosure-validation/build/DerivedData/Build/Products/Debug-xrsimulator -F /Applications/Xcode-26.6.0.app/Contents/Developer/Platforms/XRSimulator.platform/Developer/Library/Frameworks -F /Applications/Xcode-26.6.0.app/Contents/Developer/Platforms/XRSimulator.platform/Developer/SDKs/XRSimulator26.5.sdk/Developer/Library/Frameworks -c -j18 -enable-batch-mode -incremental -Xcc -ivfsstatcache -Xcc /tmp/lm-enclosure-validation/build/DerivedData/SDKStatCaches.noindex/xrsimulator26.5-23O469-688ef53f1462e2c8f657fdc38a81448f05f5f2c4c85e58a13fa9f64b8b5e08f4.sdkstatcache -output-file-map /tmp/lm-enclosure-validation/build/DerivedData/Build/Intermediates.noindex/AGC.build/Debug-xrsimulator/LMCore.build/Objects-normal/x86_64/LMCore-OutputFileMap.json -use-frontend-parseable-output -save-temps -no-color-diagnostics -explicit-module-build -module-cache-path /tmp/lm-enclosure-validation/build/DerivedData/Build/Intermediates.noindex/SwiftExplicitPrecompiledModules -clang-scanner-module-cache-path /tmp/lm-enclosure-validation/build/DerivedData/ModuleCache.noindex -sdk-module-cache-path /tmp/lm-enclosure-validation/build/DerivedData/ModuleCache.noindex -serialize-diagnostics -emit-dependencies -emit-module -emit-module-path /tmp/lm-enclosure-validation/build/DerivedData/Build/Intermediates.noindex/AGC.build/Debug-xrsimulator/LMCore.build/Objects-normal/x86_64/LMCore.swiftmodule -validate-clang-modules-once -clang-build-session-file /tmp/lm-enclosure-validation/build/DerivedData/ModuleCache.noindex/Session.modulevalidation -package-name agc -Xcc -I/tmp/lm-enclosure-validation/build/DerivedData/Build/Intermediates.noindex/AGC.build/Debug-xrsimulator/LMCore.build/swift-overrides.hmap -emit-const-values -Xfrontend -const-gather-protocols-file -Xfrontend /tmp/lm-enclosure-validation/build/DerivedData/Build/Intermediates.noindex/AGC.build/Debug-xrsimulator/LMCore.build/Objects-normal/x86_64/LMCore_const_extract_protocols.json -Xcc -I/tmp/lm-enclosure-validation/build/DerivedData/Build/Products/Debug-xrsimulator/include -Xcc -I/tmp/lm-enclosure-validation/build/DerivedData/Build/Intermediates.noindex/AGC.build/Debug-xrsimulator/LMCore.build/DerivedSources-normal/x86_64 -Xcc -I/tmp/lm-enclosure-validation/build/DerivedData/Build/Intermediates.noindex/AGC.build/Debug-xrsimulator/LMCore.build/DerivedSources/x86_64 -Xcc -I/tmp/lm-enclosure-validation/build/DerivedData/Build/Intermediates.noindex/AGC.build/Debug-xrsimulator/LMCore.build/DerivedSources -Xcc -DSWIFT_PACKAGE -Xcc -DDEBUG\=1 -emit-objc-header -emit-objc-header-path /tmp/lm-enclosure-validation/build/DerivedData/Build/Intermediates.noindex/AGC.build/Debug-xrsimulator/LMCore.build/Objects-normal/x86_64/LMCore-Swift.h -working-directory /tmp/lm-enclosure-validation/LM/LM.xcodeproj -experimental-emit-module-separately -disable-cmo

Ld /tmp/lm-enclosure-validation/build/DerivedData/Build/Intermediates.noindex/AGC.build/Debug-xrsimulator/LMCore.build/Objects-normal/x86_64/Binary/LMCore.o normal x86_64 (in target 'LMCore' from project 'AGC')
    cd /tmp/lm-enclosure-validation/AGC
    /Applications/Xcode-26.6.0.app/Contents/Developer/Toolchains/XcodeDefault.xctoolchain/usr/bin/clang -Xlinker -reproducible -target x86_64-apple-xros1.0-simulator -r -isysroot /Applications/Xcode-26.6.0.app/Contents/Developer/Platforms/XRSimulator.platform/Developer/SDKs/XRSimulator26.5.sdk -O0 -w -F/tmp/lm-enclosure-validation/build/DerivedData/Build/Intermediates.noindex/EagerLinkingTBDs/Debug-xrsimulator -F/tmp/lm-enclosure-validation/build/DerivedData/Build/Products/Debug-xrsimulator/PackageFrameworks -F/tmp/lm-enclosure-validation/build/DerivedData/Build/Products/Debug-xrsimulator -iframework /Applications/Xcode-26.6.0.app/Contents/Developer/Platforms/XRSimulator.platform/Developer/Library/Frameworks -iframework /Applications/Xcode-26.6.0.app/Contents/Developer/Platforms/XRSimulator.platform/Developer/SDKs/XRSimulator26.5.sdk/Developer/Library/Frameworks -filelist /tmp/lm-enclosure-validation/build/DerivedData/Build/Intermediates.noindex/AGC.build/Debug-xrsimulator/LMCore.build/Objects-normal/x86_64/LMCore.LinkFileList -nostdlib -Xlinker -object_path_lto -Xlinker /tmp/lm-enclosure-validation/build/DerivedData/Build/Intermediates.noindex/AGC.build/Debug-xrsimulator/LMCore.build/Objects-normal/x86_64/LMCore_lto.o -Xlinker -no_deduplicate -Xlinker -objc_abi_version -Xlinker 2 -Xlinker -debug_variant -Xlinker -dependency_info -Xlinker /tmp/lm-enclosure-validation/build/DerivedData/Build/Intermediates.noindex/AGC.build/Debug-xrsimulator/LMCore.build/Objects-normal/x86_64/LMCore_dependency_info.dat -fobjc-link-runtime -L/Applications/Xcode-26.6.0.app/Contents/Developer/Toolchains/XcodeDefault.xctoolchain/usr/lib/swift/xrsimulator -L/usr/lib/swift -Xlinker -add_ast_path -Xlinker /tmp/lm-enclosure-validation/build/DerivedData/Build/Intermediates.noindex/AGC.build/Debug-xrsimulator/LMCore.build/Objects-normal/x86_64/LMCore.swiftmodule @/tmp/lm-enclosure-validation/build/DerivedData/Build/Intermediates.noindex/AGC.build/Debug-xrsimulator/LMCore.build/Objects-normal/x86_64/LMCore-linker-args.resp -o /tmp/lm-enclosure-validation/build/DerivedData/Build/Intermediates.noindex/AGC.build/Debug-xrsimulator/LMCore.build/Objects-normal/x86_64/Binary/LMCore.o

CreateUniversalBinary /tmp/lm-enclosure-validation/build/DerivedData/Build/Products/Debug-xrsimulator/LMCore.o normal arm64\ x86_64 (in target 'LMCore' from project 'AGC')
    cd /tmp/lm-enclosure-validation/AGC
    /Applications/Xcode-26.6.0.app/Contents/Developer/Toolchains/XcodeDefault.xctoolchain/usr/bin/lipo -create /tmp/lm-enclosure-validation/build/DerivedData/Build/Intermediates.noindex/AGC.build/Debug-xrsimulator/LMCore.build/Objects-normal/arm64/Binary/LMCore.o /tmp/lm-enclosure-validation/build/DerivedData/Build/Intermediates.noindex/AGC.build/Debug-xrsimulator/LMCore.build/Objects-normal/x86_64/Binary/LMCore.o -output /tmp/lm-enclosure-validation/build/DerivedData/Build/Products/Debug-xrsimulator/LMCore.o

SwiftExplicitDependencyGeneratePcm x86_64 /tmp/lm-enclosure-validation/build/DerivedData/ModuleCache.noindex/_DarwinFoundation1-978K314RLLLNRMG6FIMJFZNUG.pcm

ExtractAppIntentsMetadata (in target 'LMCore' from project 'AGC')
    cd /tmp/lm-enclosure-validation/AGC
    /Applications/Xcode-26.6.0.app/Contents/Developer/Toolchains/XcodeDefault.xctoolchain/usr/bin/appintentsmetadataprocessor --toolchain-dir /var/run/com.apple.security.cryptexd/mnt/com.apple.MobileAsset.MetalToolchain-v17.6.109.0.LCTyu3/Metal.xctoolchain --module-name LMCore --sdk-root /Applications/Xcode-26.6.0.app/Contents/Developer/Platforms/XRSimulator.platform/Developer/SDKs/XRSimulator26.5.sdk --xcode-version 17F113 --platform-family xrOS --deployment-target 1.0 --bundle-identifier agc.LMCore --output /tmp/lm-enclosure-validation/build/DerivedData/Build/Products/Debug-xrsimulator/LMCore.appintents --target-triple arm64-apple-xros1.0-simulator --target-triple x86_64-apple-xros1.0-simulator --binary-file /tmp/lm-enclosure-validation/build/DerivedData/Build/Products/Debug-xrsimulator/LMCore.o --dependency-file /tmp/lm-enclosure-validation/build/DerivedData/Build/Intermediates.noindex/AGC.build/Debug-xrsimulator/LMCore.build/Objects-normal/arm64/LMCore_dependency_info.dat --dependency-file /tmp/lm-enclosure-validation/build/DerivedData/Build/Intermediates.noindex/AGC.build/Debug-xrsimulator/LMCore.build/Objects-normal/x86_64/LMCore_dependency_info.dat --stringsdata-file /tmp/lm-enclosure-validation/build/DerivedData/Build/Intermediates.noindex/AGC.build/Debug-xrsimulator/LMCore.build/Objects-normal/arm64/ExtractedAppShortcutsMetadata.stringsdata --stringsdata-file /tmp/lm-enclosure-validation/build/DerivedData/Build/Intermediates.noindex/AGC.build/Debug-xrsimulator/LMCore.build/Objects-normal/x86_64/ExtractedAppShortcutsMetadata.stringsdata --source-file-list /tmp/lm-enclosure-validation/build/DerivedData/Build/Intermediates.noindex/AGC.build/Debug-xrsimulator/LMCore.build/Objects-normal/arm64/LMCore.SwiftFileList --source-file-list /tmp/lm-enclosure-validation/build/DerivedData/Build/Intermediates.noindex/AGC.build/Debug-xrsimulator/LMCore.build/Objects-normal/x86_64/LMCore.SwiftFileList --metadata-file-list /tmp/lm-enclosure-validation/build/DerivedData/Build/Intermediates.noindex/AGC.build/Debug-xrsimulator/LMCore.build/LMCore.DependencyMetadataFileList --static-metadata-file-list /tmp/lm-enclosure-validation/build/DerivedData/Build/Intermediates.noindex/AGC.build/Debug-xrsimulator/LMCore.build/LMCore.DependencyStaticMetadataFileList --swift-const-vals-list /tmp/lm-enclosure-validation/build/DerivedData/Build/Intermediates.noindex/AGC.build/Debug-xrsimulator/LMCore.build/Objects-normal/arm64/LMCore.SwiftConstValuesFileList --swift-const-vals-list /tmp/lm-enclosure-validation/build/DerivedData/Build/Intermediates.noindex/AGC.build/Debug-xrsimulator/LMCore.build/Objects-normal/x86_64/LMCore.SwiftConstValuesFileList --force --compile-time-extraction --deployment-aware-processing --validate-assistant-intents --no-app-shortcuts-localization
2026-09-08 17:47:27.381 appintentsmetadataprocessor[6665:112595257] Starting appintentsmetadataprocessor export
2026-09-08 17:47:27.390 appintentsmetadataprocessor[6665:112595257] Extracted no relevant App Intents symbols, skipping writing output

RegisterExecutionPolicyException /tmp/lm-enclosure-validation/build/DerivedData/Build/Products/Debug-xrsimulator/LMCore.o (in target 'LMCore' from project 'AGC')
    cd /tmp/lm-enclosure-validation/AGC
    builtin-RegisterExecutionPolicyException /tmp/lm-enclosure-validation/build/DerivedData/Build/Products/Debug-xrsimulator/LMCore.o

CpResource /tmp/lm-enclosure-validation/build/DerivedData/Build/Products/Debug-xrsimulator/LM.app/MoonPOI.json /tmp/lm-enclosure-validation/LM/LM/Terrain/MoonPOI.json (in target 'LM' from project 'LM')
    cd /tmp/lm-enclosure-validation/LM
    builtin-copy -exclude .DS_Store -exclude CVS -exclude .svn -exclude .git -exclude .hg -resolve-src-symlinks /tmp/lm-enclosure-validation/LM/LM/Terrain/MoonPOI.json /tmp/lm-enclosure-validation/build/DerivedData/Build/Products/Debug-xrsimulator/LM.app

CpResource /tmp/lm-enclosure-validation/build/DerivedData/Build/Products/Debug-xrsimulator/LM.app/LunarImageryPyramid.json /tmp/lm-enclosure-validation/LM/LM/Terrain/LunarImageryPyramid.json (in target 'LM' from project 'LM')
    cd /tmp/lm-enclosure-validation/LM
    builtin-copy -exclude .DS_Store -exclude CVS -exclude .svn -exclude .git -exclude .hg -resolve-src-symlinks /tmp/lm-enclosure-validation/LM/LM/Terrain/LunarImageryPyramid.json /tmp/lm-enclosure-validation/build/DerivedData/Build/Products/Debug-xrsimulator/LM.app

CpResource /tmp/lm-enclosure-validation/build/DerivedData/Build/Products/Debug-xrsimulator/LM.app/Luminary099.bin /tmp/lm-enclosure-validation/LM/LM/Luminary099.bin (in target 'LM' from project 'LM')
    cd /tmp/lm-enclosure-validation/LM
    builtin-copy -exclude .DS_Store -exclude CVS -exclude .svn -exclude .git -exclude .hg -resolve-src-symlinks /tmp/lm-enclosure-validation/LM/LM/Luminary099.bin /tmp/lm-enclosure-validation/build/DerivedData/Build/Products/Debug-xrsimulator/LM.app

CpResource /tmp/lm-enclosure-validation/build/DerivedData/Build/Products/Debug-xrsimulator/LM.app/LDEM_16.IMG /tmp/lm-enclosure-validation/LM/LM/Terrain/LDEM_16.IMG (in target 'LM' from project 'LM')
    cd /tmp/lm-enclosure-validation/LM
    builtin-copy -exclude .DS_Store -exclude CVS -exclude .svn -exclude .git -exclude .hg -resolve-src-symlinks /tmp/lm-enclosure-validation/LM/LM/Terrain/LDEM_16.IMG /tmp/lm-enclosure-validation/build/DerivedData/Build/Products/Debug-xrsimulator/LM.app

CpResource /tmp/lm-enclosure-validation/build/DerivedData/Build/Products/Debug-xrsimulator/LM.app/LDEM_128.LBL /tmp/lm-enclosure-validation/LM/LM/Terrain/LDEM_128.LBL (in target 'LM' from project 'LM')
    cd /tmp/lm-enclosure-validation/LM
    builtin-copy -exclude .DS_Store -exclude CVS -exclude .svn -exclude .git -exclude .hg -resolve-src-symlinks /tmp/lm-enclosure-validation/LM/LM/Terrain/LDEM_128.LBL /tmp/lm-enclosure-validation/build/DerivedData/Build/Products/Debug-xrsimulator/LM.app

CpResource /tmp/lm-enclosure-validation/build/DerivedData/Build/Products/Debug-xrsimulator/LM.app/LDEM_16.LBL /tmp/lm-enclosure-validation/LM/LM/Terrain/LDEM_16.LBL (in target 'LM' from project 'LM')
    cd /tmp/lm-enclosure-validation/LM
    builtin-copy -exclude .DS_Store -exclude CVS -exclude .svn -exclude .git -exclude .hg -resolve-src-symlinks /tmp/lm-enclosure-validation/LM/LM/Terrain/LDEM_16.LBL /tmp/lm-enclosure-validation/build/DerivedData/Build/Products/Debug-xrsimulator/LM.app

CpResource /tmp/lm-enclosure-validation/build/DerivedData/Build/Products/Debug-xrsimulator/LM.app/LunarElevationStrips.json /tmp/lm-enclosure-validation/LM/LM/Terrain/LunarElevationStrips.json (in target 'LM' from project 'LM')
    cd /tmp/lm-enclosure-validation/LM
    builtin-copy -exclude .DS_Store -exclude CVS -exclude .svn -exclude .git -exclude .hg -resolve-src-symlinks /tmp/lm-enclosure-validation/LM/LM/Terrain/LunarElevationStrips.json /tmp/lm-enclosure-validation/build/DerivedData/Build/Products/Debug-xrsimulator/LM.app

CpResource /tmp/lm-enclosure-validation/build/DerivedData/Build/Products/Debug-xrsimulator/LM.app/apollo11-nac-craters-v1.json /tmp/lm-enclosure-validation/LM/LM/Terrain/apollo11-nac-craters-v1.json (in target 'LM' from project 'LM')
    cd /tmp/lm-enclosure-validation/LM
    builtin-copy -exclude .DS_Store -exclude CVS -exclude .svn -exclude .git -exclude .hg -resolve-src-symlinks /tmp/lm-enclosure-validation/LM/LM/Terrain/apollo11-nac-craters-v1.json /tmp/lm-enclosure-validation/build/DerivedData/Build/Products/Debug-xrsimulator/LM.app

CpResource /tmp/lm-enclosure-validation/build/DerivedData/Build/Products/Debug-xrsimulator/LM.app/WACGlobal64PPD-q95.jxl /tmp/lm-enclosure-validation/LM/LM/Terrain/WACGlobal64PPD-q95.jxl (in target 'LM' from project 'LM')
    cd /tmp/lm-enclosure-validation/LM
    builtin-copy -exclude .DS_Store -exclude CVS -exclude .svn -exclude .git -exclude .hg -resolve-src-symlinks /tmp/lm-enclosure-validation/LM/LM/Terrain/WACGlobal64PPD-q95.jxl /tmp/lm-enclosure-validation/build/DerivedData/Build/Products/Debug-xrsimulator/LM.app

CpResource /tmp/lm-enclosure-validation/build/DerivedData/Build/Products/Debug-xrsimulator/LM.app/WACGlobal64GPUBase-P3.pngdata /tmp/lm-enclosure-validation/LM/LM/Terrain/WACGlobal64GPUBase-P3.pngdata (in target 'LM' from project 'LM')
    cd /tmp/lm-enclosure-validation/LM
    builtin-copy -exclude .DS_Store -exclude CVS -exclude .svn -exclude .git -exclude .hg -resolve-src-symlinks /tmp/lm-enclosure-validation/LM/LM/Terrain/WACGlobal64GPUBase-P3.pngdata /tmp/lm-enclosure-validation/build/DerivedData/Build/Products/Debug-xrsimulator/LM.app

CpResource /tmp/lm-enclosure-validation/build/DerivedData/Build/Products/Debug-xrsimulator/LM.app/TerrainManifest.json /tmp/lm-enclosure-validation/LM/LM/Terrain/TerrainManifest.json (in target 'LM' from project 'LM')
    cd /tmp/lm-enclosure-validation/LM
    builtin-copy -exclude .DS_Store -exclude CVS -exclude .svn -exclude .git -exclude .hg -resolve-src-symlinks /tmp/lm-enclosure-validation/LM/LM/Terrain/TerrainManifest.json /tmp/lm-enclosure-validation/build/DerivedData/Build/Products/Debug-xrsimulator/LM.app

CpResource /tmp/lm-enclosure-validation/build/DerivedData/Build/Products/Debug-xrsimulator/LM.app/WACGlobal16PPD.json /tmp/lm-enclosure-validation/LM/LM/Terrain/WACGlobal16PPD.json (in target 'LM' from project 'LM')
    cd /tmp/lm-enclosure-validation/LM
    builtin-copy -exclude .DS_Store -exclude CVS -exclude .svn -exclude .git -exclude .hg -resolve-src-symlinks /tmp/lm-enclosure-validation/LM/LM/Terrain/WACGlobal16PPD.json /tmp/lm-enclosure-validation/build/DerivedData/Build/Products/Debug-xrsimulator/LM.app

Ld /tmp/lm-enclosure-validation/build/DerivedData/Build/Intermediates.noindex/LM.build/Debug-xrsimulator/LM.build/Objects-normal/x86_64/Binary/__preview.dylib normal x86_64 (in target 'LM' from project 'LM')
    cd /tmp/lm-enclosure-validation/LM
    /Applications/Xcode-26.6.0.app/Contents/Developer/Toolchains/XcodeDefault.xctoolchain/usr/bin/clang -Xlinker -reproducible -target x86_64-apple-xros2.2-simulator -dynamiclib -isysroot /Applications/Xcode-26.6.0.app/Contents/Developer/Platforms/XRSimulator.platform/Developer/SDKs/XRSimulator26.5.sdk -O0 -L/tmp/lm-enclosure-validation/build/DerivedData/Build/Products/Debug-xrsimulator -F/tmp/lm-enclosure-validation/build/DerivedData/Build/Products/Debug-xrsimulator/PackageFrameworks -F/tmp/lm-enclosure-validation/build/DerivedData/Build/Products/Debug-xrsimulator/PackageFrameworks -F/tmp/lm-enclosure-validation/build/DerivedData/Build/Products/Debug-xrsimulator/PackageFrameworks -F/tmp/lm-enclosure-validation/build/DerivedData/Build/Products/Debug-xrsimulator/PackageFrameworks -F/tmp/lm-enclosure-validation/build/DerivedData/Build/Products/Debug-xrsimulator -install_name @rpath/LM.debug.dylib -Xlinker -dead_strip -rdynamic -Xlinker -no_deduplicate -Xlinker -objc_abi_version -Xlinker 2 -Xlinker -debug_variant -Xlinker -dependency_info -Xlinker /tmp/lm-enclosure-validation/build/DerivedData/Build/Intermediates.noindex/LM.build/Debug-xrsimulator/LM.build/Objects-normal/x86_64/LM_dependency_info.dat -Xlinker -sectcreate -Xlinker __TEXT -Xlinker __entitlements -Xlinker /tmp/lm-enclosure-validation/build/DerivedData/Build/Intermediates.noindex/LM.build/Debug-xrsimulator/LM.build/LM.app-Simulated.xcent -Xlinker -sectcreate -Xlinker __TEXT -Xlinker __ents_der -Xlinker /tmp/lm-enclosure-validation/build/DerivedData/Build/Intermediates.noindex/LM.build/Debug-xrsimulator/LM.build/LM.app-Simulated.xcent.der -Xlinker -no_adhoc_codesign -o /tmp/lm-enclosure-validation/build/DerivedData/Build/Intermediates.noindex/LM.build/Debug-xrsimulator/LM.build/Objects-normal/x86_64/Binary/__preview.dylib

Ld /tmp/lm-enclosure-validation/build/DerivedData/Build/Intermediates.noindex/LM.build/Debug-xrsimulator/LM.build/Objects-normal/arm64/Binary/__preview.dylib normal arm64 (in target 'LM' from project 'LM')
    cd /tmp/lm-enclosure-validation/LM
    /Applications/Xcode-26.6.0.app/Contents/Developer/Toolchains/XcodeDefault.xctoolchain/usr/bin/clang -Xlinker -reproducible -target arm64-apple-xros2.2-simulator -dynamiclib -isysroot /Applications/Xcode-26.6.0.app/Contents/Developer/Platforms/XRSimulator.platform/Developer/SDKs/XRSimulator26.5.sdk -O0 -L/tmp/lm-enclosure-validation/build/DerivedData/Build/Products/Debug-xrsimulator -F/tmp/lm-enclosure-validation/build/DerivedData/Build/Products/Debug-xrsimulator/PackageFrameworks -F/tmp/lm-enclosure-validation/build/DerivedData/Build/Products/Debug-xrsimulator/PackageFrameworks -F/tmp/lm-enclosure-validation/build/DerivedData/Build/Products/Debug-xrsimulator/PackageFrameworks -F/tmp/lm-enclosure-validation/build/DerivedData/Build/Products/Debug-xrsimulator/PackageFrameworks -F/tmp/lm-enclosure-validation/build/DerivedData/Build/Products/Debug-xrsimulator -install_name @rpath/LM.debug.dylib -Xlinker -dead_strip -rdynamic -Xlinker -no_deduplicate -Xlinker -objc_abi_version -Xlinker 2 -Xlinker -debug_variant -Xlinker -dependency_info -Xlinker /tmp/lm-enclosure-validation/build/DerivedData/Build/Intermediates.noindex/LM.build/Debug-xrsimulator/LM.build/Objects-normal/arm64/LM_dependency_info.dat -Xlinker -sectcreate -Xlinker __TEXT -Xlinker __entitlements -Xlinker /tmp/lm-enclosure-validation/build/DerivedData/Build/Intermediates.noindex/LM.build/Debug-xrsimulator/LM.build/LM.app-Simulated.xcent -Xlinker -sectcreate -Xlinker __TEXT -Xlinker __ents_der -Xlinker /tmp/lm-enclosure-validation/build/DerivedData/Build/Intermediates.noindex/LM.build/Debug-xrsimulator/LM.build/LM.app-Simulated.xcent.der -Xlinker -no_adhoc_codesign -o /tmp/lm-enclosure-validation/build/DerivedData/Build/Intermediates.noindex/LM.build/Debug-xrsimulator/LM.build/Objects-normal/arm64/Binary/__preview.dylib

CpResource /tmp/lm-enclosure-validation/build/DerivedData/Build/Products/Debug-xrsimulator/LM.app/P66TerminalDescent.json /tmp/lm-enclosure-validation/LM/LM/P66TerminalDescent.json (in target 'LM' from project 'LM')
    cd /tmp/lm-enclosure-validation/LM
    builtin-copy -exclude .DS_Store -exclude CVS -exclude .svn -exclude .git -exclude .hg -resolve-src-symlinks /tmp/lm-enclosure-validation/LM/LM/P66TerminalDescent.json /tmp/lm-enclosure-validation/build/DerivedData/Build/Products/Debug-xrsimulator/LM.app

CpResource /tmp/lm-enclosure-validation/build/DerivedData/Build/Products/Debug-xrsimulator/LM.app/P65AutomaticTerminalDescent.json /tmp/lm-enclosure-validation/LM/LM/P65AutomaticTerminalDescent.json (in target 'LM' from project 'LM')
    cd /tmp/lm-enclosure-validation/LM
    builtin-copy -exclude .DS_Store -exclude CVS -exclude .svn -exclude .git -exclude .hg -resolve-src-symlinks /tmp/lm-enclosure-validation/LM/LM/P65AutomaticTerminalDescent.json /tmp/lm-enclosure-validation/build/DerivedData/Build/Products/Debug-xrsimulator/LM.app

CopyPlistFile /tmp/lm-enclosure-validation/build/DerivedData/Build/Products/Debug-xrsimulator/LM.app/TwoMinuteApproachCheckpoint.bplist /tmp/lm-enclosure-validation/LM/LM/TwoMinuteApproachCheckpoint.bplist (in target 'LM' from project 'LM')
    cd /tmp/lm-enclosure-validation/LM
    builtin-copyPlist --convert binary1 --outdir /tmp/lm-enclosure-validation/build/DerivedData/Build/Products/Debug-xrsimulator/LM.app -- /tmp/lm-enclosure-validation/LM/LM/TwoMinuteApproachCheckpoint.bplist

Copy /tmp/lm-enclosure-validation/build/DerivedData/Build/Products/Debug-xrsimulator/LM.app/RealityKitContent_RealityKitContent.bundle /tmp/lm-enclosure-validation/build/DerivedData/Build/Products/Debug-xrsimulator/RealityKitContent_RealityKitContent.bundle (in target 'LM' from project 'LM')
    cd /tmp/lm-enclosure-validation/LM
    builtin-copy -exclude .DS_Store -exclude CVS -exclude .svn -exclude .git -exclude .hg -resolve-src-symlinks /tmp/lm-enclosure-validation/build/DerivedData/Build/Products/Debug-xrsimulator/RealityKitContent_RealityKitContent.bundle /tmp/lm-enclosure-validation/build/DerivedData/Build/Products/Debug-xrsimulator/LM.app

Copy /tmp/lm-enclosure-validation/build/DerivedData/Build/Products/Debug-xrsimulator/LM.app/LMKit_LMKit.bundle /tmp/lm-enclosure-validation/build/DerivedData/Build/Products/Debug-xrsimulator/LMKit_LMKit.bundle (in target 'LM' from project 'LM')
    cd /tmp/lm-enclosure-validation/LM
    builtin-copy -exclude .DS_Store -exclude CVS -exclude .svn -exclude .git -exclude .hg -resolve-src-symlinks /tmp/lm-enclosure-validation/build/DerivedData/Build/Products/Debug-xrsimulator/LMKit_LMKit.bundle /tmp/lm-enclosure-validation/build/DerivedData/Build/Products/Debug-xrsimulator/LM.app

SwiftExplicitDependencyGeneratePcm x86_64 /tmp/lm-enclosure-validation/build/DerivedData/ModuleCache.noindex/_DarwinFoundation2-BP3NKNE00FA5BCYDYXLWLOOA.pcm

SwiftExplicitDependencyGeneratePcm x86_64 /tmp/lm-enclosure-validation/build/DerivedData/ModuleCache.noindex/_Builtin_limits-2Q1N9FS92CGVNTMM17FNWHC3E.pcm

CreateUniversalBinary /tmp/lm-enclosure-validation/build/DerivedData/Build/Products/Debug-xrsimulator/LM.app/__preview.dylib normal arm64\ x86_64 (in target 'LM' from project 'LM')
    cd /tmp/lm-enclosure-validation/LM
    /Applications/Xcode-26.6.0.app/Contents/Developer/Toolchains/XcodeDefault.xctoolchain/usr/bin/lipo -create /tmp/lm-enclosure-validation/build/DerivedData/Build/Intermediates.noindex/LM.build/Debug-xrsimulator/LM.build/Objects-normal/arm64/Binary/__preview.dylib /tmp/lm-enclosure-validation/build/DerivedData/Build/Intermediates.noindex/LM.build/Debug-xrsimulator/LM.build/Objects-normal/x86_64/Binary/__preview.dylib -output /tmp/lm-enclosure-validation/build/DerivedData/Build/Products/Debug-xrsimulator/LM.app/__preview.dylib

SwiftExplicitDependencyGeneratePcm x86_64 /tmp/lm-enclosure-validation/build/DerivedData/ModuleCache.noindex/_Builtin_stdint-23US04JBH68TJEHFBZS5S85SB.pcm

SwiftExplicitDependencyGeneratePcm x86_64 /tmp/lm-enclosure-validation/build/DerivedData/ModuleCache.noindex/sys_types-4XJIKNKM919EMWILR6LO2ZLOI.pcm

SwiftExplicitDependencyGeneratePcm x86_64 /tmp/lm-enclosure-validation/build/DerivedData/ModuleCache.noindex/_Builtin_tgmath-EX37RS0AHAIMOJEWKQGP5N0U7.pcm

ProcessInfoPlistFile /tmp/lm-enclosure-validation/build/DerivedData/Build/Products/Debug-xrsimulator/LM.app/Info.plist /tmp/lm-enclosure-validation/LM/LM/Info.plist (in target 'LM' from project 'LM')
    cd /tmp/lm-enclosure-validation/LM
    builtin-infoPlistUtility /tmp/lm-enclosure-validation/LM/LM/Info.plist -producttype com.apple.product-type.application -genpkginfo /tmp/lm-enclosure-validation/build/DerivedData/Build/Products/Debug-xrsimulator/LM.app/PkgInfo -expandbuildsettings -format binary -platform xrsimulator -additionalcontentfile /tmp/lm-enclosure-validation/build/DerivedData/Build/Intermediates.noindex/LM.build/Debug-xrsimulator/LM.build/LunarTerrainSR-CoreMLPartialInfo.plist -additionalcontentfile /tmp/lm-enclosure-validation/build/DerivedData/Build/Intermediates.noindex/LM.build/Debug-xrsimulator/LM.build/assetcatalog_generated_info.plist -scanforprivacyfile /tmp/lm-enclosure-validation/build/DerivedData/Build/Products/Debug-xrsimulator/LM.app/LMKit_LMKit.bundle -scanforprivacyfile /tmp/lm-enclosure-validation/build/DerivedData/Build/Products/Debug-xrsimulator/LM.app/RealityKitContent_RealityKitContent.bundle -o /tmp/lm-enclosure-validation/build/DerivedData/Build/Products/Debug-xrsimulator/LM.app/Info.plist

SwiftExplicitDependencyGeneratePcm x86_64 /tmp/lm-enclosure-validation/build/DerivedData/ModuleCache.noindex/_DarwinFoundation3-27652M1EFQP42OKVJ1TCNUKME.pcm

SwiftExplicitDependencyGeneratePcm x86_64 /tmp/lm-enclosure-validation/build/DerivedData/ModuleCache.noindex/_Builtin_stdatomic-85CR8VJ13G38O1O0CPE5QLFPX.pcm

SwiftExplicitDependencyGeneratePcm x86_64 /tmp/lm-enclosure-validation/build/DerivedData/ModuleCache.noindex/_Builtin_inttypes-9K2TU4MOUP8GIQWHD6FM6BYCJ.pcm

SwiftExplicitDependencyGeneratePcm x86_64 /tmp/lm-enclosure-validation/build/DerivedData/ModuleCache.noindex/_Builtin_intrinsics-8AMKDAJS6MY1J70OP3PYIH30S.pcm

SwiftExplicitDependencyGeneratePcm x86_64 /tmp/lm-enclosure-validation/build/DerivedData/ModuleCache.noindex/Darwin-7P0HRH2Q2TFVH3B3A6CKO85W8.pcm

SwiftExplicitDependencyGeneratePcm x86_64 /tmp/lm-enclosure-validation/build/DerivedData/ModuleCache.noindex/simd-XGN8QBS7P829V9TX8QGOJK6X.pcm

SwiftExplicitDependencyGeneratePcm x86_64 /tmp/lm-enclosure-validation/build/DerivedData/ModuleCache.noindex/ObjectiveC-DSQPYHK6L3YZZYJF7LTJQXE4Q.pcm

SwiftExplicitDependencyGeneratePcm x86_64 /tmp/lm-enclosure-validation/build/DerivedData/ModuleCache.noindex/MachO-H5VU8N7K28JD50FZS76D2F2S.pcm

SwiftExplicitDependencyGeneratePcm x86_64 /tmp/lm-enclosure-validation/build/DerivedData/ModuleCache.noindex/os_object-9AUFYJGDT7KESFEXU2AO0FWYX.pcm

SwiftExplicitDependencyGeneratePcm x86_64 /tmp/lm-enclosure-validation/build/DerivedData/ModuleCache.noindex/os_workgroup-DTN89RJLCXHNZ1IZG1RIW7BU7.pcm

SwiftExplicitDependencyGeneratePcm x86_64 /tmp/lm-enclosure-validation/build/DerivedData/ModuleCache.noindex/Dispatch-4RZDWY6537N99TU7CE0HMJKO9.pcm

SwiftExplicitDependencyGeneratePcm x86_64 /tmp/lm-enclosure-validation/build/DerivedData/ModuleCache.noindex/XPC-WB2CKGJQ9GYOLJLHMFX5QZLE.pcm

SwiftExplicitDependencyGeneratePcm x86_64 /tmp/lm-enclosure-validation/build/DerivedData/ModuleCache.noindex/dnssd-6JVW43MU32RRA21E1QO8H4TIU.pcm

SwiftExplicitDependencyGeneratePcm x86_64 /tmp/lm-enclosure-validation/build/DerivedData/ModuleCache.noindex/CoreFoundation-COHSFETPYK8AWOSU4C9MB0JS9.pcm

SwiftExplicitDependencyGeneratePcm x86_64 /tmp/lm-enclosure-validation/build/DerivedData/ModuleCache.noindex/os-5B30FSFG6LGHDAGY7COZ2E4OM.pcm

SwiftExplicitDependencyGeneratePcm x86_64 /tmp/lm-enclosure-validation/build/DerivedData/ModuleCache.noindex/Spatial-3CSBSL6BBP7K6J421RRMYIF8N.pcm

SwiftExplicitDependencyGeneratePcm x86_64 /tmp/lm-enclosure-validation/build/DerivedData/ModuleCache.noindex/CFNetwork-7M6WJV6AXJXNNOFAO9VJMJDCG.pcm

SwiftExplicitDependencyGeneratePcm x86_64 /tmp/lm-enclosure-validation/build/DerivedData/ModuleCache.noindex/Security-57K4V3NKBA9XPC49NP5BIYXCA.pcm

SwiftExplicitDependencyGeneratePcm x86_64 /tmp/lm-enclosure-validation/build/DerivedData/ModuleCache.noindex/CoreServices-AT0SNXY3SORRDKZ7CNXL5UYWI.pcm

SwiftExplicitDependencyGeneratePcm x86_64 /tmp/lm-enclosure-validation/build/DerivedData/ModuleCache.noindex/CoreAudioTypes-9IR4R6KL9V5ECEA3GHJ9XMJVB.pcm

SwiftExplicitDependencyGeneratePcm x86_64 /tmp/lm-enclosure-validation/build/DerivedData/ModuleCache.noindex/CoreGraphics-2D5CW4MXH0HFCE8OWKIV15FK4.pcm

SwiftExplicitDependencyGeneratePcm x86_64 /tmp/lm-enclosure-validation/build/DerivedData/ModuleCache.noindex/CoreAudio-2CAQ2RIFX669SQ98S6ZHH3D94.pcm

SwiftExplicitDependencyGeneratePcm x86_64 /tmp/lm-enclosure-validation/build/DerivedData/ModuleCache.noindex/Foundation-5EEY7IHRAJQJRHM4YB2IVM92K.pcm

SwiftExplicitDependencyGeneratePcm x86_64 /tmp/lm-enclosure-validation/build/DerivedData/ModuleCache.noindex/CoreText-DAI0KB79TMCZTXBKNBLQTGLFM.pcm

SwiftExplicitDependencyGeneratePcm x86_64 /tmp/lm-enclosure-validation/build/DerivedData/ModuleCache.noindex/ImageIO-8JNVUH73PLDRN4E1X8IH06YIV.pcm

SwiftDriverJobDiscovery normal arm64 Compiling PoweredDescentSession.swift (in target 'LM' from project 'LM')

SwiftCompile normal arm64 Compiling\ DSKYPanel.swift /tmp/lm-enclosure-validation/LM/LM/DSKYPanel.swift (in target 'LM' from project 'LM')

SwiftCompile normal arm64 /tmp/lm-enclosure-validation/LM/LM/DSKYPanel.swift (in target 'LM' from project 'LM')
    cd /tmp/lm-enclosure-validation/LM
    

SwiftCompile normal arm64 Compiling\ FDAIPanel.swift /tmp/lm-enclosure-validation/LM/LM/FDAIPanel.swift (in target 'LM' from project 'LM')

SwiftCompile normal arm64 /tmp/lm-enclosure-validation/LM/LM/FDAIPanel.swift (in target 'LM' from project 'LM')
    cd /tmp/lm-enclosure-validation/LM
    

SwiftCompile normal arm64 Compiling\ LMApp.swift /tmp/lm-enclosure-validation/LM/LM/LMApp.swift (in target 'LM' from project 'LM')

SwiftCompile normal arm64 /tmp/lm-enclosure-validation/LM/LM/LMApp.swift (in target 'LM' from project 'LM')
    cd /tmp/lm-enclosure-validation/LM
    

SwiftCompile normal arm64 Compiling\ LMCommanderStationScene.swift /tmp/lm-enclosure-validation/LM/LM/LMCommanderStationScene.swift (in target 'LM' from project 'LM')
SwiftCompile normal arm64 /tmp/lm-enclosure-validation/LM/LM/LMCommanderStationScene.swift (in target 'LM' from project 'LM')
    cd /tmp/lm-enclosure-validation/LM
    
/tmp/lm-enclosure-validation/LM/LM/LMLunarElevationStore.swift:26:57: warning: converting non-Sendable function value to '@Sendable (LMTerrainManifest.Source) async throws -> Data' may introduce data races
         fetch: @escaping Fetch = LMLunarElevationStore.fetchPDS) throws {
                                                        ^
/tmp/lm-enclosure-validation/LM/LM/LMCommanderStationScene.swift:517:34: warning: main actor-isolated property 'isEnabled' can not be referenced from a nonisolated context
                    guard entity.isEnabled else { return }
                                 ^
RealityKit.Entity.isEnabled:2:39: note: property declared here
@MainActor @preconcurrency public var isEnabled: Bool { get set }}
                                      ^
/tmp/lm-enclosure-validation/LM/LM/LMCommanderStationScene.swift:518:53: warning: main actor-isolated subscript 'subscript(_:)' can not be referenced from a nonisolated context
                    if let model = entity.components[ModelComponent.self] {
                                                    ^
RealityKit.Entity.ComponentSet.subscript:3:35: note: subscript declared here
@MainActor @preconcurrency public subscript<T>(componentType: T.Type) -> T? where T : Component { get set }  }
                                  ^
/tmp/lm-enclosure-validation/LM/LM/LMCommanderStationScene.swift:518:43: warning: main actor-isolated property 'components' can not be referenced from a nonisolated context
                    if let model = entity.components[ModelComponent.self] {
                                          ^
RealityKit.Entity.components:2:39: note: property declared here
@MainActor @preconcurrency public var components: Entity.ComponentSet { get set }}
                                      ^
/tmp/lm-enclosure-validation/LM/LM/LMCommanderStationScene.swift:519:44: warning: main actor-isolated property 'bounds' can not be referenced from a nonisolated context
                        let b = model.mesh.bounds
                                           ^
RealityKit.MeshResource.bounds:2:39: note: property declared here
@MainActor @preconcurrency public var bounds: BoundingBox { get }}
                                      ^
/tmp/lm-enclosure-validation/LM/LM/LMCommanderStationScene.swift:521:50: warning: call to main actor-isolated instance method 'convert(position:to:)' in a synchronous nonisolated context
                            points.append(entity.convert(position: SIMD3(x, y, z), to: root))
                                                 ^
RealityKit.HasTransform.convert:2:40: note: calls to instance method 'convert(position:to:)' from outside of its actor context are implicitly asynchronous
@MainActor @preconcurrency public func convert(position: SIMD3<Float>, to referenceEntity: Entity?) -> SIMD3<Float>}
                                       ^
/tmp/lm-enclosure-validation/LM/LM/LMCommanderStationScene.swift:524:41: warning: call to main actor-isolated instance method 'makeIterator()' in a synchronous nonisolated context
                    for child in entity.children { collect(child) }
                                        ^
RealityKit.Entity.ChildCollection.makeIterator:3:52: note: calls to instance method 'makeIterator()' from outside of its actor context are implicitly asynchronous
@MainActor @preconcurrency public __consuming func makeIterator() -> Entity.ChildCollection.Iterator  }
                                                   ^
/tmp/lm-enclosure-validation/LM/LM/LMCommanderStationScene.swift:524:41: warning: main actor-isolated property 'children' can not be referenced from a nonisolated context
                    for child in entity.children { collect(child) }
                                        ^
RealityKit.HasHierarchy.children:2:39: note: property declared here
@MainActor @preconcurrency public var children: Entity.ChildCollection { get set }}
                                      ^

SwiftCompile normal arm64 Compiling\ CrewControlPanel.swift /tmp/lm-enclosure-validation/LM/LM/CrewControlPanel.swift (in target 'LM' from project 'LM')

SwiftCompile normal arm64 /tmp/lm-enclosure-validation/LM/LM/CrewControlPanel.swift (in target 'LM' from project 'LM')
    cd /tmp/lm-enclosure-validation/LM
    

SwiftCompile normal arm64 Compiling\ LMSpatialControlMapper.swift /tmp/lm-enclosure-validation/LM/LM/LMSpatialControlMapper.swift (in target 'LM' from project 'LM')

SwiftCompile normal arm64 /tmp/lm-enclosure-validation/LM/LM/LMSpatialControlMapper.swift (in target 'LM' from project 'LM')
    cd /tmp/lm-enclosure-validation/LM
    

SwiftCompile normal arm64 Compiling\ LMCockpitValidationRecorder.swift /tmp/lm-enclosure-validation/LM/LM/LMCockpitValidationRecorder.swift (in target 'LM' from project 'LM')

SwiftCompile normal arm64 /tmp/lm-enclosure-validation/LM/LM/LMCockpitValidationRecorder.swift (in target 'LM' from project 'LM')
    cd /tmp/lm-enclosure-validation/LM
    

SwiftCompile normal arm64 Compiling\ ImmersiveView.swift /tmp/lm-enclosure-validation/LM/LM/ImmersiveView.swift (in target 'LM' from project 'LM')

SwiftCompile normal arm64 /tmp/lm-enclosure-validation/LM/LM/ImmersiveView.swift (in target 'LM' from project 'LM')
    cd /tmp/lm-enclosure-validation/LM
    

SwiftCompile normal arm64 Compiling\ LMInstrumentValidation.swift /tmp/lm-enclosure-validation/LM/LM/LMInstrumentValidation.swift (in target 'LM' from project 'LM')

SwiftCompile normal arm64 /tmp/lm-enclosure-validation/LM/LM/LMInstrumentValidation.swift (in target 'LM' from project 'LM')
    cd /tmp/lm-enclosure-validation/LM
    

SwiftCompile normal arm64 Compiling\ LunarExplorerButton.swift /tmp/lm-enclosure-validation/LM/LM/LunarExplorerButton.swift (in target 'LM' from project 'LM')

SwiftCompile normal arm64 /tmp/lm-enclosure-validation/LM/LM/LunarExplorerButton.swift (in target 'LM' from project 'LM')
    cd /tmp/lm-enclosure-validation/LM
    

SwiftCompile normal arm64 Compiling\ LunarExplorerView.swift /tmp/lm-enclosure-validation/LM/LM/LunarExplorerView.swift (in target 'LM' from project 'LM')
SwiftCompile normal arm64 /tmp/lm-enclosure-validation/LM/LM/LunarExplorerView.swift (in target 'LM' from project 'LM')
    cd /tmp/lm-enclosure-validation/LM
    

SwiftCompile normal arm64 Compiling\ PoweredDescentView.swift /tmp/lm-enclosure-validation/LM/LM/PoweredDescentView.swift (in target 'LM' from project 'LM')

SwiftCompile normal arm64 /tmp/lm-enclosure-validation/LM/LM/PoweredDescentView.swift (in target 'LM' from project 'LM')
    cd /tmp/lm-enclosure-validation/LM
    

SwiftCompile normal arm64 Compiling\ PoweredDescentImmersiveView.swift /tmp/lm-enclosure-validation/LM/LM/PoweredDescentImmersiveView.swift (in target 'LM' from project 'LM')

SwiftCompile normal arm64 /tmp/lm-enclosure-validation/LM/LM/PoweredDescentImmersiveView.swift (in target 'LM' from project 'LM')
    cd /tmp/lm-enclosure-validation/LM
    

SwiftCompile normal arm64 Compiling\ NewGameButton.swift /tmp/lm-enclosure-validation/LM/LM/NewGameButton.swift (in target 'LM' from project 'LM')

SwiftCompile normal arm64 /tmp/lm-enclosure-validation/LM/LM/NewGameButton.swift (in target 'LM' from project 'LM')
    cd /tmp/lm-enclosure-validation/LM
    

SwiftExplicitDependencyGeneratePcm x86_64 /tmp/lm-enclosure-validation/build/DerivedData/ModuleCache.noindex/UniformTypeIdentifiers-EPDU3GALDNNCZVWCUXN5AT6KK.pcm

SwiftCompile normal arm64 Compiling\ MainMenuViewModel.swift /tmp/lm-enclosure-validation/LM/LM/MainMenuViewModel.swift (in target 'LM' from project 'LM')

SwiftCompile normal arm64 /tmp/lm-enclosure-validation/LM/LM/MainMenuViewModel.swift (in target 'LM' from project 'LM')
    cd /tmp/lm-enclosure-validation/LM
    

SwiftExplicitDependencyGeneratePcm x86_64 /tmp/lm-enclosure-validation/build/DerivedData/ModuleCache.noindex/OpenGLES-E5XSRLCS2QVYJGSJX8Z2N1ERJ.pcm

SwiftExplicitDependencyGeneratePcm x86_64 /tmp/lm-enclosure-validation/build/DerivedData/ModuleCache.noindex/Symbols-1TXBJC82EI0XKX4EJPJNVYUTT.pcm

SwiftExplicitDependencyGeneratePcm x86_64 /tmp/lm-enclosure-validation/build/DerivedData/ModuleCache.noindex/_LocationEssentials-4N7KHS7QR1ROZ9C5N807K6ADC.pcm

SwiftExplicitDependencyGeneratePcm x86_64 /tmp/lm-enclosure-validation/build/DerivedData/ModuleCache.noindex/LocalAuthentication-983XWTONA1YF3JQYNZH23P7EY.pcm

SwiftExplicitDependencyGeneratePcm x86_64 /tmp/lm-enclosure-validation/build/DerivedData/ModuleCache.noindex/CoreLocation-5YUXE1R81TC5YC40FE9DJJKHN.pcm

SwiftExplicitDependencyGeneratePcm x86_64 /tmp/lm-enclosure-validation/build/DerivedData/ModuleCache.noindex/Network-9V3MVE08D8HF3R3IR2D1MM7RE.pcm

SwiftExplicitDependencyGeneratePcm x86_64 /tmp/lm-enclosure-validation/build/DerivedData/ModuleCache.noindex/CoreMotion-5ZPJTC8K062A01RZTR7J4VIL8.pcm

SwiftDriverJobDiscovery normal arm64 Compiling LMSpatialControlMapper.swift (in target 'LM' from project 'LM')

SwiftExplicitDependencyGeneratePcm x86_64 /tmp/lm-enclosure-validation/build/DerivedData/ModuleCache.noindex/CloudKit-50QPSZYZTNUWW5JI5Q44C3SZN.pcm

SwiftDriverJobDiscovery normal arm64 Compiling LMCockpitValidationRecorder.swift (in target 'LM' from project 'LM')

SwiftExplicitDependencyGeneratePcm x86_64 /tmp/lm-enclosure-validation/build/DerivedData/ModuleCache.noindex/Accessibility-41V1AO0VYLP6C4WPSNT0OVSTL.pcm

SwiftExplicitDependencyGeneratePcm x86_64 /tmp/lm-enclosure-validation/build/DerivedData/ModuleCache.noindex/FileProvider-DZGJRQZRQS97PBIUQ6VQQIN16.pcm

SwiftExplicitDependencyGeneratePcm x86_64 /tmp/lm-enclosure-validation/build/DerivedData/ModuleCache.noindex/AVRouting-B30PTM4R9BNIRNZQ9AZDISD9W.pcm

SwiftDriverJobDiscovery normal arm64 Compiling LMInstrumentValidation.swift (in target 'LM' from project 'LM')

SwiftExplicitDependencyGeneratePcm x86_64 /tmp/lm-enclosure-validation/build/DerivedData/ModuleCache.noindex/CoreTransferable-15EMM7J5Z06Y490RZJYHF20I4.pcm

SwiftExplicitDependencyGeneratePcm x86_64 /tmp/lm-enclosure-validation/build/DerivedData/ModuleCache.noindex/DataDetection-BT1RLM2EH531ZPOVGW9EOLZ0S.pcm

SwiftExplicitDependencyGeneratePcm x86_64 /tmp/lm-enclosure-validation/build/DerivedData/ModuleCache.noindex/UserNotifications-3FB1LB4GA080V1IYVFV5HJOKI.pcm

SwiftDriverJobDiscovery normal arm64 Compiling CrewControlPanel.swift (in target 'LM' from project 'LM')

SwiftExplicitDependencyGeneratePcm x86_64 /tmp/lm-enclosure-validation/build/DerivedData/ModuleCache.noindex/CoreData-EM57EIAXCN78EIP9VUVYL4XS7.pcm

SwiftExplicitDependencyGeneratePcm x86_64 /tmp/lm-enclosure-validation/build/DerivedData/ModuleCache.noindex/IOSurface-5K7MFOIMWAZ4GE9PW8HM86ZP1.pcm

SwiftExplicitDependencyGeneratePcm x86_64 /tmp/lm-enclosure-validation/build/DerivedData/ModuleCache.noindex/OSLog-1BU78CEIPW0WFPBVN7NK16AL8.pcm

SwiftExplicitDependencyGeneratePcm x86_64 /tmp/lm-enclosure-validation/build/DerivedData/ModuleCache.noindex/UIUtilities-DZQ43FHCRMWSXJL50I1ST31YH.pcm

SwiftExplicitDependencyGeneratePcm x86_64 /tmp/lm-enclosure-validation/build/DerivedData/ModuleCache.noindex/CoreMIDI-4ZDMWKPSN276I5USH5PLOK311.pcm

SwiftCompile normal arm64 Compiling\ PoweredDescentSpaceButton.swift /tmp/lm-enclosure-validation/LM/LM/PoweredDescentSpaceButton.swift (in target 'LM' from project 'LM')

SwiftCompile normal arm64 /tmp/lm-enclosure-validation/LM/LM/PoweredDescentSpaceButton.swift (in target 'LM' from project 'LM')
    cd /tmp/lm-enclosure-validation/LM
    

SwiftExplicitDependencyGeneratePcm x86_64 /tmp/lm-enclosure-validation/build/DerivedData/ModuleCache.noindex/Metal-308183VENLHMH0349P8SQM15O.pcm

SwiftExplicitDependencyGeneratePcm x86_64 /tmp/lm-enclosure-validation/build/DerivedData/ModuleCache.noindex/AudioToolbox-CW2N4DDSYOVP2EE4FKHQNF4CB.pcm

SwiftExplicitDependencyGeneratePcm x86_64 /tmp/lm-enclosure-validation/build/DerivedData/ModuleCache.noindex/CoreVideo-CIR2NTC5HSQE5SOYVL9O9KI60.pcm

SwiftDriverJobDiscovery normal arm64 Compiling LunarExplorerButton.swift (in target 'LM' from project 'LM')

SwiftDriverJobDiscovery normal arm64 Compiling DSKYPanel.swift (in target 'LM' from project 'LM')

SwiftDriverJobDiscovery normal arm64 Compiling ImmersiveView.swift (in target 'LM' from project 'LM')

SwiftDriverJobDiscovery normal arm64 Compiling NewGameButton.swift (in target 'LM' from project 'LM')

SwiftExplicitDependencyGeneratePcm x86_64 /tmp/lm-enclosure-validation/build/DerivedData/ModuleCache.noindex/CoreML-BFQ3VPH21FJMG60G5G7NV7C5Y.pcm

SwiftExplicitDependencyGeneratePcm x86_64 /tmp/lm-enclosure-validation/build/DerivedData/ModuleCache.noindex/ARKit-59DN3WBOKSO8C907OXL6JH1NG.pcm

SwiftExplicitDependencyGeneratePcm x86_64 /tmp/lm-enclosure-validation/build/DerivedData/ModuleCache.noindex/CoreImage-3NS32CFZUSCKDGQJO20U021KS.pcm

SwiftExplicitDependencyGeneratePcm x86_64 /tmp/lm-enclosure-validation/build/DerivedData/ModuleCache.noindex/CoreMedia-9XFCUM3V7S5APTMK3O2OBVP4D.pcm

SwiftExplicitDependencyGeneratePcm x86_64 /tmp/lm-enclosure-validation/build/DerivedData/ModuleCache.noindex/QuartzCore-3ZPJFLJJ2299YZUCGYFVHLB9B.pcm

SwiftDriverJobDiscovery normal arm64 Compiling FDAIPanel.swift (in target 'LM' from project 'LM')

SwiftDriverJobDiscovery normal arm64 Compiling LMApp.swift (in target 'LM' from project 'LM')

SwiftDriverJobDiscovery normal arm64 Emitting module for LM (in target 'LM' from project 'LM')

SwiftDriver\ Compilation\ Requirements LM normal arm64 com.apple.xcode.tools.swift.compiler (in target 'LM' from project 'LM')
    cd /tmp/lm-enclosure-validation/LM
    builtin-Swift-Compilation-Requirements -- /Applications/Xcode-26.6.0.app/Contents/Developer/Toolchains/XcodeDefault.xctoolchain/usr/bin/swiftc -module-name LM -Onone @/tmp/lm-enclosure-validation/build/DerivedData/Build/Intermediates.noindex/LM.build/Debug-xrsimulator/LM.build/Objects-normal/arm64/LM.SwiftFileList -DDEBUG -enable-bare-slash-regex -enable-experimental-feature DebugDescriptionMacro -sdk /Applications/Xcode-26.6.0.app/Contents/Developer/Platforms/XRSimulator.platform/Developer/SDKs/XRSimulator26.5.sdk -target arm64-apple-xros2.2-simulator -g -module-cache-path /tmp/lm-enclosure-validation/build/DerivedData/ModuleCache.noindex -Xfrontend -serialize-debugging-options -profile-coverage-mapping -profile-generate -enable-testing -index-store-path /tmp/lm-enclosure-validation/build/DerivedData/Index.noindex/DataStore -Xcc -D_LIBCPP_HARDENING_MODE\=_LIBCPP_HARDENING_MODE_DEBUG -swift-version 5 -I /tmp/lm-enclosure-validation/build/DerivedData/Build/Products/Debug-xrsimulator -F /tmp/lm-enclosure-validation/build/DerivedData/Build/Products/Debug-xrsimulator/PackageFrameworks -F /tmp/lm-enclosure-validation/build/DerivedData/Build/Products/Debug-xrsimulator/PackageFrameworks -F /tmp/lm-enclosure-validation/build/DerivedData/Build/Products/Debug-xrsimulator/PackageFrameworks -F /tmp/lm-enclosure-validation/build/DerivedData/Build/Products/Debug-xrsimulator/PackageFrameworks -F /tmp/lm-enclosure-validation/build/DerivedData/Build/Products/Debug-xrsimulator -emit-localized-strings -emit-localized-strings-path /tmp/lm-enclosure-validation/build/DerivedData/Build/Intermediates.noindex/LM.build/Debug-xrsimulator/LM.build/Objects-normal/arm64 -c -j18 -enable-batch-mode -incremental -Xcc -ivfsstatcache -Xcc /tmp/lm-enclosure-validation/build/DerivedData/SDKStatCaches.noindex/xrsimulator26.5-23O469-688ef53f1462e2c8f657fdc38a81448f05f5f2c4c85e58a13fa9f64b8b5e08f4.sdkstatcache -output-file-map /tmp/lm-enclosure-validation/build/DerivedData/Build/Intermediates.noindex/LM.build/Debug-xrsimulator/LM.build/Objects-normal/arm64/LM-OutputFileMap.json -use-frontend-parseable-output -save-temps -no-color-diagnostics -explicit-module-build -module-cache-path /tmp/lm-enclosure-validation/build/DerivedData/Build/Intermediates.noindex/SwiftExplicitPrecompiledModules -clang-scanner-module-cache-path /tmp/lm-enclosure-validation/build/DerivedData/ModuleCache.noindex -sdk-module-cache-path /tmp/lm-enclosure-validation/build/DerivedData/ModuleCache.noindex -serialize-diagnostics -emit-dependencies -emit-module -emit-module-path /tmp/lm-enclosure-validation/build/DerivedData/Build/Intermediates.noindex/LM.build/Debug-xrsimulator/LM.build/Objects-normal/arm64/LM.swiftmodule -validate-clang-modules-once -clang-build-session-file /tmp/lm-enclosure-validation/build/DerivedData/ModuleCache.noindex/Session.modulevalidation -Xcc -I/tmp/lm-enclosure-validation/build/DerivedData/Build/Intermediates.noindex/LM.build/Debug-xrsimulator/LM.build/swift-overrides.hmap -emit-const-values -Xfrontend -const-gather-protocols-file -Xfrontend /tmp/lm-enclosure-validation/build/DerivedData/Build/Intermediates.noindex/LM.build/Debug-xrsimulator/LM.build/Objects-normal/arm64/LM_const_extract_protocols.json -Xcc -iquote -Xcc /tmp/lm-enclosure-validation/build/DerivedData/Build/Intermediates.noindex/LM.build/Debug-xrsimulator/LM.build/LM-generated-files.hmap -Xcc -I/tmp/lm-enclosure-validation/build/DerivedData/Build/Intermediates.noindex/LM.build/Debug-xrsimulator/LM.build/LM-own-target-headers.hmap -Xcc -I/tmp/lm-enclosure-validation/build/DerivedData/Build/Intermediates.noindex/LM.build/Debug-xrsimulator/LM.build/LM-all-non-framework-target-headers.hmap -Xcc -ivfsoverlay -Xcc /tmp/lm-enclosure-validation/build/DerivedData/Build/Intermediates.noindex/LM.build/Debug-xrsimulator/LM-297c03f1a75ed8e528c0c1b078689731-VFS-xrsimulator/all-product-headers.yaml -Xcc -iquote -Xcc /tmp/lm-enclosure-validation/build/DerivedData/Build/Intermediates.noindex/LM.build/Debug-xrsimulator/LM.build/LM-project-headers.hmap -Xcc -I/tmp/lm-enclosure-validation/build/DerivedData/Build/Products/Debug-xrsimulator/include -Xcc -I/tmp/lm-enclosure-validation/build/DerivedData/Build/Intermediates.noindex/LM.build/Debug-xrsimulator/LM.build/DerivedSources-normal/arm64 -Xcc -I/tmp/lm-enclosure-validation/build/DerivedData/Build/Intermediates.noindex/LM.build/Debug-xrsimulator/LM.build/DerivedSources/arm64 -Xcc -I/tmp/lm-enclosure-validation/build/DerivedData/Build/Intermediates.noindex/LM.build/Debug-xrsimulator/LM.build/DerivedSources -Xcc -DDEBUG\=1 -emit-objc-header -emit-objc-header-path /tmp/lm-enclosure-validation/build/DerivedData/Build/Intermediates.noindex/LM.build/Debug-xrsimulator/LM.build/Objects-normal/arm64/LM-Swift.h -working-directory /tmp/lm-enclosure-validation/LM -experimental-emit-module-separately -disable-cmo

Copy /tmp/lm-enclosure-validation/build/DerivedData/Build/Products/Debug-xrsimulator/LM.swiftmodule/arm64-apple-xros-simulator.swiftmodule /tmp/lm-enclosure-validation/build/DerivedData/Build/Intermediates.noindex/LM.build/Debug-xrsimulator/LM.build/Objects-normal/arm64/LM.swiftmodule (in target 'LM' from project 'LM')
    cd /tmp/lm-enclosure-validation/LM
    builtin-copy -exclude .DS_Store -exclude CVS -exclude .svn -exclude .git -exclude .hg -resolve-src-symlinks -rename /tmp/lm-enclosure-validation/build/DerivedData/Build/Intermediates.noindex/LM.build/Debug-xrsimulator/LM.build/Objects-normal/arm64/LM.swiftmodule /tmp/lm-enclosure-validation/build/DerivedData/Build/Products/Debug-xrsimulator/LM.swiftmodule/arm64-apple-xros-simulator.swiftmodule

Copy /tmp/lm-enclosure-validation/build/DerivedData/Build/Products/Debug-xrsimulator/LM.swiftmodule/arm64-apple-xros-simulator.abi.json /tmp/lm-enclosure-validation/build/DerivedData/Build/Intermediates.noindex/LM.build/Debug-xrsimulator/LM.build/Objects-normal/arm64/LM.abi.json (in target 'LM' from project 'LM')
    cd /tmp/lm-enclosure-validation/LM
    builtin-copy -exclude .DS_Store -exclude CVS -exclude .svn -exclude .git -exclude .hg -resolve-src-symlinks -rename /tmp/lm-enclosure-validation/build/DerivedData/Build/Intermediates.noindex/LM.build/Debug-xrsimulator/LM.build/Objects-normal/arm64/LM.abi.json /tmp/lm-enclosure-validation/build/DerivedData/Build/Products/Debug-xrsimulator/LM.swiftmodule/arm64-apple-xros-simulator.abi.json

Copy /tmp/lm-enclosure-validation/build/DerivedData/Build/Products/Debug-xrsimulator/LM.swiftmodule/arm64-apple-xros-simulator.swiftdoc /tmp/lm-enclosure-validation/build/DerivedData/Build/Intermediates.noindex/LM.build/Debug-xrsimulator/LM.build/Objects-normal/arm64/LM.swiftdoc (in target 'LM' from project 'LM')
    cd /tmp/lm-enclosure-validation/LM
    builtin-copy -exclude .DS_Store -exclude CVS -exclude .svn -exclude .git -exclude .hg -resolve-src-symlinks -rename /tmp/lm-enclosure-validation/build/DerivedData/Build/Intermediates.noindex/LM.build/Debug-xrsimulator/LM.build/Objects-normal/arm64/LM.swiftdoc /tmp/lm-enclosure-validation/build/DerivedData/Build/Products/Debug-xrsimulator/LM.swiftmodule/arm64-apple-xros-simulator.swiftdoc

Copy /tmp/lm-enclosure-validation/build/DerivedData/Build/Products/Debug-xrsimulator/LM.swiftmodule/Project/arm64-apple-xros-simulator.swiftsourceinfo /tmp/lm-enclosure-validation/build/DerivedData/Build/Intermediates.noindex/LM.build/Debug-xrsimulator/LM.build/Objects-normal/arm64/LM.swiftsourceinfo (in target 'LM' from project 'LM')
    cd /tmp/lm-enclosure-validation/LM
    builtin-copy -exclude .DS_Store -exclude CVS -exclude .svn -exclude .git -exclude .hg -resolve-src-symlinks -rename /tmp/lm-enclosure-validation/build/DerivedData/Build/Intermediates.noindex/LM.build/Debug-xrsimulator/LM.build/Objects-normal/arm64/LM.swiftsourceinfo /tmp/lm-enclosure-validation/build/DerivedData/Build/Products/Debug-xrsimulator/LM.swiftmodule/Project/arm64-apple-xros-simulator.swiftsourceinfo

SwiftDriverJobDiscovery normal arm64 Compiling MainMenuViewModel.swift (in target 'LM' from project 'LM')

SwiftDriverJobDiscovery normal arm64 Compiling PoweredDescentImmersiveView.swift (in target 'LM' from project 'LM')

SwiftExplicitDependencyGeneratePcm x86_64 /tmp/lm-enclosure-validation/build/DerivedData/ModuleCache.noindex/SwiftUICore-5L5UOKIYUBJ5Z10KO5C4EK829.pcm

SwiftExplicitDependencyGeneratePcm x86_64 /tmp/lm-enclosure-validation/build/DerivedData/ModuleCache.noindex/AVFAudio-9S43KENVBDE8YX1WMRA1XAL2B.pcm

SwiftExplicitDependencyGeneratePcm x86_64 /tmp/lm-enclosure-validation/build/DerivedData/ModuleCache.noindex/MediaToolbox-DU4SUNJECYWY8BOUJOT8EKKFX.pcm

SwiftExplicitDependencyGeneratePcm x86_64 /tmp/lm-enclosure-validation/build/DerivedData/ModuleCache.noindex/UIKit-ERXEXXB36JG8NO9VGTZ7DBR88.pcm

SwiftExplicitDependencyGeneratePcm x86_64 /tmp/lm-enclosure-validation/build/DerivedData/ModuleCache.noindex/AVFoundation-8THBD7BF063WLR7LTV550HV2Y.pcm

SwiftDriverJobDiscovery normal arm64 Compiling TerminalDescentCockpitView.swift (in target 'LM' from project 'LM')

SwiftDriverJobDiscovery normal arm64 Compiling PoweredDescentView.swift (in target 'LM' from project 'LM')

SwiftDriverJobDiscovery normal arm64 Compiling PoweredDescentSpaceButton.swift (in target 'LM' from project 'LM')

SwiftExplicitDependencyGeneratePcm x86_64 /tmp/lm-enclosure-validation/build/DerivedData/ModuleCache.noindex/GameController-C6P4HUZYIRX3VPIPJYHCX3TPI.pcm

SwiftExplicitDependencyGeneratePcm x86_64 /tmp/lm-enclosure-validation/build/DerivedData/ModuleCache.noindex/MultipeerConnectivity-37I991JHNF5FJ9I09A6N2IFWP.pcm

SwiftExplicitDependencyGeneratePcm x86_64 /tmp/lm-enclosure-validation/build/DerivedData/ModuleCache.noindex/SwiftUI-BBNFSAE21LTRXWU6P0TBI6KPM.pcm

SwiftEmitModule normal x86_64 Emitting\ module\ for\ LM (in target 'LM' from project 'LM')
EmitSwiftModule normal x86_64 (in target 'LM' from project 'LM')
    cd /tmp/lm-enclosure-validation/LM
    
/tmp/lm-enclosure-validation/LM/LM/LunarGlobe/LMLunarImageryTileStore.swift:13:79: warning: converting non-Sendable function value to '@Sendable (LMTerrainManifest.Source) async throws -> Data' may introduce data races
         fetch: @escaping LMLunarElevationStore.Fetch = LMLunarElevationStore.fetchPDS) throws {
                                                                              ^
/tmp/lm-enclosure-validation/LM/LM/LMLunarElevationStore.swift:26:57: warning: converting non-Sendable function value to '@Sendable (LMTerrainManifest.Source) async throws -> Data' may introduce data races
         fetch: @escaping Fetch = LMLunarElevationStore.fetchPDS) throws {
                                                        ^

SwiftCompile normal x86_64 Compiling\ LunarExplorerView.swift,\ LunarLanderSimulationView.swift,\ LunarModuleModel.swift,\ LunarPadEntity.swift,\ MainMenuView.swift,\ MainMenuViewModel.swift /tmp/lm-enclosure-validation/LM/LM/LunarExplorerView.swift /tmp/lm-enclosure-validation/LM/LM/LunarLanderSimulationView.swift /tmp/lm-enclosure-validation/LM/LM/LunarModuleModel.swift /tmp/lm-enclosure-validation/LM/LM/LunarPadEntity.swift /tmp/lm-enclosure-validation/LM/LM/MainMenuView.swift /tmp/lm-enclosure-validation/LM/LM/MainMenuViewModel.swift (in target 'LM' from project 'LM')
SwiftCompile normal x86_64 /tmp/lm-enclosure-validation/LM/LM/LunarExplorerView.swift (in target 'LM' from project 'LM')
    cd /tmp/lm-enclosure-validation/LM
    

SwiftCompile normal x86_64 /tmp/lm-enclosure-validation/LM/LM/LunarLanderSimulationView.swift (in target 'LM' from project 'LM')
    cd /tmp/lm-enclosure-validation/LM
    

SwiftCompile normal x86_64 /tmp/lm-enclosure-validation/LM/LM/LunarModuleModel.swift (in target 'LM' from project 'LM')
    cd /tmp/lm-enclosure-validation/LM
    

SwiftCompile normal x86_64 /tmp/lm-enclosure-validation/LM/LM/LunarPadEntity.swift (in target 'LM' from project 'LM')
    cd /tmp/lm-enclosure-validation/LM
    

SwiftCompile normal x86_64 /tmp/lm-enclosure-validation/LM/LM/MainMenuView.swift (in target 'LM' from project 'LM')
    cd /tmp/lm-enclosure-validation/LM
    

SwiftCompile normal x86_64 /tmp/lm-enclosure-validation/LM/LM/MainMenuViewModel.swift (in target 'LM' from project 'LM')
    cd /tmp/lm-enclosure-validation/LM
    

SwiftCompile normal x86_64 Compiling\ LMPhysicalDSKYPresentation.swift,\ LMProgressiveTerrain.swift,\ LMRCSJetMapping.swift,\ LMSpatialControlMapper.swift,\ LMTerrainDetailStreaming.swift,\ LMTerrainDetailTexture.swift /tmp/lm-enclosure-validation/LM/LM/LMPhysicalDSKYPresentation.swift /tmp/lm-enclosure-validation/LM/LM/LMProgressiveTerrain.swift /tmp/lm-enclosure-validation/LM/LM/LMRCSJetMapping.swift /tmp/lm-enclosure-validation/LM/LM/LMSpatialControlMapper.swift /tmp/lm-enclosure-validation/LM/LM/LMTerrainDetailStreaming.swift /tmp/lm-enclosure-validation/LM/LM/LMTerrainDetailTexture.swift (in target 'LM' from project 'LM')

SwiftCompile normal x86_64 /tmp/lm-enclosure-validation/LM/LM/LMPhysicalDSKYPresentation.swift (in target 'LM' from project 'LM')
    cd /tmp/lm-enclosure-validation/LM
    

SwiftCompile normal x86_64 /tmp/lm-enclosure-validation/LM/LM/LMProgressiveTerrain.swift (in target 'LM' from project 'LM')
    cd /tmp/lm-enclosure-validation/LM
    

SwiftCompile normal x86_64 /tmp/lm-enclosure-validation/LM/LM/LMRCSJetMapping.swift (in target 'LM' from project 'LM')
    cd /tmp/lm-enclosure-validation/LM
    

SwiftCompile normal x86_64 /tmp/lm-enclosure-validation/LM/LM/LMSpatialControlMapper.swift (in target 'LM' from project 'LM')
    cd /tmp/lm-enclosure-validation/LM
    

SwiftCompile normal x86_64 /tmp/lm-enclosure-validation/LM/LM/LMTerrainDetailStreaming.swift (in target 'LM' from project 'LM')
    cd /tmp/lm-enclosure-validation/LM
    

SwiftCompile normal x86_64 /tmp/lm-enclosure-validation/LM/LM/LMTerrainDetailTexture.swift (in target 'LM' from project 'LM')
    cd /tmp/lm-enclosure-validation/LM
    

SwiftCompile normal x86_64 Compiling\ MoonCoordinateConverter.swift,\ MoonScene.swift,\ NewGameButton.swift,\ PoweredDescentImmersiveView.swift,\ PoweredDescentSession.swift,\ PoweredDescentSpaceButton.swift /tmp/lm-enclosure-validation/LM/LM/MoonCoordinateConverter.swift /tmp/lm-enclosure-validation/LM/LM/MoonScene.swift /tmp/lm-enclosure-validation/LM/LM/NewGameButton.swift /tmp/lm-enclosure-validation/LM/LM/PoweredDescentImmersiveView.swift /tmp/lm-enclosure-validation/LM/LM/PoweredDescentSession.swift /tmp/lm-enclosure-validation/LM/LM/PoweredDescentSpaceButton.swift (in target 'LM' from project 'LM')

SwiftCompile normal x86_64 /tmp/lm-enclosure-validation/LM/LM/MoonCoordinateConverter.swift (in target 'LM' from project 'LM')
    cd /tmp/lm-enclosure-validation/LM
    

SwiftCompile normal x86_64 /tmp/lm-enclosure-validation/LM/LM/MoonScene.swift (in target 'LM' from project 'LM')
    cd /tmp/lm-enclosure-validation/LM
    

SwiftCompile normal x86_64 /tmp/lm-enclosure-validation/LM/LM/NewGameButton.swift (in target 'LM' from project 'LM')
    cd /tmp/lm-enclosure-validation/LM
    

SwiftCompile normal x86_64 /tmp/lm-enclosure-validation/LM/LM/PoweredDescentImmersiveView.swift (in target 'LM' from project 'LM')
    cd /tmp/lm-enclosure-validation/LM
    

SwiftCompile normal x86_64 /tmp/lm-enclosure-validation/LM/LM/PoweredDescentSession.swift (in target 'LM' from project 'LM')
    cd /tmp/lm-enclosure-validation/LM
    

SwiftCompile normal x86_64 /tmp/lm-enclosure-validation/LM/LM/PoweredDescentSpaceButton.swift (in target 'LM' from project 'LM')
    cd /tmp/lm-enclosure-validation/LM
    

SwiftCompile normal x86_64 Compiling\ LMLunarTerrainMeshSnapshot.swift,\ LMLunarTerrainMorph.swift,\ LMLunarTerrainMorphRenderer.swift,\ LMLunarTerrainPresentation.swift,\ LMLunarTerrainRegion.swift,\ LMLunarTerrainResolver.swift /tmp/lm-enclosure-validation/LM/LM/LMLunarTerrainMeshSnapshot.swift /tmp/lm-enclosure-validation/LM/LM/LMLunarTerrainMorph.swift /tmp/lm-enclosure-validation/LM/LM/LMLunarTerrainMorphRenderer.swift /tmp/lm-enclosure-validation/LM/LM/LMLunarTerrainPresentation.swift /tmp/lm-enclosure-validation/LM/LM/LMLunarTerrainRegion.swift /tmp/lm-enclosure-validation/LM/LM/LMLunarTerrainResolver.swift (in target 'LM' from project 'LM')

SwiftCompile normal x86_64 /tmp/lm-enclosure-validation/LM/LM/LMLunarTerrainMeshSnapshot.swift (in target 'LM' from project 'LM')
    cd /tmp/lm-enclosure-validation/LM
    

SwiftCompile normal x86_64 /tmp/lm-enclosure-validation/LM/LM/LMLunarTerrainMorph.swift (in target 'LM' from project 'LM')
    cd /tmp/lm-enclosure-validation/LM
    

SwiftCompile normal x86_64 /tmp/lm-enclosure-validation/LM/LM/LMLunarTerrainMorphRenderer.swift (in target 'LM' from project 'LM')
    cd /tmp/lm-enclosure-validation/LM
    

SwiftCompile normal x86_64 /tmp/lm-enclosure-validation/LM/LM/LMLunarTerrainPresentation.swift (in target 'LM' from project 'LM')
    cd /tmp/lm-enclosure-validation/LM
    

SwiftCompile normal x86_64 /tmp/lm-enclosure-validation/LM/LM/LMLunarTerrainRegion.swift (in target 'LM' from project 'LM')
    cd /tmp/lm-enclosure-validation/LM
    

SwiftCompile normal x86_64 /tmp/lm-enclosure-validation/LM/LM/LMLunarTerrainResolver.swift (in target 'LM' from project 'LM')
    cd /tmp/lm-enclosure-validation/LM
    

SwiftCompile normal x86_64 Compiling\ PoweredDescentView.swift,\ TerminalDescentCockpitView.swift,\ LMLunarCockpitTerrain.swift,\ LMTerrainSimulationGate.swift,\ LunarTerrainSR.swift,\ GeneratedAssetSymbols.swift /tmp/lm-enclosure-validation/LM/LM/PoweredDescentView.swift /tmp/lm-enclosure-validation/LM/LM/TerminalDescentCockpitView.swift /tmp/lm-enclosure-validation/LM/LMLunarCockpitTerrain.swift /tmp/lm-enclosure-validation/LM/LMTerrainSimulationGate.swift /tmp/lm-enclosure-validation/build/DerivedData/Build/Intermediates.noindex/LM.build/Debug-xrsimulator/LM.build/DerivedSources/CoreMLGenerated/LunarTerrainSR/LunarTerrainSR.swift /tmp/lm-enclosure-validation/build/DerivedData/Build/Intermediates.noindex/LM.build/Debug-xrsimulator/LM.build/DerivedSources/GeneratedAssetSymbols.swift (in target 'LM' from project 'LM')

SwiftCompile normal x86_64 /tmp/lm-enclosure-validation/LM/LM/PoweredDescentView.swift (in target 'LM' from project 'LM')
    cd /tmp/lm-enclosure-validation/LM
    

SwiftCompile normal x86_64 /tmp/lm-enclosure-validation/LM/LM/TerminalDescentCockpitView.swift (in target 'LM' from project 'LM')
    cd /tmp/lm-enclosure-validation/LM
    

SwiftCompile normal x86_64 /tmp/lm-enclosure-validation/LM/LMLunarCockpitTerrain.swift (in target 'LM' from project 'LM')
    cd /tmp/lm-enclosure-validation/LM
    

SwiftCompile normal x86_64 /tmp/lm-enclosure-validation/LM/LMTerrainSimulationGate.swift (in target 'LM' from project 'LM')
    cd /tmp/lm-enclosure-validation/LM
    

SwiftCompile normal x86_64 /tmp/lm-enclosure-validation/build/DerivedData/Build/Intermediates.noindex/LM.build/Debug-xrsimulator/LM.build/DerivedSources/CoreMLGenerated/LunarTerrainSR/LunarTerrainSR.swift (in target 'LM' from project 'LM')
    cd /tmp/lm-enclosure-validation/LM
    

SwiftCompile normal x86_64 /tmp/lm-enclosure-validation/build/DerivedData/Build/Intermediates.noindex/LM.build/Debug-xrsimulator/LM.build/DerivedSources/GeneratedAssetSymbols.swift (in target 'LM' from project 'LM')
    cd /tmp/lm-enclosure-validation/LM
    

SwiftCompile normal x86_64 Compiling\ LMLunarElevationStore.swift,\ LMLunarEphemeris.swift,\ LMLunarFloatingOrigin.swift,\ LMLunarLandingRehearsal.swift,\ LMLunarNavigation.swift,\ LMLunarRockField.swift /tmp/lm-enclosure-validation/LM/LM/LMLunarElevationStore.swift /tmp/lm-enclosure-validation/LM/LM/LMLunarEphemeris.swift /tmp/lm-enclosure-validation/LM/LM/LMLunarFloatingOrigin.swift /tmp/lm-enclosure-validation/LM/LM/LMLunarLandingRehearsal.swift /tmp/lm-enclosure-validation/LM/LM/LMLunarNavigation.swift /tmp/lm-enclosure-validation/LM/LM/LMLunarRockField.swift (in target 'LM' from project 'LM')

SwiftCompile normal x86_64 /tmp/lm-enclosure-validation/LM/LM/LMLunarElevationStore.swift (in target 'LM' from project 'LM')
    cd /tmp/lm-enclosure-validation/LM
    
/tmp/lm-enclosure-validation/LM/LM/LMLunarElevationStore.swift:26:57: warning: converting non-Sendable function value to '@Sendable (LMTerrainManifest.Source) async throws -> Data' may introduce data races
         fetch: @escaping Fetch = LMLunarElevationStore.fetchPDS) throws {
                                                        ^

SwiftCompile normal x86_64 /tmp/lm-enclosure-validation/LM/LM/LMLunarEphemeris.swift (in target 'LM' from project 'LM')
    cd /tmp/lm-enclosure-validation/LM
    

SwiftCompile normal x86_64 /tmp/lm-enclosure-validation/LM/LM/LMLunarFloatingOrigin.swift (in target 'LM' from project 'LM')
    cd /tmp/lm-enclosure-validation/LM
    

SwiftCompile normal x86_64 /tmp/lm-enclosure-validation/LM/LM/LMLunarLandingRehearsal.swift (in target 'LM' from project 'LM')
    cd /tmp/lm-enclosure-validation/LM
    

SwiftCompile normal x86_64 /tmp/lm-enclosure-validation/LM/LM/LMLunarNavigation.swift (in target 'LM' from project 'LM')
    cd /tmp/lm-enclosure-validation/LM
    

SwiftCompile normal x86_64 /tmp/lm-enclosure-validation/LM/LM/LMLunarRockField.swift (in target 'LM' from project 'LM')
    cd /tmp/lm-enclosure-validation/LM
    

SwiftCompile normal x86_64 Compiling\ LunarExplorerPlacementPanel.swift,\ LunarExplorerPortalGeometry.swift,\ LunarExplorerScene.swift,\ LunarExplorerSceneSnapshot.swift,\ LunarExplorerSession.swift,\ LunarExplorerSitePack.swift /tmp/lm-enclosure-validation/LM/LM/LunarExplorerPlacementPanel.swift /tmp/lm-enclosure-validation/LM/LM/LunarExplorerPortalGeometry.swift /tmp/lm-enclosure-validation/LM/LM/LunarExplorerScene.swift /tmp/lm-enclosure-validation/LM/LM/LunarExplorerSceneSnapshot.swift /tmp/lm-enclosure-validation/LM/LM/LunarExplorerSession.swift /tmp/lm-enclosure-validation/LM/LM/LunarExplorerSitePack.swift (in target 'LM' from project 'LM')
SwiftCompile normal x86_64 /tmp/lm-enclosure-validation/LM/LM/LunarExplorerPlacementPanel.swift (in target 'LM' from project 'LM')
    cd /tmp/lm-enclosure-validation/LM
    
/tmp/lm-enclosure-validation/LM/LM/LMLunarElevationStore.swift:26:57: warning: converting non-Sendable function value to '@Sendable (LMTerrainManifest.Source) async throws -> Data' may introduce data races
         fetch: @escaping Fetch = LMLunarElevationStore.fetchPDS) throws {
                                                        ^

SwiftCompile normal x86_64 /tmp/lm-enclosure-validation/LM/LM/LunarExplorerPortalGeometry.swift (in target 'LM' from project 'LM')
    cd /tmp/lm-enclosure-validation/LM
    
/tmp/lm-enclosure-validation/LM/LM/LMLunarElevationStore.swift:26:57: warning: converting non-Sendable function value to '@Sendable (LMTerrainManifest.Source) async throws -> Data' may introduce data races
         fetch: @escaping Fetch = LMLunarElevationStore.fetchPDS) throws {
                                                        ^

SwiftCompile normal x86_64 /tmp/lm-enclosure-validation/LM/LM/LunarExplorerScene.swift (in target 'LM' from project 'LM')
    cd /tmp/lm-enclosure-validation/LM
    
/tmp/lm-enclosure-validation/LM/LM/LMLunarElevationStore.swift:26:57: warning: converting non-Sendable function value to '@Sendable (LMTerrainManifest.Source) async throws -> Data' may introduce data races
         fetch: @escaping Fetch = LMLunarElevationStore.fetchPDS) throws {
                                                        ^

SwiftCompile normal x86_64 /tmp/lm-enclosure-validation/LM/LM/LunarExplorerSceneSnapshot.swift (in target 'LM' from project 'LM')
    cd /tmp/lm-enclosure-validation/LM
    
/tmp/lm-enclosure-validation/LM/LM/LMLunarElevationStore.swift:26:57: warning: converting non-Sendable function value to '@Sendable (LMTerrainManifest.Source) async throws -> Data' may introduce data races
         fetch: @escaping Fetch = LMLunarElevationStore.fetchPDS) throws {
                                                        ^

SwiftCompile normal x86_64 /tmp/lm-enclosure-validation/LM/LM/LunarExplorerSession.swift (in target 'LM' from project 'LM')
    cd /tmp/lm-enclosure-validation/LM
    
/tmp/lm-enclosure-validation/LM/LM/LMLunarElevationStore.swift:26:57: warning: converting non-Sendable function value to '@Sendable (LMTerrainManifest.Source) async throws -> Data' may introduce data races
         fetch: @escaping Fetch = LMLunarElevationStore.fetchPDS) throws {
                                                        ^

SwiftCompile normal x86_64 /tmp/lm-enclosure-validation/LM/LM/LunarExplorerSitePack.swift (in target 'LM' from project 'LM')
    cd /tmp/lm-enclosure-validation/LM
    
/tmp/lm-enclosure-validation/LM/LM/LMLunarElevationStore.swift:26:57: warning: converting non-Sendable function value to '@Sendable (LMTerrainManifest.Source) async throws -> Data' may introduce data races
         fetch: @escaping Fetch = LMLunarElevationStore.fetchPDS) throws {
                                                        ^

SwiftCompile normal x86_64 Compiling\ LMImportedFDAI.swift,\ LMImportedSystemsHardware.swift,\ LMImportedTimers.swift,\ LMInstrumentInteraction.swift,\ LMInstrumentValidation.swift,\ LMLandingInstrumentReadings.swift /tmp/lm-enclosure-validation/LM/LM/LMImportedFDAI.swift /tmp/lm-enclosure-validation/LM/LM/LMImportedSystemsHardware.swift /tmp/lm-enclosure-validation/LM/LM/LMImportedTimers.swift /tmp/lm-enclosure-validation/LM/LM/LMInstrumentInteraction.swift /tmp/lm-enclosure-validation/LM/LM/LMInstrumentValidation.swift /tmp/lm-enclosure-validation/LM/LM/LMLandingInstrumentReadings.swift (in target 'LM' from project 'LM')

SwiftCompile normal x86_64 /tmp/lm-enclosure-validation/LM/LM/LMImportedFDAI.swift (in target 'LM' from project 'LM')
    cd /tmp/lm-enclosure-validation/LM
    

SwiftCompile normal x86_64 /tmp/lm-enclosure-validation/LM/LM/LMImportedSystemsHardware.swift (in target 'LM' from project 'LM')
    cd /tmp/lm-enclosure-validation/LM
    

SwiftCompile normal x86_64 /tmp/lm-enclosure-validation/LM/LM/LMImportedTimers.swift (in target 'LM' from project 'LM')
    cd /tmp/lm-enclosure-validation/LM
    

SwiftCompile normal x86_64 /tmp/lm-enclosure-validation/LM/LM/LMInstrumentInteraction.swift (in target 'LM' from project 'LM')
    cd /tmp/lm-enclosure-validation/LM
    

SwiftCompile normal x86_64 /tmp/lm-enclosure-validation/LM/LM/LMInstrumentValidation.swift (in target 'LM' from project 'LM')
    cd /tmp/lm-enclosure-validation/LM
    

SwiftCompile normal x86_64 /tmp/lm-enclosure-validation/LM/LM/LMLandingInstrumentReadings.swift (in target 'LM' from project 'LM')
    cd /tmp/lm-enclosure-validation/LM
    

SwiftCompile normal x86_64 Compiling\ LMLandingPointDesignator.swift,\ LMLunarAnchoredPlacement.swift,\ LMLunarCraterCatalog.swift,\ LMLunarElevationCatalog.swift,\ LMLunarElevationGrid.swift,\ LMLunarElevationPreview.swift /tmp/lm-enclosure-validation/LM/LM/LMLandingPointDesignator.swift /tmp/lm-enclosure-validation/LM/LM/LMLunarAnchoredPlacement.swift /tmp/lm-enclosure-validation/LM/LM/LMLunarCraterCatalog.swift /tmp/lm-enclosure-validation/LM/LM/LMLunarElevationCatalog.swift /tmp/lm-enclosure-validation/LM/LM/LMLunarElevationGrid.swift /tmp/lm-enclosure-validation/LM/LM/LMLunarElevationPreview.swift (in target 'LM' from project 'LM')

SwiftCompile normal x86_64 /tmp/lm-enclosure-validation/LM/LM/LMLandingPointDesignator.swift (in target 'LM' from project 'LM')
    cd /tmp/lm-enclosure-validation/LM
    

SwiftCompile normal x86_64 /tmp/lm-enclosure-validation/LM/LM/LMLunarAnchoredPlacement.swift (in target 'LM' from project 'LM')
    cd /tmp/lm-enclosure-validation/LM
    

SwiftCompile normal x86_64 /tmp/lm-enclosure-validation/LM/LM/LMLunarCraterCatalog.swift (in target 'LM' from project 'LM')
    cd /tmp/lm-enclosure-validation/LM
    

SwiftCompile normal x86_64 /tmp/lm-enclosure-validation/LM/LM/LMLunarElevationCatalog.swift (in target 'LM' from project 'LM')
    cd /tmp/lm-enclosure-validation/LM
    

SwiftCompile normal x86_64 /tmp/lm-enclosure-validation/LM/LM/LMLunarElevationGrid.swift (in target 'LM' from project 'LM')
    cd /tmp/lm-enclosure-validation/LM
    

SwiftCompile normal x86_64 /tmp/lm-enclosure-validation/LM/LM/LMLunarElevationPreview.swift (in target 'LM' from project 'LM')
    cd /tmp/lm-enclosure-validation/LM
    
/tmp/lm-enclosure-validation/LM/LM/LMLunarElevationStore.swift:26:57: warning: converting non-Sendable function value to '@Sendable (LMTerrainManifest.Source) async throws -> Data' may introduce data races
         fetch: @escaping Fetch = LMLunarElevationStore.fetchPDS) throws {
                                                        ^

SwiftCompile normal x86_64 Compiling\ LMCommanderStationAssemblyObserver.swift,\ LMCommanderStationGeometry.swift,\ LMCommanderStationScene.swift,\ LMCoreMLTerrainDetailGenerator.swift,\ LMDSKYGeometry.swift,\ LMDSKYInputQueue.swift,\ LMEventTimerControlRouting.swift /tmp/lm-enclosure-validation/LM/LM/LMCommanderStationAssemblyObserver.swift /tmp/lm-enclosure-validation/LM/LM/LMCommanderStationGeometry.swift /tmp/lm-enclosure-validation/LM/LM/LMCommanderStationScene.swift /tmp/lm-enclosure-validation/LM/LM/LMCoreMLTerrainDetailGenerator.swift /tmp/lm-enclosure-validation/LM/LM/LMDSKYGeometry.swift /tmp/lm-enclosure-validation/LM/LM/LMDSKYInputQueue.swift /tmp/lm-enclosure-validation/LM/LM/LMEventTimerControlRouting.swift (in target 'LM' from project 'LM')

SwiftCompile normal x86_64 /tmp/lm-enclosure-validation/LM/LM/LMCommanderStationAssemblyObserver.swift (in target 'LM' from project 'LM')
    cd /tmp/lm-enclosure-validation/LM
    

SwiftCompile normal x86_64 /tmp/lm-enclosure-validation/LM/LM/LMCommanderStationGeometry.swift (in target 'LM' from project 'LM')
    cd /tmp/lm-enclosure-validation/LM
    

SwiftCompile normal x86_64 /tmp/lm-enclosure-validation/LM/LM/LMCommanderStationScene.swift (in target 'LM' from project 'LM')
    cd /tmp/lm-enclosure-validation/LM
    
/tmp/lm-enclosure-validation/LM/LM/LMLunarElevationStore.swift:26:57: warning: converting non-Sendable function value to '@Sendable (LMTerrainManifest.Source) async throws -> Data' may introduce data races
         fetch: @escaping Fetch = LMLunarElevationStore.fetchPDS) throws {
                                                        ^
/tmp/lm-enclosure-validation/LM/LM/LMCommanderStationScene.swift:517:34: warning: main actor-isolated property 'isEnabled' can not be referenced from a nonisolated context
                    guard entity.isEnabled else { return }
                                 ^
RealityKit.Entity.isEnabled:2:39: note: property declared here
@MainActor @preconcurrency public var isEnabled: Bool { get set }}
                                      ^
/tmp/lm-enclosure-validation/LM/LM/LMCommanderStationScene.swift:518:53: warning: main actor-isolated subscript 'subscript(_:)' can not be referenced from a nonisolated context
                    if let model = entity.components[ModelComponent.self] {
                                                    ^
RealityKit.Entity.ComponentSet.subscript:3:35: note: subscript declared here
@MainActor @preconcurrency public subscript<T>(componentType: T.Type) -> T? where T : Component { get set }  }
                                  ^
/tmp/lm-enclosure-validation/LM/LM/LMCommanderStationScene.swift:518:43: warning: main actor-isolated property 'components' can not be referenced from a nonisolated context
                    if let model = entity.components[ModelComponent.self] {
                                          ^
RealityKit.Entity.components:2:39: note: property declared here
@MainActor @preconcurrency public var components: Entity.ComponentSet { get set }}
                                      ^
/tmp/lm-enclosure-validation/LM/LM/LMCommanderStationScene.swift:519:44: warning: main actor-isolated property 'bounds' can not be referenced from a nonisolated context
                        let b = model.mesh.bounds
                                           ^
RealityKit.MeshResource.bounds:2:39: note: property declared here
@MainActor @preconcurrency public var bounds: BoundingBox { get }}
                                      ^
/tmp/lm-enclosure-validation/LM/LM/LMCommanderStationScene.swift:521:50: warning: call to main actor-isolated instance method 'convert(position:to:)' in a synchronous nonisolated context
                            points.append(entity.convert(position: SIMD3(x, y, z), to: root))
                                                 ^
RealityKit.HasTransform.convert:2:40: note: calls to instance method 'convert(position:to:)' from outside of its actor context are implicitly asynchronous
@MainActor @preconcurrency public func convert(position: SIMD3<Float>, to referenceEntity: Entity?) -> SIMD3<Float>}
                                       ^
/tmp/lm-enclosure-validation/LM/LM/LMCommanderStationScene.swift:524:41: warning: call to main actor-isolated instance method 'makeIterator()' in a synchronous nonisolated context
                    for child in entity.children { collect(child) }
                                        ^
RealityKit.Entity.ChildCollection.makeIterator:3:52: note: calls to instance method 'makeIterator()' from outside of its actor context are implicitly asynchronous
@MainActor @preconcurrency public __consuming func makeIterator() -> Entity.ChildCollection.Iterator  }
                                                   ^
/tmp/lm-enclosure-validation/LM/LM/LMCommanderStationScene.swift:524:41: warning: main actor-isolated property 'children' can not be referenced from a nonisolated context
                    for child in entity.children { collect(child) }
                                        ^
RealityKit.HasHierarchy.children:2:39: note: property declared here
@MainActor @preconcurrency public var children: Entity.ChildCollection { get set }}
                                      ^

SwiftCompile normal x86_64 /tmp/lm-enclosure-validation/LM/LM/LMCoreMLTerrainDetailGenerator.swift (in target 'LM' from project 'LM')
    cd /tmp/lm-enclosure-validation/LM
    

SwiftCompile normal x86_64 /tmp/lm-enclosure-validation/LM/LM/LMDSKYGeometry.swift (in target 'LM' from project 'LM')
    cd /tmp/lm-enclosure-validation/LM
    

SwiftCompile normal x86_64 /tmp/lm-enclosure-validation/LM/LM/LMDSKYInputQueue.swift (in target 'LM' from project 'LM')
    cd /tmp/lm-enclosure-validation/LM
    

SwiftCompile normal x86_64 /tmp/lm-enclosure-validation/LM/LM/LMEventTimerControlRouting.swift (in target 'LM' from project 'LM')
    cd /tmp/lm-enclosure-validation/LM
    

SwiftCompile normal x86_64 Compiling\ LMCockpitAssetContract.swift,\ LMCockpitAudioController.swift,\ LMCockpitComponentSupport.swift,\ LMCockpitConsoleEnclosure.swift,\ LMCockpitExperienceDirector.swift,\ LMCockpitImmersionPolicy.swift,\ LMCockpitMaterialPolicy.swift /tmp/lm-enclosure-validation/LM/LM/LMCockpitAssetContract.swift /tmp/lm-enclosure-validation/LM/LM/LMCockpitAudioController.swift /tmp/lm-enclosure-validation/LM/LM/LMCockpitComponentSupport.swift /tmp/lm-enclosure-validation/LM/LM/LMCockpitConsoleEnclosure.swift /tmp/lm-enclosure-validation/LM/LM/LMCockpitExperienceDirector.swift /tmp/lm-enclosure-validation/LM/LM/LMCockpitImmersionPolicy.swift /tmp/lm-enclosure-validation/LM/LM/LMCockpitMaterialPolicy.swift (in target 'LM' from project 'LM')

SwiftCompile normal x86_64 /tmp/lm-enclosure-validation/LM/LM/LMCockpitAssetContract.swift (in target 'LM' from project 'LM')
    cd /tmp/lm-enclosure-validation/LM
    

SwiftCompile normal x86_64 /tmp/lm-enclosure-validation/LM/LM/LMCockpitAudioController.swift (in target 'LM' from project 'LM')
    cd /tmp/lm-enclosure-validation/LM
    

SwiftCompile normal x86_64 /tmp/lm-enclosure-validation/LM/LM/LMCockpitComponentSupport.swift (in target 'LM' from project 'LM')
    cd /tmp/lm-enclosure-validation/LM
    

SwiftCompile normal x86_64 /tmp/lm-enclosure-validation/LM/LM/LMCockpitConsoleEnclosure.swift (in target 'LM' from project 'LM')
    cd /tmp/lm-enclosure-validation/LM
    

SwiftCompile normal x86_64 /tmp/lm-enclosure-validation/LM/LM/LMCockpitExperienceDirector.swift (in target 'LM' from project 'LM')
    cd /tmp/lm-enclosure-validation/LM
    

SwiftCompile normal x86_64 /tmp/lm-enclosure-validation/LM/LM/LMCockpitImmersionPolicy.swift (in target 'LM' from project 'LM')
    cd /tmp/lm-enclosure-validation/LM
    

SwiftCompile normal x86_64 /tmp/lm-enclosure-validation/LM/LM/LMCockpitMaterialPolicy.swift (in target 'LM' from project 'LM')
    cd /tmp/lm-enclosure-validation/LM
    

SwiftCompile normal x86_64 Compiling\ DSKYPanel.swift,\ FDAIPanel.swift,\ FDAITexturePreviewView.swift,\ ImmersiveView.swift,\ LMACAInput.swift,\ LMACAValidation.swift,\ LMApp.swift /tmp/lm-enclosure-validation/LM/LM/DSKYPanel.swift /tmp/lm-enclosure-validation/LM/LM/FDAIPanel.swift /tmp/lm-enclosure-validation/LM/LM/FDAITexturePreviewView.swift /tmp/lm-enclosure-validation/LM/LM/ImmersiveView.swift /tmp/lm-enclosure-validation/LM/LM/LMACAInput.swift /tmp/lm-enclosure-validation/LM/LM/LMACAValidation.swift /tmp/lm-enclosure-validation/LM/LM/LMApp.swift (in target 'LM' from project 'LM')

SwiftCompile normal x86_64 /tmp/lm-enclosure-validation/LM/LM/DSKYPanel.swift (in target 'LM' from project 'LM')
    cd /tmp/lm-enclosure-validation/LM
    

SwiftCompile normal x86_64 /tmp/lm-enclosure-validation/LM/LM/FDAIPanel.swift (in target 'LM' from project 'LM')
    cd /tmp/lm-enclosure-validation/LM
    

SwiftCompile normal x86_64 /tmp/lm-enclosure-validation/LM/LM/FDAITexturePreviewView.swift (in target 'LM' from project 'LM')
    cd /tmp/lm-enclosure-validation/LM
    

SwiftCompile normal x86_64 /tmp/lm-enclosure-validation/LM/LM/ImmersiveView.swift (in target 'LM' from project 'LM')
    cd /tmp/lm-enclosure-validation/LM
    

SwiftCompile normal x86_64 /tmp/lm-enclosure-validation/LM/LM/LMACAInput.swift (in target 'LM' from project 'LM')
    cd /tmp/lm-enclosure-validation/LM
    

SwiftCompile normal x86_64 /tmp/lm-enclosure-validation/LM/LM/LMACAValidation.swift (in target 'LM' from project 'LM')
    cd /tmp/lm-enclosure-validation/LM
    

SwiftCompile normal x86_64 /tmp/lm-enclosure-validation/LM/LM/LMApp.swift (in target 'LM' from project 'LM')
    cd /tmp/lm-enclosure-validation/LM
    

SwiftCompile normal x86_64 Compiling\ LMCockpitPresentationPolicy.swift,\ LMCockpitShadowFit.swift,\ LMCockpitSlotOccupancy.swift,\ LMCockpitStaticOverlay.swift,\ LMCockpitValidationRecorder.swift,\ LMCockpitWorldMapper.swift,\ LMCommanderStationAssembly.swift /tmp/lm-enclosure-validation/LM/LM/LMCockpitPresentationPolicy.swift /tmp/lm-enclosure-validation/LM/LM/LMCockpitShadowFit.swift /tmp/lm-enclosure-validation/LM/LM/LMCockpitSlotOccupancy.swift /tmp/lm-enclosure-validation/LM/LM/LMCockpitStaticOverlay.swift /tmp/lm-enclosure-validation/LM/LM/LMCockpitValidationRecorder.swift /tmp/lm-enclosure-validation/LM/LM/LMCockpitWorldMapper.swift /tmp/lm-enclosure-validation/LM/LM/LMCommanderStationAssembly.swift (in target 'LM' from project 'LM')

SwiftCompile normal x86_64 /tmp/lm-enclosure-validation/LM/LM/LMCockpitPresentationPolicy.swift (in target 'LM' from project 'LM')
    cd /tmp/lm-enclosure-validation/LM
    

SwiftCompile normal x86_64 /tmp/lm-enclosure-validation/LM/LM/LMCockpitShadowFit.swift (in target 'LM' from project 'LM')
    cd /tmp/lm-enclosure-validation/LM
    

SwiftCompile normal x86_64 /tmp/lm-enclosure-validation/LM/LM/LMCockpitSlotOccupancy.swift (in target 'LM' from project 'LM')
    cd /tmp/lm-enclosure-validation/LM
    

SwiftCompile normal x86_64 /tmp/lm-enclosure-validation/LM/LM/LMCockpitStaticOverlay.swift (in target 'LM' from project 'LM')
    cd /tmp/lm-enclosure-validation/LM
    

SwiftCompile normal x86_64 /tmp/lm-enclosure-validation/LM/LM/LMCockpitValidationRecorder.swift (in target 'LM' from project 'LM')
    cd /tmp/lm-enclosure-validation/LM
    

SwiftCompile normal x86_64 /tmp/lm-enclosure-validation/LM/LM/LMCockpitWorldMapper.swift (in target 'LM' from project 'LM')
    cd /tmp/lm-enclosure-validation/LM
    

SwiftCompile normal x86_64 /tmp/lm-enclosure-validation/LM/LM/LMCommanderStationAssembly.swift (in target 'LM' from project 'LM')
    cd /tmp/lm-enclosure-validation/LM
    

SwiftCompile normal x86_64 Compiling\ LMLunarGlobeImagery.swift,\ LMLunarGlobeResource.swift,\ LMLunarImageryPyramid.swift,\ LMLunarImageryTileStore.swift,\ Apollo11TerrainResource.swift,\ CrewControlPanel.swift,\ DescentRangeStrip.swift /tmp/lm-enclosure-validation/LM/LM/LunarGlobe/LMLunarGlobeImagery.swift /tmp/lm-enclosure-validation/LM/LM/LunarGlobe/LMLunarGlobeResource.swift /tmp/lm-enclosure-validation/LM/LM/LunarGlobe/LMLunarImageryPyramid.swift /tmp/lm-enclosure-validation/LM/LM/LunarGlobe/LMLunarImageryTileStore.swift /tmp/lm-enclosure-validation/LM/LM/Apollo11TerrainResource.swift /tmp/lm-enclosure-validation/LM/LM/CrewControlPanel.swift /tmp/lm-enclosure-validation/LM/LM/DescentRangeStrip.swift (in target 'LM' from project 'LM')

SwiftCompile normal x86_64 /tmp/lm-enclosure-validation/LM/LM/LunarGlobe/LMLunarGlobeImagery.swift (in target 'LM' from project 'LM')
    cd /tmp/lm-enclosure-validation/LM
    
/tmp/lm-enclosure-validation/LM/LM/LunarGlobe/LMLunarGlobeImagery.swift:115:49: warning: 'generate(from:withName:options:)' was deprecated in visionOS 2.0: replaced by 'init(image:withName:options:)'
                            try TextureResource.generate(from: image, withName: tile.sha256,
                                                ^
/tmp/lm-enclosure-validation/LM/LM/LunarGlobe/LMLunarGlobeImagery.swift:115:49: note: use 'init(image:withName:options:)' instead
                            try TextureResource.generate(from: image, withName: tile.sha256,
                                               ~^~~~~~~~ ~~~~
                                                         image

SwiftCompile normal x86_64 /tmp/lm-enclosure-validation/LM/LM/LunarGlobe/LMLunarGlobeResource.swift (in target 'LM' from project 'LM')
    cd /tmp/lm-enclosure-validation/LM
    
/tmp/lm-enclosure-validation/LM/LM/LunarGlobe/LMLunarGlobeResource.swift:279:43: warning: 'generate(from:withName:options:)' was deprecated in visionOS 2.0: replaced by 'init(image:withName:options:)'
        let texture = try TextureResource.generate(
                                          ^
/tmp/lm-enclosure-validation/LM/LM/LunarGlobe/LMLunarGlobeResource.swift:279:43: note: use 'init(image:withName:options:)' instead
        let texture = try TextureResource.generate(
                                         ~^~~~~~~~
                                         

SwiftCompile normal x86_64 /tmp/lm-enclosure-validation/LM/LM/LunarGlobe/LMLunarImageryPyramid.swift (in target 'LM' from project 'LM')
    cd /tmp/lm-enclosure-validation/LM
    

SwiftCompile normal x86_64 /tmp/lm-enclosure-validation/LM/LM/LunarGlobe/LMLunarImageryTileStore.swift (in target 'LM' from project 'LM')
    cd /tmp/lm-enclosure-validation/LM
    
/tmp/lm-enclosure-validation/LM/LM/LunarGlobe/LMLunarImageryTileStore.swift:13:79: warning: converting non-Sendable function value to '@Sendable (LMTerrainManifest.Source) async throws -> Data' may introduce data races
         fetch: @escaping LMLunarElevationStore.Fetch = LMLunarElevationStore.fetchPDS) throws {
                                                                              ^

SwiftCompile normal x86_64 /tmp/lm-enclosure-validation/LM/LM/Apollo11TerrainResource.swift (in target 'LM' from project 'LM')
    cd /tmp/lm-enclosure-validation/LM
    

SwiftCompile normal x86_64 /tmp/lm-enclosure-validation/LM/LM/CrewControlPanel.swift (in target 'LM' from project 'LM')
    cd /tmp/lm-enclosure-validation/LM
    

SwiftCompile normal x86_64 /tmp/lm-enclosure-validation/LM/LM/DescentRangeStrip.swift (in target 'LM' from project 'LM')
    cd /tmp/lm-enclosure-validation/LM
    

SwiftCompile normal x86_64 Compiling\ LMEventTimerState.swift,\ LMImportedACA.swift,\ LMImportedAltitudeRate.swift,\ LMImportedCrossPointer.swift,\ LMImportedDescentControl.swift,\ LMImportedDSKY.swift /tmp/lm-enclosure-validation/LM/LM/LMEventTimerState.swift /tmp/lm-enclosure-validation/LM/LM/LMImportedACA.swift /tmp/lm-enclosure-validation/LM/LM/LMImportedAltitudeRate.swift /tmp/lm-enclosure-validation/LM/LM/LMImportedCrossPointer.swift /tmp/lm-enclosure-validation/LM/LM/LMImportedDescentControl.swift /tmp/lm-enclosure-validation/LM/LM/LMImportedDSKY.swift (in target 'LM' from project 'LM')

SwiftCompile normal x86_64 /tmp/lm-enclosure-validation/LM/LM/LMEventTimerState.swift (in target 'LM' from project 'LM')
    cd /tmp/lm-enclosure-validation/LM
    

SwiftCompile normal x86_64 /tmp/lm-enclosure-validation/LM/LM/LMImportedACA.swift (in target 'LM' from project 'LM')
    cd /tmp/lm-enclosure-validation/LM
    

SwiftCompile normal x86_64 /tmp/lm-enclosure-validation/LM/LM/LMImportedAltitudeRate.swift (in target 'LM' from project 'LM')
    cd /tmp/lm-enclosure-validation/LM
    

SwiftCompile normal x86_64 /tmp/lm-enclosure-validation/LM/LM/LMImportedCrossPointer.swift (in target 'LM' from project 'LM')
    cd /tmp/lm-enclosure-validation/LM
    

SwiftCompile normal x86_64 /tmp/lm-enclosure-validation/LM/LM/LMImportedDescentControl.swift (in target 'LM' from project 'LM')
    cd /tmp/lm-enclosure-validation/LM
    

SwiftCompile normal x86_64 /tmp/lm-enclosure-validation/LM/LM/LMImportedDSKY.swift (in target 'LM' from project 'LM')
    cd /tmp/lm-enclosure-validation/LM
    

SwiftCompile normal x86_64 Compiling\ LMTerrainHeightField.swift,\ LMTerrainHeightMap.swift,\ LMTerrainLandingSurface.swift,\ LMTerrainManifest.swift,\ LMTerrainMeshBuilder.swift,\ LMTerrainWorld.swift /tmp/lm-enclosure-validation/LM/LM/LMTerrainHeightField.swift /tmp/lm-enclosure-validation/LM/LM/LMTerrainHeightMap.swift /tmp/lm-enclosure-validation/LM/LM/LMTerrainLandingSurface.swift /tmp/lm-enclosure-validation/LM/LM/LMTerrainManifest.swift /tmp/lm-enclosure-validation/LM/LM/LMTerrainMeshBuilder.swift /tmp/lm-enclosure-validation/LM/LM/LMTerrainWorld.swift (in target 'LM' from project 'LM')

SwiftCompile normal x86_64 /tmp/lm-enclosure-validation/LM/LM/LMTerrainHeightField.swift (in target 'LM' from project 'LM')
    cd /tmp/lm-enclosure-validation/LM
    

SwiftCompile normal x86_64 /tmp/lm-enclosure-validation/LM/LM/LMTerrainHeightMap.swift (in target 'LM' from project 'LM')
    cd /tmp/lm-enclosure-validation/LM
    

SwiftCompile normal x86_64 /tmp/lm-enclosure-validation/LM/LM/LMTerrainLandingSurface.swift (in target 'LM' from project 'LM')
    cd /tmp/lm-enclosure-validation/LM
    

SwiftCompile normal x86_64 /tmp/lm-enclosure-validation/LM/LM/LMTerrainManifest.swift (in target 'LM' from project 'LM')
    cd /tmp/lm-enclosure-validation/LM
    

SwiftCompile normal x86_64 /tmp/lm-enclosure-validation/LM/LM/LMTerrainMeshBuilder.swift (in target 'LM' from project 'LM')
    cd /tmp/lm-enclosure-validation/LM
    

SwiftCompile normal x86_64 /tmp/lm-enclosure-validation/LM/LM/LMTerrainWorld.swift (in target 'LM' from project 'LM')
    cd /tmp/lm-enclosure-validation/LM
    

SwiftDriverJobDiscovery normal arm64 Compiling LMCommanderStationScene.swift (in target 'LM' from project 'LM')

SwiftCompile normal x86_64 Compiling\ LunarExplorerLibrary.swift,\ LunarExplorerMapGeometry.swift,\ LunarExplorerPerformanceProbe.swift,\ LunarExplorerPinchGeometry.swift,\ LunarExplorerPlaceDetails.swift,\ LunarExplorerPlaceMarker.swift /tmp/lm-enclosure-validation/LM/LM/LunarExplorerLibrary.swift /tmp/lm-enclosure-validation/LM/LM/LunarExplorerMapGeometry.swift /tmp/lm-enclosure-validation/LM/LM/LunarExplorerPerformanceProbe.swift /tmp/lm-enclosure-validation/LM/LM/LunarExplorerPinchGeometry.swift /tmp/lm-enclosure-validation/LM/LM/LunarExplorerPlaceDetails.swift /tmp/lm-enclosure-validation/LM/LM/LunarExplorerPlaceMarker.swift (in target 'LM' from project 'LM')

SwiftCompile normal x86_64 /tmp/lm-enclosure-validation/LM/LM/LunarExplorerLibrary.swift (in target 'LM' from project 'LM')
    cd /tmp/lm-enclosure-validation/LM
    

SwiftCompile normal x86_64 /tmp/lm-enclosure-validation/LM/LM/LunarExplorerMapGeometry.swift (in target 'LM' from project 'LM')
    cd /tmp/lm-enclosure-validation/LM
    

SwiftCompile normal x86_64 /tmp/lm-enclosure-validation/LM/LM/LunarExplorerPerformanceProbe.swift (in target 'LM' from project 'LM')
    cd /tmp/lm-enclosure-validation/LM
    

SwiftCompile normal x86_64 /tmp/lm-enclosure-validation/LM/LM/LunarExplorerPinchGeometry.swift (in target 'LM' from project 'LM')
    cd /tmp/lm-enclosure-validation/LM
    

SwiftCompile normal x86_64 /tmp/lm-enclosure-validation/LM/LM/LunarExplorerPlaceDetails.swift (in target 'LM' from project 'LM')
    cd /tmp/lm-enclosure-validation/LM
    

SwiftCompile normal x86_64 /tmp/lm-enclosure-validation/LM/LM/LunarExplorerPlaceMarker.swift (in target 'LM' from project 'LM')
    cd /tmp/lm-enclosure-validation/LM
    

SwiftDriverJobDiscovery normal arm64 Compiling LunarExplorerView.swift (in target 'LM' from project 'LM')

SwiftDriverJobDiscovery normal x86_64 Compiling LMPhysicalDSKYPresentation.swift, LMProgressiveTerrain.swift, LMRCSJetMapping.swift, LMSpatialControlMapper.swift, LMTerrainDetailStreaming.swift, LMTerrainDetailTexture.swift (in target 'LM' from project 'LM')

SwiftDriver\ Compilation LM normal arm64 com.apple.xcode.tools.swift.compiler (in target 'LM' from project 'LM')
    cd /tmp/lm-enclosure-validation/LM
    builtin-Swift-Compilation -- /Applications/Xcode-26.6.0.app/Contents/Developer/Toolchains/XcodeDefault.xctoolchain/usr/bin/swiftc -module-name LM -Onone @/tmp/lm-enclosure-validation/build/DerivedData/Build/Intermediates.noindex/LM.build/Debug-xrsimulator/LM.build/Objects-normal/arm64/LM.SwiftFileList -DDEBUG -enable-bare-slash-regex -enable-experimental-feature DebugDescriptionMacro -sdk /Applications/Xcode-26.6.0.app/Contents/Developer/Platforms/XRSimulator.platform/Developer/SDKs/XRSimulator26.5.sdk -target arm64-apple-xros2.2-simulator -g -module-cache-path /tmp/lm-enclosure-validation/build/DerivedData/ModuleCache.noindex -Xfrontend -serialize-debugging-options -profile-coverage-mapping -profile-generate -enable-testing -index-store-path /tmp/lm-enclosure-validation/build/DerivedData/Index.noindex/DataStore -Xcc -D_LIBCPP_HARDENING_MODE\=_LIBCPP_HARDENING_MODE_DEBUG -swift-version 5 -I /tmp/lm-enclosure-validation/build/DerivedData/Build/Products/Debug-xrsimulator -F /tmp/lm-enclosure-validation/build/DerivedData/Build/Products/Debug-xrsimulator/PackageFrameworks -F /tmp/lm-enclosure-validation/build/DerivedData/Build/Products/Debug-xrsimulator/PackageFrameworks -F /tmp/lm-enclosure-validation/build/DerivedData/Build/Products/Debug-xrsimulator/PackageFrameworks -F /tmp/lm-enclosure-validation/build/DerivedData/Build/Products/Debug-xrsimulator/PackageFrameworks -F /tmp/lm-enclosure-validation/build/DerivedData/Build/Products/Debug-xrsimulator -emit-localized-strings -emit-localized-strings-path /tmp/lm-enclosure-validation/build/DerivedData/Build/Intermediates.noindex/LM.build/Debug-xrsimulator/LM.build/Objects-normal/arm64 -c -j18 -enable-batch-mode -incremental -Xcc -ivfsstatcache -Xcc /tmp/lm-enclosure-validation/build/DerivedData/SDKStatCaches.noindex/xrsimulator26.5-23O469-688ef53f1462e2c8f657fdc38a81448f05f5f2c4c85e58a13fa9f64b8b5e08f4.sdkstatcache -output-file-map /tmp/lm-enclosure-validation/build/DerivedData/Build/Intermediates.noindex/LM.build/Debug-xrsimulator/LM.build/Objects-normal/arm64/LM-OutputFileMap.json -use-frontend-parseable-output -save-temps -no-color-diagnostics -explicit-module-build -module-cache-path /tmp/lm-enclosure-validation/build/DerivedData/Build/Intermediates.noindex/SwiftExplicitPrecompiledModules -clang-scanner-module-cache-path /tmp/lm-enclosure-validation/build/DerivedData/ModuleCache.noindex -sdk-module-cache-path /tmp/lm-enclosure-validation/build/DerivedData/ModuleCache.noindex -serialize-diagnostics -emit-dependencies -emit-module -emit-module-path /tmp/lm-enclosure-validation/build/DerivedData/Build/Intermediates.noindex/LM.build/Debug-xrsimulator/LM.build/Objects-normal/arm64/LM.swiftmodule -validate-clang-modules-once -clang-build-session-file /tmp/lm-enclosure-validation/build/DerivedData/ModuleCache.noindex/Session.modulevalidation -Xcc -I/tmp/lm-enclosure-validation/build/DerivedData/Build/Intermediates.noindex/LM.build/Debug-xrsimulator/LM.build/swift-overrides.hmap -emit-const-values -Xfrontend -const-gather-protocols-file -Xfrontend /tmp/lm-enclosure-validation/build/DerivedData/Build/Intermediates.noindex/LM.build/Debug-xrsimulator/LM.build/Objects-normal/arm64/LM_const_extract_protocols.json -Xcc -iquote -Xcc /tmp/lm-enclosure-validation/build/DerivedData/Build/Intermediates.noindex/LM.build/Debug-xrsimulator/LM.build/LM-generated-files.hmap -Xcc -I/tmp/lm-enclosure-validation/build/DerivedData/Build/Intermediates.noindex/LM.build/Debug-xrsimulator/LM.build/LM-own-target-headers.hmap -Xcc -I/tmp/lm-enclosure-validation/build/DerivedData/Build/Intermediates.noindex/LM.build/Debug-xrsimulator/LM.build/LM-all-non-framework-target-headers.hmap -Xcc -ivfsoverlay -Xcc /tmp/lm-enclosure-validation/build/DerivedData/Build/Intermediates.noindex/LM.build/Debug-xrsimulator/LM-297c03f1a75ed8e528c0c1b078689731-VFS-xrsimulator/all-product-headers.yaml -Xcc -iquote -Xcc /tmp/lm-enclosure-validation/build/DerivedData/Build/Intermediates.noindex/LM.build/Debug-xrsimulator/LM.build/LM-project-headers.hmap -Xcc -I/tmp/lm-enclosure-validation/build/DerivedData/Build/Products/Debug-xrsimulator/include -Xcc -I/tmp/lm-enclosure-validation/build/DerivedData/Build/Intermediates.noindex/LM.build/Debug-xrsimulator/LM.build/DerivedSources-normal/arm64 -Xcc -I/tmp/lm-enclosure-validation/build/DerivedData/Build/Intermediates.noindex/LM.build/Debug-xrsimulator/LM.build/DerivedSources/arm64 -Xcc -I/tmp/lm-enclosure-validation/build/DerivedData/Build/Intermediates.noindex/LM.build/Debug-xrsimulator/LM.build/DerivedSources -Xcc -DDEBUG\=1 -emit-objc-header -emit-objc-header-path /tmp/lm-enclosure-validation/build/DerivedData/Build/Intermediates.noindex/LM.build/Debug-xrsimulator/LM.build/Objects-normal/arm64/LM-Swift.h -working-directory /tmp/lm-enclosure-validation/LM -experimental-emit-module-separately -disable-cmo

SwiftCompile normal x86_64 Compiling\ LMWorldMapper.swift,\ LunarExplorerBrowser.swift,\ LunarExplorerButton.swift,\ LunarExplorerCamera.swift,\ LunarExplorerExperienceProbe.swift,\ LunarExplorerHeightFieldPicker.swift /tmp/lm-enclosure-validation/LM/LM/LMWorldMapper.swift /tmp/lm-enclosure-validation/LM/LM/LunarExplorerBrowser.swift /tmp/lm-enclosure-validation/LM/LM/LunarExplorerButton.swift /tmp/lm-enclosure-validation/LM/LM/LunarExplorerCamera.swift /tmp/lm-enclosure-validation/LM/LM/LunarExplorerExperienceProbe.swift /tmp/lm-enclosure-validation/LM/LM/LunarExplorerHeightFieldPicker.swift (in target 'LM' from project 'LM')
SwiftCompile normal x86_64 /tmp/lm-enclosure-validation/LM/LM/LMWorldMapper.swift (in target 'LM' from project 'LM')
    cd /tmp/lm-enclosure-validation/LM
    

SwiftCompile normal x86_64 /tmp/lm-enclosure-validation/LM/LM/LunarExplorerBrowser.swift (in target 'LM' from project 'LM')
    cd /tmp/lm-enclosure-validation/LM
    

SwiftCompile normal x86_64 /tmp/lm-enclosure-validation/LM/LM/LunarExplorerButton.swift (in target 'LM' from project 'LM')
    cd /tmp/lm-enclosure-validation/LM
    

SwiftCompile normal x86_64 /tmp/lm-enclosure-validation/LM/LM/LunarExplorerCamera.swift (in target 'LM' from project 'LM')
    cd /tmp/lm-enclosure-validation/LM
    

SwiftCompile normal x86_64 /tmp/lm-enclosure-validation/LM/LM/LunarExplorerExperienceProbe.swift (in target 'LM' from project 'LM')
    cd /tmp/lm-enclosure-validation/LM
    

SwiftCompile normal x86_64 /tmp/lm-enclosure-validation/LM/LM/LunarExplorerHeightFieldPicker.swift (in target 'LM' from project 'LM')
    cd /tmp/lm-enclosure-validation/LM
    

SwiftDriverJobDiscovery normal x86_64 Emitting module for LM (in target 'LM' from project 'LM')

SwiftDriver\ Compilation\ Requirements LM normal x86_64 com.apple.xcode.tools.swift.compiler (in target 'LM' from project 'LM')
    cd /tmp/lm-enclosure-validation/LM
    builtin-Swift-Compilation-Requirements -- /Applications/Xcode-26.6.0.app/Contents/Developer/Toolchains/XcodeDefault.xctoolchain/usr/bin/swiftc -module-name LM -Onone @/tmp/lm-enclosure-validation/build/DerivedData/Build/Intermediates.noindex/LM.build/Debug-xrsimulator/LM.build/Objects-normal/x86_64/LM.SwiftFileList -DDEBUG -enable-bare-slash-regex -enable-experimental-feature DebugDescriptionMacro -sdk /Applications/Xcode-26.6.0.app/Contents/Developer/Platforms/XRSimulator.platform/Developer/SDKs/XRSimulator26.5.sdk -target x86_64-apple-xros2.2-simulator -g -module-cache-path /tmp/lm-enclosure-validation/build/DerivedData/ModuleCache.noindex -Xfrontend -serialize-debugging-options -profile-coverage-mapping -profile-generate -enable-testing -index-store-path /tmp/lm-enclosure-validation/build/DerivedData/Index.noindex/DataStore -Xcc -D_LIBCPP_HARDENING_MODE\=_LIBCPP_HARDENING_MODE_DEBUG -swift-version 5 -I /tmp/lm-enclosure-validation/build/DerivedData/Build/Products/Debug-xrsimulator -F /tmp/lm-enclosure-validation/build/DerivedData/Build/Products/Debug-xrsimulator/PackageFrameworks -F /tmp/lm-enclosure-validation/build/DerivedData/Build/Products/Debug-xrsimulator/PackageFrameworks -F /tmp/lm-enclosure-validation/build/DerivedData/Build/Products/Debug-xrsimulator/PackageFrameworks -F /tmp/lm-enclosure-validation/build/DerivedData/Build/Products/Debug-xrsimulator/PackageFrameworks -F /tmp/lm-enclosure-validation/build/DerivedData/Build/Products/Debug-xrsimulator -emit-localized-strings -emit-localized-strings-path /tmp/lm-enclosure-validation/build/DerivedData/Build/Intermediates.noindex/LM.build/Debug-xrsimulator/LM.build/Objects-normal/x86_64 -c -j18 -enable-batch-mode -incremental -Xcc -ivfsstatcache -Xcc /tmp/lm-enclosure-validation/build/DerivedData/SDKStatCaches.noindex/xrsimulator26.5-23O469-688ef53f1462e2c8f657fdc38a81448f05f5f2c4c85e58a13fa9f64b8b5e08f4.sdkstatcache -output-file-map /tmp/lm-enclosure-validation/build/DerivedData/Build/Intermediates.noindex/LM.build/Debug-xrsimulator/LM.build/Objects-normal/x86_64/LM-OutputFileMap.json -use-frontend-parseable-output -save-temps -no-color-diagnostics -explicit-module-build -module-cache-path /tmp/lm-enclosure-validation/build/DerivedData/Build/Intermediates.noindex/SwiftExplicitPrecompiledModules -clang-scanner-module-cache-path /tmp/lm-enclosure-validation/build/DerivedData/ModuleCache.noindex -sdk-module-cache-path /tmp/lm-enclosure-validation/build/DerivedData/ModuleCache.noindex -serialize-diagnostics -emit-dependencies -emit-module -emit-module-path /tmp/lm-enclosure-validation/build/DerivedData/Build/Intermediates.noindex/LM.build/Debug-xrsimulator/LM.build/Objects-normal/x86_64/LM.swiftmodule -validate-clang-modules-once -clang-build-session-file /tmp/lm-enclosure-validation/build/DerivedData/ModuleCache.noindex/Session.modulevalidation -Xcc -I/tmp/lm-enclosure-validation/build/DerivedData/Build/Intermediates.noindex/LM.build/Debug-xrsimulator/LM.build/swift-overrides.hmap -emit-const-values -Xfrontend -const-gather-protocols-file -Xfrontend /tmp/lm-enclosure-validation/build/DerivedData/Build/Intermediates.noindex/LM.build/Debug-xrsimulator/LM.build/Objects-normal/x86_64/LM_const_extract_protocols.json -Xcc -iquote -Xcc /tmp/lm-enclosure-validation/build/DerivedData/Build/Intermediates.noindex/LM.build/Debug-xrsimulator/LM.build/LM-generated-files.hmap -Xcc -I/tmp/lm-enclosure-validation/build/DerivedData/Build/Intermediates.noindex/LM.build/Debug-xrsimulator/LM.build/LM-own-target-headers.hmap -Xcc -I/tmp/lm-enclosure-validation/build/DerivedData/Build/Intermediates.noindex/LM.build/Debug-xrsimulator/LM.build/LM-all-non-framework-target-headers.hmap -Xcc -ivfsoverlay -Xcc /tmp/lm-enclosure-validation/build/DerivedData/Build/Intermediates.noindex/LM.build/Debug-xrsimulator/LM-297c03f1a75ed8e528c0c1b078689731-VFS-xrsimulator/all-product-headers.yaml -Xcc -iquote -Xcc /tmp/lm-enclosure-validation/build/DerivedData/Build/Intermediates.noindex/LM.build/Debug-xrsimulator/LM.build/LM-project-headers.hmap -Xcc -I/tmp/lm-enclosure-validation/build/DerivedData/Build/Products/Debug-xrsimulator/include -Xcc -I/tmp/lm-enclosure-validation/build/DerivedData/Build/Intermediates.noindex/LM.build/Debug-xrsimulator/LM.build/DerivedSources-normal/x86_64 -Xcc -I/tmp/lm-enclosure-validation/build/DerivedData/Build/Intermediates.noindex/LM.build/Debug-xrsimulator/LM.build/DerivedSources/x86_64 -Xcc -I/tmp/lm-enclosure-validation/build/DerivedData/Build/Intermediates.noindex/LM.build/Debug-xrsimulator/LM.build/DerivedSources -Xcc -DDEBUG\=1 -emit-objc-header -emit-objc-header-path /tmp/lm-enclosure-validation/build/DerivedData/Build/Intermediates.noindex/LM.build/Debug-xrsimulator/LM.build/Objects-normal/x86_64/LM-Swift.h -working-directory /tmp/lm-enclosure-validation/LM -experimental-emit-module-separately -disable-cmo

SwiftMergeGeneratedHeaders /tmp/lm-enclosure-validation/build/DerivedData/Build/Intermediates.noindex/LM.build/Debug-xrsimulator/LM.build/DerivedSources/LM-Swift.h /tmp/lm-enclosure-validation/build/DerivedData/Build/Intermediates.noindex/LM.build/Debug-xrsimulator/LM.build/Objects-normal/arm64/LM-Swift.h /tmp/lm-enclosure-validation/build/DerivedData/Build/Intermediates.noindex/LM.build/Debug-xrsimulator/LM.build/Objects-normal/x86_64/LM-Swift.h (in target 'LM' from project 'LM')
    cd /tmp/lm-enclosure-validation/LM
    builtin-swiftHeaderTool -arch arm64 /tmp/lm-enclosure-validation/build/DerivedData/Build/Intermediates.noindex/LM.build/Debug-xrsimulator/LM.build/Objects-normal/arm64/LM-Swift.h -arch x86_64 /tmp/lm-enclosure-validation/build/DerivedData/Build/Intermediates.noindex/LM.build/Debug-xrsimulator/LM.build/Objects-normal/x86_64/LM-Swift.h -o /tmp/lm-enclosure-validation/build/DerivedData/Build/Intermediates.noindex/LM.build/Debug-xrsimulator/LM.build/DerivedSources/LM-Swift.h

Copy /tmp/lm-enclosure-validation/build/DerivedData/Build/Products/Debug-xrsimulator/LM.swiftmodule/x86_64-apple-xros-simulator.swiftmodule /tmp/lm-enclosure-validation/build/DerivedData/Build/Intermediates.noindex/LM.build/Debug-xrsimulator/LM.build/Objects-normal/x86_64/LM.swiftmodule (in target 'LM' from project 'LM')
    cd /tmp/lm-enclosure-validation/LM
    builtin-copy -exclude .DS_Store -exclude CVS -exclude .svn -exclude .git -exclude .hg -resolve-src-symlinks -rename /tmp/lm-enclosure-validation/build/DerivedData/Build/Intermediates.noindex/LM.build/Debug-xrsimulator/LM.build/Objects-normal/x86_64/LM.swiftmodule /tmp/lm-enclosure-validation/build/DerivedData/Build/Products/Debug-xrsimulator/LM.swiftmodule/x86_64-apple-xros-simulator.swiftmodule

Copy /tmp/lm-enclosure-validation/build/DerivedData/Build/Products/Debug-xrsimulator/LM.swiftmodule/x86_64-apple-xros-simulator.swiftdoc /tmp/lm-enclosure-validation/build/DerivedData/Build/Intermediates.noindex/LM.build/Debug-xrsimulator/LM.build/Objects-normal/x86_64/LM.swiftdoc (in target 'LM' from project 'LM')
    cd /tmp/lm-enclosure-validation/LM
    builtin-copy -exclude .DS_Store -exclude CVS -exclude .svn -exclude .git -exclude .hg -resolve-src-symlinks -rename /tmp/lm-enclosure-validation/build/DerivedData/Build/Intermediates.noindex/LM.build/Debug-xrsimulator/LM.build/Objects-normal/x86_64/LM.swiftdoc /tmp/lm-enclosure-validation/build/DerivedData/Build/Products/Debug-xrsimulator/LM.swiftmodule/x86_64-apple-xros-simulator.swiftdoc

Copy /tmp/lm-enclosure-validation/build/DerivedData/Build/Products/Debug-xrsimulator/LM.swiftmodule/x86_64-apple-xros-simulator.abi.json /tmp/lm-enclosure-validation/build/DerivedData/Build/Intermediates.noindex/LM.build/Debug-xrsimulator/LM.build/Objects-normal/x86_64/LM.abi.json (in target 'LM' from project 'LM')
    cd /tmp/lm-enclosure-validation/LM
    builtin-copy -exclude .DS_Store -exclude CVS -exclude .svn -exclude .git -exclude .hg -resolve-src-symlinks -rename /tmp/lm-enclosure-validation/build/DerivedData/Build/Intermediates.noindex/LM.build/Debug-xrsimulator/LM.build/Objects-normal/x86_64/LM.abi.json /tmp/lm-enclosure-validation/build/DerivedData/Build/Products/Debug-xrsimulator/LM.swiftmodule/x86_64-apple-xros-simulator.abi.json

Copy /tmp/lm-enclosure-validation/build/DerivedData/Build/Products/Debug-xrsimulator/LM.swiftmodule/Project/x86_64-apple-xros-simulator.swiftsourceinfo /tmp/lm-enclosure-validation/build/DerivedData/Build/Intermediates.noindex/LM.build/Debug-xrsimulator/LM.build/Objects-normal/x86_64/LM.swiftsourceinfo (in target 'LM' from project 'LM')
    cd /tmp/lm-enclosure-validation/LM
    builtin-copy -exclude .DS_Store -exclude CVS -exclude .svn -exclude .git -exclude .hg -resolve-src-symlinks -rename /tmp/lm-enclosure-validation/build/DerivedData/Build/Intermediates.noindex/LM.build/Debug-xrsimulator/LM.build/Objects-normal/x86_64/LM.swiftsourceinfo /tmp/lm-enclosure-validation/build/DerivedData/Build/Products/Debug-xrsimulator/LM.swiftmodule/Project/x86_64-apple-xros-simulator.swiftsourceinfo

Ld /tmp/lm-enclosure-validation/build/DerivedData/Build/Intermediates.noindex/LM.build/Debug-xrsimulator/LM.build/Objects-normal/arm64/Binary/LM.debug.dylib normal arm64 (in target 'LM' from project 'LM')
    cd /tmp/lm-enclosure-validation/LM
    /Applications/Xcode-26.6.0.app/Contents/Developer/Toolchains/XcodeDefault.xctoolchain/usr/bin/clang -Xlinker -reproducible -target arm64-apple-xros2.2-simulator -dynamiclib -isysroot /Applications/Xcode-26.6.0.app/Contents/Developer/Platforms/XRSimulator.platform/Developer/SDKs/XRSimulator26.5.sdk -O0 -L/tmp/lm-enclosure-validation/build/DerivedData/Build/Intermediates.noindex/EagerLinkingTBDs/Debug-xrsimulator -L/tmp/lm-enclosure-validation/build/DerivedData/Build/Products/Debug-xrsimulator -F/tmp/lm-enclosure-validation/build/DerivedData/Build/Intermediates.noindex/EagerLinkingTBDs/Debug-xrsimulator -F/tmp/lm-enclosure-validation/build/DerivedData/Build/Products/Debug-xrsimulator/PackageFrameworks -F/tmp/lm-enclosure-validation/build/DerivedData/Build/Products/Debug-xrsimulator/PackageFrameworks -F/tmp/lm-enclosure-validation/build/DerivedData/Build/Products/Debug-xrsimulator/PackageFrameworks -F/tmp/lm-enclosure-validation/build/DerivedData/Build/Products/Debug-xrsimulator/PackageFrameworks -F/tmp/lm-enclosure-validation/build/DerivedData/Build/Products/Debug-xrsimulator -filelist /tmp/lm-enclosure-validation/build/DerivedData/Build/Intermediates.noindex/LM.build/Debug-xrsimulator/LM.build/Objects-normal/arm64/LM.LinkFileList -install_name @rpath/LM.debug.dylib -Xlinker -rpath -Xlinker /usr/lib/swift -Xlinker -rpath -Xlinker /tmp/lm-enclosure-validation/build/DerivedData/Build/Products/Debug-xrsimulator/PackageFrameworks -Xlinker -rpath -Xlinker @executable_path/Frameworks -Xlinker -dead_strip -Xlinker -object_path_lto -Xlinker /tmp/lm-enclosure-validation/build/DerivedData/Build/Intermediates.noindex/LM.build/Debug-xrsimulator/LM.build/Objects-normal/arm64/LM_lto.o -rdynamic -Xlinker -no_deduplicate -Xlinker -objc_abi_version -Xlinker 2 -Xlinker -debug_variant -Xlinker -dependency_info -Xlinker /tmp/lm-enclosure-validation/build/DerivedData/Build/Intermediates.noindex/LM.build/Debug-xrsimulator/LM.build/Objects-normal/arm64/LM_dependency_info.dat -fobjc-link-runtime -fprofile-instr-generate -L/Applications/Xcode-26.6.0.app/Contents/Developer/Toolchains/XcodeDefault.xctoolchain/usr/lib/swift/xrsimulator -L/usr/lib/swift -Xlinker -add_ast_path -Xlinker /tmp/lm-enclosure-validation/build/DerivedData/Build/Intermediates.noindex/LM.build/Debug-xrsimulator/LM.build/Objects-normal/arm64/LM.swiftmodule @/tmp/lm-enclosure-validation/build/DerivedData/Build/Intermediates.noindex/LM.build/Debug-xrsimulator/LM.build/Objects-normal/arm64/LM-linker-args.resp -Wl,-no_warn_duplicate_libraries -Wl,-no_warn_duplicate_libraries -Wl,-no_warn_duplicate_libraries -Wl,-no_warn_duplicate_libraries -Xlinker -alias -Xlinker _main -Xlinker ___debug_main_executable_dylib_entry_point -Xlinker -no_adhoc_codesign -o /tmp/lm-enclosure-validation/build/DerivedData/Build/Intermediates.noindex/LM.build/Debug-xrsimulator/LM.build/Objects-normal/arm64/Binary/LM.debug.dylib -Xlinker -add_ast_path -Xlinker /tmp/lm-enclosure-validation/build/DerivedData/Build/Intermediates.noindex/RealityKitContent.build/Debug-xrsimulator/RealityKitContent.build/Objects-normal/arm64/RealityKitContent.swiftmodule @/tmp/lm-enclosure-validation/build/DerivedData/Build/Intermediates.noindex/RealityKitContent.build/Debug-xrsimulator/RealityKitContent.build/Objects-normal/arm64/RealityKitContent-linker-args.resp -Xlinker -add_ast_path -Xlinker /tmp/lm-enclosure-validation/build/DerivedData/Build/Intermediates.noindex/AGC.build/Debug-xrsimulator/AGC.build/Objects-normal/arm64/AGC.swiftmodule @/tmp/lm-enclosure-validation/build/DerivedData/Build/Intermediates.noindex/AGC.build/Debug-xrsimulator/AGC.build/Objects-normal/arm64/AGC-linker-args.resp -Xlinker -add_ast_path -Xlinker /tmp/lm-enclosure-validation/build/DerivedData/Build/Intermediates.noindex/AGC.build/Debug-xrsimulator/LMCore.build/Objects-normal/arm64/LMCore.swiftmodule @/tmp/lm-enclosure-validation/build/DerivedData/Build/Intermediates.noindex/AGC.build/Debug-xrsimulator/LMCore.build/Objects-normal/arm64/LMCore-linker-args.resp -Xlinker -add_ast_path -Xlinker /tmp/lm-enclosure-validation/build/DerivedData/Build/Intermediates.noindex/LMKit.build/Debug-xrsimulator/LMKit.build/Objects-normal/arm64/LMKit.swiftmodule @/tmp/lm-enclosure-validation/build/DerivedData/Build/Intermediates.noindex/LMKit.build/Debug-xrsimulator/LMKit.build/Objects-normal/arm64/LMKit-linker-args.resp

SwiftDriverJobDiscovery normal x86_64 Compiling LMEventTimerState.swift, LMImportedACA.swift, LMImportedAltitudeRate.swift, LMImportedCrossPointer.swift, LMImportedDescentControl.swift, LMImportedDSKY.swift (in target 'LM' from project 'LM')

SwiftDriverJobDiscovery normal x86_64 Compiling LMImportedFDAI.swift, LMImportedSystemsHardware.swift, LMImportedTimers.swift, LMInstrumentInteraction.swift, LMInstrumentValidation.swift, LMLandingInstrumentReadings.swift (in target 'LM' from project 'LM')

SwiftDriverJobDiscovery normal x86_64 Compiling LMLunarElevationStore.swift, LMLunarEphemeris.swift, LMLunarFloatingOrigin.swift, LMLunarLandingRehearsal.swift, LMLunarNavigation.swift, LMLunarRockField.swift (in target 'LM' from project 'LM')

SwiftDriverJobDiscovery normal x86_64 Compiling LMLandingPointDesignator.swift, LMLunarAnchoredPlacement.swift, LMLunarCraterCatalog.swift, LMLunarElevationCatalog.swift, LMLunarElevationGrid.swift, LMLunarElevationPreview.swift (in target 'LM' from project 'LM')

SwiftDriverJobDiscovery normal x86_64 Compiling LMCockpitPresentationPolicy.swift, LMCockpitShadowFit.swift, LMCockpitSlotOccupancy.swift, LMCockpitStaticOverlay.swift, LMCockpitValidationRecorder.swift, LMCockpitWorldMapper.swift, LMCommanderStationAssembly.swift (in target 'LM' from project 'LM')

SwiftDriverJobDiscovery normal x86_64 Compiling LMTerrainHeightField.swift, LMTerrainHeightMap.swift, LMTerrainLandingSurface.swift, LMTerrainManifest.swift, LMTerrainMeshBuilder.swift, LMTerrainWorld.swift (in target 'LM' from project 'LM')

ConstructStubExecutorLinkFileList /tmp/lm-enclosure-validation/build/DerivedData/Build/Intermediates.noindex/LM.build/Debug-xrsimulator/LM.build/LM-ExecutorLinkFileList-normal-arm64.txt (in target 'LM' from project 'LM')
    cd /tmp/lm-enclosure-validation/LM
    construct-stub-executor-link-file-list /tmp/lm-enclosure-validation/build/DerivedData/Build/Intermediates.noindex/LM.build/Debug-xrsimulator/LM.build/Objects-normal/arm64/Binary/LM.debug.dylib /Applications/Xcode-26.6.0.app/Contents/Developer/Platforms/XRSimulator.platform/Developer/usr/lib/libPreviewsJITStubExecutor_no_swift_entry_point.a /Applications/Xcode-26.6.0.app/Contents/Developer/Platforms/XRSimulator.platform/Developer/usr/lib/libPreviewsJITStubExecutor.a --output /tmp/lm-enclosure-validation/build/DerivedData/Build/Intermediates.noindex/LM.build/Debug-xrsimulator/LM.build/LM-ExecutorLinkFileList-normal-arm64.txt
note: Using stub executor library with Swift entry point. (in target 'LM' from project 'LM')

SwiftDriverJobDiscovery normal x86_64 Compiling DSKYPanel.swift, FDAIPanel.swift, FDAITexturePreviewView.swift, ImmersiveView.swift, LMACAInput.swift, LMACAValidation.swift, LMApp.swift (in target 'LM' from project 'LM')

Ld /tmp/lm-enclosure-validation/build/DerivedData/Build/Intermediates.noindex/LM.build/Debug-xrsimulator/LM.build/Objects-normal/arm64/Binary/LM normal arm64 (in target 'LM' from project 'LM')
    cd /tmp/lm-enclosure-validation/LM
    /Applications/Xcode-26.6.0.app/Contents/Developer/Toolchains/XcodeDefault.xctoolchain/usr/bin/clang -Xlinker -reproducible -target arm64-apple-xros2.2-simulator -isysroot /Applications/Xcode-26.6.0.app/Contents/Developer/Platforms/XRSimulator.platform/Developer/SDKs/XRSimulator26.5.sdk -O0 -L/tmp/lm-enclosure-validation/build/DerivedData/Build/Products/Debug-xrsimulator -F/tmp/lm-enclosure-validation/build/DerivedData/Build/Products/Debug-xrsimulator/PackageFrameworks -F/tmp/lm-enclosure-validation/build/DerivedData/Build/Products/Debug-xrsimulator/PackageFrameworks -F/tmp/lm-enclosure-validation/build/DerivedData/Build/Products/Debug-xrsimulator/PackageFrameworks -F/tmp/lm-enclosure-validation/build/DerivedData/Build/Products/Debug-xrsimulator/PackageFrameworks -F/tmp/lm-enclosure-validation/build/DerivedData/Build/Products/Debug-xrsimulator -Xlinker -rpath -Xlinker @executable_path -Xlinker -rpath -Xlinker /tmp/lm-enclosure-validation/build/DerivedData/Build/Products/Debug-xrsimulator/PackageFrameworks -Xlinker -rpath -Xlinker @executable_path/Frameworks -rdynamic -Xlinker -no_deduplicate -Xlinker -objc_abi_version -Xlinker 2 -Xlinker -debug_variant -e ___debug_blank_executor_main -Xlinker -sectcreate -Xlinker __TEXT -Xlinker __debug_dylib -Xlinker /tmp/lm-enclosure-validation/build/DerivedData/Build/Intermediates.noindex/LM.build/Debug-xrsimulator/LM.build/LM-DebugDylibPath-normal-arm64.txt -Xlinker -sectcreate -Xlinker __TEXT -Xlinker __debug_instlnm -Xlinker /tmp/lm-enclosure-validation/build/DerivedData/Build/Intermediates.noindex/LM.build/Debug-xrsimulator/LM.build/LM-DebugDylibInstallName-normal-arm64.txt -Xlinker -filelist -Xlinker /tmp/lm-enclosure-validation/build/DerivedData/Build/Intermediates.noindex/LM.build/Debug-xrsimulator/LM.build/LM-ExecutorLinkFileList-normal-arm64.txt -Xlinker -sectcreate -Xlinker __TEXT -Xlinker __entitlements -Xlinker /tmp/lm-enclosure-validation/build/DerivedData/Build/Intermediates.noindex/LM.build/Debug-xrsimulator/LM.build/LM.app-Simulated.xcent -Xlinker -sectcreate -Xlinker __TEXT -Xlinker __ents_der -Xlinker /tmp/lm-enclosure-validation/build/DerivedData/Build/Intermediates.noindex/LM.build/Debug-xrsimulator/LM.build/LM.app-Simulated.xcent.der /tmp/lm-enclosure-validation/build/DerivedData/Build/Intermediates.noindex/LM.build/Debug-xrsimulator/LM.build/Objects-normal/arm64/Binary/LM.debug.dylib -Xlinker -no_adhoc_codesign -o /tmp/lm-enclosure-validation/build/DerivedData/Build/Intermediates.noindex/LM.build/Debug-xrsimulator/LM.build/Objects-normal/arm64/Binary/LM

SwiftDriverJobDiscovery normal x86_64 Compiling LMCockpitAssetContract.swift, LMCockpitAudioController.swift, LMCockpitComponentSupport.swift, LMCockpitConsoleEnclosure.swift, LMCockpitExperienceDirector.swift, LMCockpitImmersionPolicy.swift, LMCockpitMaterialPolicy.swift (in target 'LM' from project 'LM')

SwiftDriverJobDiscovery normal x86_64 Compiling LMLunarTerrainMeshSnapshot.swift, LMLunarTerrainMorph.swift, LMLunarTerrainMorphRenderer.swift, LMLunarTerrainPresentation.swift, LMLunarTerrainRegion.swift, LMLunarTerrainResolver.swift (in target 'LM' from project 'LM')

SwiftDriverJobDiscovery normal x86_64 Compiling MoonCoordinateConverter.swift, MoonScene.swift, NewGameButton.swift, PoweredDescentImmersiveView.swift, PoweredDescentSession.swift, PoweredDescentSpaceButton.swift (in target 'LM' from project 'LM')

SwiftDriverJobDiscovery normal x86_64 Compiling LunarExplorerLibrary.swift, LunarExplorerMapGeometry.swift, LunarExplorerPerformanceProbe.swift, LunarExplorerPinchGeometry.swift, LunarExplorerPlaceDetails.swift, LunarExplorerPlaceMarker.swift (in target 'LM' from project 'LM')

SwiftDriverJobDiscovery normal x86_64 Compiling LMCommanderStationAssemblyObserver.swift, LMCommanderStationGeometry.swift, LMCommanderStationScene.swift, LMCoreMLTerrainDetailGenerator.swift, LMDSKYGeometry.swift, LMDSKYInputQueue.swift, LMEventTimerControlRouting.swift (in target 'LM' from project 'LM')

SwiftDriverJobDiscovery normal x86_64 Compiling LMLunarGlobeImagery.swift, LMLunarGlobeResource.swift, LMLunarImageryPyramid.swift, LMLunarImageryTileStore.swift, Apollo11TerrainResource.swift, CrewControlPanel.swift, DescentRangeStrip.swift (in target 'LM' from project 'LM')

SwiftDriverJobDiscovery normal x86_64 Compiling PoweredDescentView.swift, TerminalDescentCockpitView.swift, LMLunarCockpitTerrain.swift, LMTerrainSimulationGate.swift, LunarTerrainSR.swift, GeneratedAssetSymbols.swift (in target 'LM' from project 'LM')

SwiftDriverJobDiscovery normal x86_64 Compiling LunarExplorerView.swift, LunarLanderSimulationView.swift, LunarModuleModel.swift, LunarPadEntity.swift, MainMenuView.swift, MainMenuViewModel.swift (in target 'LM' from project 'LM')

SwiftDriverJobDiscovery normal x86_64 Compiling LunarExplorerPlacementPanel.swift, LunarExplorerPortalGeometry.swift, LunarExplorerScene.swift, LunarExplorerSceneSnapshot.swift, LunarExplorerSession.swift, LunarExplorerSitePack.swift (in target 'LM' from project 'LM')

SwiftDriverJobDiscovery normal x86_64 Compiling LMWorldMapper.swift, LunarExplorerBrowser.swift, LunarExplorerButton.swift, LunarExplorerCamera.swift, LunarExplorerExperienceProbe.swift, LunarExplorerHeightFieldPicker.swift (in target 'LM' from project 'LM')

SwiftDriver\ Compilation LM normal x86_64 com.apple.xcode.tools.swift.compiler (in target 'LM' from project 'LM')
    cd /tmp/lm-enclosure-validation/LM
    builtin-Swift-Compilation -- /Applications/Xcode-26.6.0.app/Contents/Developer/Toolchains/XcodeDefault.xctoolchain/usr/bin/swiftc -module-name LM -Onone @/tmp/lm-enclosure-validation/build/DerivedData/Build/Intermediates.noindex/LM.build/Debug-xrsimulator/LM.build/Objects-normal/x86_64/LM.SwiftFileList -DDEBUG -enable-bare-slash-regex -enable-experimental-feature DebugDescriptionMacro -sdk /Applications/Xcode-26.6.0.app/Contents/Developer/Platforms/XRSimulator.platform/Developer/SDKs/XRSimulator26.5.sdk -target x86_64-apple-xros2.2-simulator -g -module-cache-path /tmp/lm-enclosure-validation/build/DerivedData/ModuleCache.noindex -Xfrontend -serialize-debugging-options -profile-coverage-mapping -profile-generate -enable-testing -index-store-path /tmp/lm-enclosure-validation/build/DerivedData/Index.noindex/DataStore -Xcc -D_LIBCPP_HARDENING_MODE\=_LIBCPP_HARDENING_MODE_DEBUG -swift-version 5 -I /tmp/lm-enclosure-validation/build/DerivedData/Build/Products/Debug-xrsimulator -F /tmp/lm-enclosure-validation/build/DerivedData/Build/Products/Debug-xrsimulator/PackageFrameworks -F /tmp/lm-enclosure-validation/build/DerivedData/Build/Products/Debug-xrsimulator/PackageFrameworks -F /tmp/lm-enclosure-validation/build/DerivedData/Build/Products/Debug-xrsimulator/PackageFrameworks -F /tmp/lm-enclosure-validation/build/DerivedData/Build/Products/Debug-xrsimulator/PackageFrameworks -F /tmp/lm-enclosure-validation/build/DerivedData/Build/Products/Debug-xrsimulator -emit-localized-strings -emit-localized-strings-path /tmp/lm-enclosure-validation/build/DerivedData/Build/Intermediates.noindex/LM.build/Debug-xrsimulator/LM.build/Objects-normal/x86_64 -c -j18 -enable-batch-mode -incremental -Xcc -ivfsstatcache -Xcc /tmp/lm-enclosure-validation/build/DerivedData/SDKStatCaches.noindex/xrsimulator26.5-23O469-688ef53f1462e2c8f657fdc38a81448f05f5f2c4c85e58a13fa9f64b8b5e08f4.sdkstatcache -output-file-map /tmp/lm-enclosure-validation/build/DerivedData/Build/Intermediates.noindex/LM.build/Debug-xrsimulator/LM.build/Objects-normal/x86_64/LM-OutputFileMap.json -use-frontend-parseable-output -save-temps -no-color-diagnostics -explicit-module-build -module-cache-path /tmp/lm-enclosure-validation/build/DerivedData/Build/Intermediates.noindex/SwiftExplicitPrecompiledModules -clang-scanner-module-cache-path /tmp/lm-enclosure-validation/build/DerivedData/ModuleCache.noindex -sdk-module-cache-path /tmp/lm-enclosure-validation/build/DerivedData/ModuleCache.noindex -serialize-diagnostics -emit-dependencies -emit-module -emit-module-path /tmp/lm-enclosure-validation/build/DerivedData/Build/Intermediates.noindex/LM.build/Debug-xrsimulator/LM.build/Objects-normal/x86_64/LM.swiftmodule -validate-clang-modules-once -clang-build-session-file /tmp/lm-enclosure-validation/build/DerivedData/ModuleCache.noindex/Session.modulevalidation -Xcc -I/tmp/lm-enclosure-validation/build/DerivedData/Build/Intermediates.noindex/LM.build/Debug-xrsimulator/LM.build/swift-overrides.hmap -emit-const-values -Xfrontend -const-gather-protocols-file -Xfrontend /tmp/lm-enclosure-validation/build/DerivedData/Build/Intermediates.noindex/LM.build/Debug-xrsimulator/LM.build/Objects-normal/x86_64/LM_const_extract_protocols.json -Xcc -iquote -Xcc /tmp/lm-enclosure-validation/build/DerivedData/Build/Intermediates.noindex/LM.build/Debug-xrsimulator/LM.build/LM-generated-files.hmap -Xcc -I/tmp/lm-enclosure-validation/build/DerivedData/Build/Intermediates.noindex/LM.build/Debug-xrsimulator/LM.build/LM-own-target-headers.hmap -Xcc -I/tmp/lm-enclosure-validation/build/DerivedData/Build/Intermediates.noindex/LM.build/Debug-xrsimulator/LM.build/LM-all-non-framework-target-headers.hmap -Xcc -ivfsoverlay -Xcc /tmp/lm-enclosure-validation/build/DerivedData/Build/Intermediates.noindex/LM.build/Debug-xrsimulator/LM-297c03f1a75ed8e528c0c1b078689731-VFS-xrsimulator/all-product-headers.yaml -Xcc -iquote -Xcc /tmp/lm-enclosure-validation/build/DerivedData/Build/Intermediates.noindex/LM.build/Debug-xrsimulator/LM.build/LM-project-headers.hmap -Xcc -I/tmp/lm-enclosure-validation/build/DerivedData/Build/Products/Debug-xrsimulator/include -Xcc -I/tmp/lm-enclosure-validation/build/DerivedData/Build/Intermediates.noindex/LM.build/Debug-xrsimulator/LM.build/DerivedSources-normal/x86_64 -Xcc -I/tmp/lm-enclosure-validation/build/DerivedData/Build/Intermediates.noindex/LM.build/Debug-xrsimulator/LM.build/DerivedSources/x86_64 -Xcc -I/tmp/lm-enclosure-validation/build/DerivedData/Build/Intermediates.noindex/LM.build/Debug-xrsimulator/LM.build/DerivedSources -Xcc -DDEBUG\=1 -emit-objc-header -emit-objc-header-path /tmp/lm-enclosure-validation/build/DerivedData/Build/Intermediates.noindex/LM.build/Debug-xrsimulator/LM.build/Objects-normal/x86_64/LM-Swift.h -working-directory /tmp/lm-enclosure-validation/LM -experimental-emit-module-separately -disable-cmo

Ld /tmp/lm-enclosure-validation/build/DerivedData/Build/Intermediates.noindex/LM.build/Debug-xrsimulator/LM.build/Objects-normal/x86_64/Binary/LM.debug.dylib normal x86_64 (in target 'LM' from project 'LM')
    cd /tmp/lm-enclosure-validation/LM
    /Applications/Xcode-26.6.0.app/Contents/Developer/Toolchains/XcodeDefault.xctoolchain/usr/bin/clang -Xlinker -reproducible -target x86_64-apple-xros2.2-simulator -dynamiclib -isysroot /Applications/Xcode-26.6.0.app/Contents/Developer/Platforms/XRSimulator.platform/Developer/SDKs/XRSimulator26.5.sdk -O0 -L/tmp/lm-enclosure-validation/build/DerivedData/Build/Intermediates.noindex/EagerLinkingTBDs/Debug-xrsimulator -L/tmp/lm-enclosure-validation/build/DerivedData/Build/Products/Debug-xrsimulator -F/tmp/lm-enclosure-validation/build/DerivedData/Build/Intermediates.noindex/EagerLinkingTBDs/Debug-xrsimulator -F/tmp/lm-enclosure-validation/build/DerivedData/Build/Products/Debug-xrsimulator/PackageFrameworks -F/tmp/lm-enclosure-validation/build/DerivedData/Build/Products/Debug-xrsimulator/PackageFrameworks -F/tmp/lm-enclosure-validation/build/DerivedData/Build/Products/Debug-xrsimulator/PackageFrameworks -F/tmp/lm-enclosure-validation/build/DerivedData/Build/Products/Debug-xrsimulator/PackageFrameworks -F/tmp/lm-enclosure-validation/build/DerivedData/Build/Products/Debug-xrsimulator -filelist /tmp/lm-enclosure-validation/build/DerivedData/Build/Intermediates.noindex/LM.build/Debug-xrsimulator/LM.build/Objects-normal/x86_64/LM.LinkFileList -install_name @rpath/LM.debug.dylib -Xlinker -rpath -Xlinker /usr/lib/swift -Xlinker -rpath -Xlinker /tmp/lm-enclosure-validation/build/DerivedData/Build/Products/Debug-xrsimulator/PackageFrameworks -Xlinker -rpath -Xlinker @executable_path/Frameworks -Xlinker -dead_strip -Xlinker -object_path_lto -Xlinker /tmp/lm-enclosure-validation/build/DerivedData/Build/Intermediates.noindex/LM.build/Debug-xrsimulator/LM.build/Objects-normal/x86_64/LM_lto.o -rdynamic -Xlinker -no_deduplicate -Xlinker -objc_abi_version -Xlinker 2 -Xlinker -debug_variant -Xlinker -dependency_info -Xlinker /tmp/lm-enclosure-validation/build/DerivedData/Build/Intermediates.noindex/LM.build/Debug-xrsimulator/LM.build/Objects-normal/x86_64/LM_dependency_info.dat -fobjc-link-runtime -fprofile-instr-generate -L/Applications/Xcode-26.6.0.app/Contents/Developer/Toolchains/XcodeDefault.xctoolchain/usr/lib/swift/xrsimulator -L/usr/lib/swift -Xlinker -add_ast_path -Xlinker /tmp/lm-enclosure-validation/build/DerivedData/Build/Intermediates.noindex/LM.build/Debug-xrsimulator/LM.build/Objects-normal/x86_64/LM.swiftmodule @/tmp/lm-enclosure-validation/build/DerivedData/Build/Intermediates.noindex/LM.build/Debug-xrsimulator/LM.build/Objects-normal/x86_64/LM-linker-args.resp -Wl,-no_warn_duplicate_libraries -Wl,-no_warn_duplicate_libraries -Wl,-no_warn_duplicate_libraries -Wl,-no_warn_duplicate_libraries -Xlinker -alias -Xlinker _main -Xlinker ___debug_main_executable_dylib_entry_point -Xlinker -no_adhoc_codesign -o /tmp/lm-enclosure-validation/build/DerivedData/Build/Intermediates.noindex/LM.build/Debug-xrsimulator/LM.build/Objects-normal/x86_64/Binary/LM.debug.dylib -Xlinker -add_ast_path -Xlinker /tmp/lm-enclosure-validation/build/DerivedData/Build/Intermediates.noindex/RealityKitContent.build/Debug-xrsimulator/RealityKitContent.build/Objects-normal/x86_64/RealityKitContent.swiftmodule @/tmp/lm-enclosure-validation/build/DerivedData/Build/Intermediates.noindex/RealityKitContent.build/Debug-xrsimulator/RealityKitContent.build/Objects-normal/x86_64/RealityKitContent-linker-args.resp -Xlinker -add_ast_path -Xlinker /tmp/lm-enclosure-validation/build/DerivedData/Build/Intermediates.noindex/AGC.build/Debug-xrsimulator/AGC.build/Objects-normal/x86_64/AGC.swiftmodule @/tmp/lm-enclosure-validation/build/DerivedData/Build/Intermediates.noindex/AGC.build/Debug-xrsimulator/AGC.build/Objects-normal/x86_64/AGC-linker-args.resp -Xlinker -add_ast_path -Xlinker /tmp/lm-enclosure-validation/build/DerivedData/Build/Intermediates.noindex/AGC.build/Debug-xrsimulator/LMCore.build/Objects-normal/x86_64/LMCore.swiftmodule @/tmp/lm-enclosure-validation/build/DerivedData/Build/Intermediates.noindex/AGC.build/Debug-xrsimulator/LMCore.build/Objects-normal/x86_64/LMCore-linker-args.resp -Xlinker -add_ast_path -Xlinker /tmp/lm-enclosure-validation/build/DerivedData/Build/Intermediates.noindex/LMKit.build/Debug-xrsimulator/LMKit.build/Objects-normal/x86_64/LMKit.swiftmodule @/tmp/lm-enclosure-validation/build/DerivedData/Build/Intermediates.noindex/LMKit.build/Debug-xrsimulator/LMKit.build/Objects-normal/x86_64/LMKit-linker-args.resp

CreateUniversalBinary /tmp/lm-enclosure-validation/build/DerivedData/Build/Products/Debug-xrsimulator/LM.app/LM.debug.dylib normal arm64\ x86_64 (in target 'LM' from project 'LM')
    cd /tmp/lm-enclosure-validation/LM
    /Applications/Xcode-26.6.0.app/Contents/Developer/Toolchains/XcodeDefault.xctoolchain/usr/bin/lipo -create /tmp/lm-enclosure-validation/build/DerivedData/Build/Intermediates.noindex/LM.build/Debug-xrsimulator/LM.build/Objects-normal/arm64/Binary/LM.debug.dylib /tmp/lm-enclosure-validation/build/DerivedData/Build/Intermediates.noindex/LM.build/Debug-xrsimulator/LM.build/Objects-normal/x86_64/Binary/LM.debug.dylib -output /tmp/lm-enclosure-validation/build/DerivedData/Build/Products/Debug-xrsimulator/LM.app/LM.debug.dylib

ConstructStubExecutorLinkFileList /tmp/lm-enclosure-validation/build/DerivedData/Build/Intermediates.noindex/LM.build/Debug-xrsimulator/LM.build/LM-ExecutorLinkFileList-normal-x86_64.txt (in target 'LM' from project 'LM')
    cd /tmp/lm-enclosure-validation/LM
    construct-stub-executor-link-file-list /tmp/lm-enclosure-validation/build/DerivedData/Build/Intermediates.noindex/LM.build/Debug-xrsimulator/LM.build/Objects-normal/x86_64/Binary/LM.debug.dylib /Applications/Xcode-26.6.0.app/Contents/Developer/Platforms/XRSimulator.platform/Developer/usr/lib/libPreviewsJITStubExecutor_no_swift_entry_point.a /Applications/Xcode-26.6.0.app/Contents/Developer/Platforms/XRSimulator.platform/Developer/usr/lib/libPreviewsJITStubExecutor.a --output /tmp/lm-enclosure-validation/build/DerivedData/Build/Intermediates.noindex/LM.build/Debug-xrsimulator/LM.build/LM-ExecutorLinkFileList-normal-x86_64.txt
note: Using stub executor library with Swift entry point. (in target 'LM' from project 'LM')

Ld /tmp/lm-enclosure-validation/build/DerivedData/Build/Intermediates.noindex/LM.build/Debug-xrsimulator/LM.build/Objects-normal/x86_64/Binary/LM normal x86_64 (in target 'LM' from project 'LM')
    cd /tmp/lm-enclosure-validation/LM
    /Applications/Xcode-26.6.0.app/Contents/Developer/Toolchains/XcodeDefault.xctoolchain/usr/bin/clang -Xlinker -reproducible -target x86_64-apple-xros2.2-simulator -isysroot /Applications/Xcode-26.6.0.app/Contents/Developer/Platforms/XRSimulator.platform/Developer/SDKs/XRSimulator26.5.sdk -O0 -L/tmp/lm-enclosure-validation/build/DerivedData/Build/Products/Debug-xrsimulator -F/tmp/lm-enclosure-validation/build/DerivedData/Build/Products/Debug-xrsimulator/PackageFrameworks -F/tmp/lm-enclosure-validation/build/DerivedData/Build/Products/Debug-xrsimulator/PackageFrameworks -F/tmp/lm-enclosure-validation/build/DerivedData/Build/Products/Debug-xrsimulator/PackageFrameworks -F/tmp/lm-enclosure-validation/build/DerivedData/Build/Products/Debug-xrsimulator/PackageFrameworks -F/tmp/lm-enclosure-validation/build/DerivedData/Build/Products/Debug-xrsimulator -Xlinker -rpath -Xlinker @executable_path -Xlinker -rpath -Xlinker /tmp/lm-enclosure-validation/build/DerivedData/Build/Products/Debug-xrsimulator/PackageFrameworks -Xlinker -rpath -Xlinker @executable_path/Frameworks -rdynamic -Xlinker -no_deduplicate -Xlinker -objc_abi_version -Xlinker 2 -Xlinker -debug_variant -e ___debug_blank_executor_main -Xlinker -sectcreate -Xlinker __TEXT -Xlinker __debug_dylib -Xlinker /tmp/lm-enclosure-validation/build/DerivedData/Build/Intermediates.noindex/LM.build/Debug-xrsimulator/LM.build/LM-DebugDylibPath-normal-x86_64.txt -Xlinker -sectcreate -Xlinker __TEXT -Xlinker __debug_instlnm -Xlinker /tmp/lm-enclosure-validation/build/DerivedData/Build/Intermediates.noindex/LM.build/Debug-xrsimulator/LM.build/LM-DebugDylibInstallName-normal-x86_64.txt -Xlinker -filelist -Xlinker /tmp/lm-enclosure-validation/build/DerivedData/Build/Intermediates.noindex/LM.build/Debug-xrsimulator/LM.build/LM-ExecutorLinkFileList-normal-x86_64.txt -Xlinker -sectcreate -Xlinker __TEXT -Xlinker __entitlements -Xlinker /tmp/lm-enclosure-validation/build/DerivedData/Build/Intermediates.noindex/LM.build/Debug-xrsimulator/LM.build/LM.app-Simulated.xcent -Xlinker -sectcreate -Xlinker __TEXT -Xlinker __ents_der -Xlinker /tmp/lm-enclosure-validation/build/DerivedData/Build/Intermediates.noindex/LM.build/Debug-xrsimulator/LM.build/LM.app-Simulated.xcent.der /tmp/lm-enclosure-validation/build/DerivedData/Build/Intermediates.noindex/LM.build/Debug-xrsimulator/LM.build/Objects-normal/x86_64/Binary/LM.debug.dylib -Xlinker -no_adhoc_codesign -o /tmp/lm-enclosure-validation/build/DerivedData/Build/Intermediates.noindex/LM.build/Debug-xrsimulator/LM.build/Objects-normal/x86_64/Binary/LM

CreateUniversalBinary /tmp/lm-enclosure-validation/build/DerivedData/Build/Products/Debug-xrsimulator/LM.app/LM normal arm64\ x86_64 (in target 'LM' from project 'LM')
    cd /tmp/lm-enclosure-validation/LM
    /Applications/Xcode-26.6.0.app/Contents/Developer/Toolchains/XcodeDefault.xctoolchain/usr/bin/lipo -create /tmp/lm-enclosure-validation/build/DerivedData/Build/Intermediates.noindex/LM.build/Debug-xrsimulator/LM.build/Objects-normal/arm64/Binary/LM /tmp/lm-enclosure-validation/build/DerivedData/Build/Intermediates.noindex/LM.build/Debug-xrsimulator/LM.build/Objects-normal/x86_64/Binary/LM -output /tmp/lm-enclosure-validation/build/DerivedData/Build/Products/Debug-xrsimulator/LM.app/LM

CopySwiftLibs /tmp/lm-enclosure-validation/build/DerivedData/Build/Products/Debug-xrsimulator/LM.app (in target 'LM' from project 'LM')
    cd /tmp/lm-enclosure-validation/LM
    builtin-swiftStdLibTool --copy --verbose --sign - --scan-executable /tmp/lm-enclosure-validation/build/DerivedData/Build/Products/Debug-xrsimulator/LM.app/LM.debug.dylib --scan-folder /tmp/lm-enclosure-validation/build/DerivedData/Build/Products/Debug-xrsimulator/LM.app/Frameworks --scan-folder /tmp/lm-enclosure-validation/build/DerivedData/Build/Products/Debug-xrsimulator/LM.app/PlugIns --scan-folder /tmp/lm-enclosure-validation/build/DerivedData/Build/Products/Debug-xrsimulator/LM.app/SystemExtensions --scan-folder /tmp/lm-enclosure-validation/build/DerivedData/Build/Products/Debug-xrsimulator/LM.app/Extensions --platform xrsimulator --toolchain /var/run/com.apple.security.cryptexd/mnt/com.apple.MobileAsset.MetalToolchain-v17.6.109.0.LCTyu3/Metal.xctoolchain --toolchain /Applications/Xcode-26.6.0.app/Contents/Developer/Toolchains/XcodeDefault.xctoolchain --destination /tmp/lm-enclosure-validation/build/DerivedData/Build/Products/Debug-xrsimulator/LM.app/Frameworks --strip-bitcode --strip-bitcode-tool /Applications/Xcode-26.6.0.app/Contents/Developer/Toolchains/XcodeDefault.xctoolchain/usr/bin/bitcode_strip --emit-dependency-info /tmp/lm-enclosure-validation/build/DerivedData/Build/Intermediates.noindex/LM.build/Debug-xrsimulator/LM.build/SwiftStdLibToolInputDependencies.dep --filter-for-swift-os --back-deploy-swift-span

ExtractAppIntentsMetadata (in target 'LM' from project 'LM')
    cd /tmp/lm-enclosure-validation/LM
    /Applications/Xcode-26.6.0.app/Contents/Developer/Toolchains/XcodeDefault.xctoolchain/usr/bin/appintentsmetadataprocessor --toolchain-dir /var/run/com.apple.security.cryptexd/mnt/com.apple.MobileAsset.MetalToolchain-v17.6.109.0.LCTyu3/Metal.xctoolchain --module-name LM --sdk-root /Applications/Xcode-26.6.0.app/Contents/Developer/Platforms/XRSimulator.platform/Developer/SDKs/XRSimulator26.5.sdk --xcode-version 17F113 --platform-family xrOS --deployment-target 2.2 --bundle-identifier io.positron.LM --output /tmp/lm-enclosure-validation/build/DerivedData/Build/Products/Debug-xrsimulator/LM.app --target-triple arm64-apple-xros2.2-simulator --target-triple x86_64-apple-xros2.2-simulator --binary-file /tmp/lm-enclosure-validation/build/DerivedData/Build/Products/Debug-xrsimulator/LM.app/LM --dependency-file /tmp/lm-enclosure-validation/build/DerivedData/Build/Intermediates.noindex/LM.build/Debug-xrsimulator/LM.build/Objects-normal/arm64/LM_dependency_info.dat --dependency-file /tmp/lm-enclosure-validation/build/DerivedData/Build/Intermediates.noindex/LM.build/Debug-xrsimulator/LM.build/Objects-normal/x86_64/LM_dependency_info.dat --stringsdata-file /tmp/lm-enclosure-validation/build/DerivedData/Build/Intermediates.noindex/LM.build/Debug-xrsimulator/LM.build/Objects-normal/arm64/ExtractedAppShortcutsMetadata.stringsdata --stringsdata-file /tmp/lm-enclosure-validation/build/DerivedData/Build/Intermediates.noindex/LM.build/Debug-xrsimulator/LM.build/Objects-normal/x86_64/ExtractedAppShortcutsMetadata.stringsdata --source-file-list /tmp/lm-enclosure-validation/build/DerivedData/Build/Intermediates.noindex/LM.build/Debug-xrsimulator/LM.build/Objects-normal/arm64/LM.SwiftFileList --source-file-list /tmp/lm-enclosure-validation/build/DerivedData/Build/Intermediates.noindex/LM.build/Debug-xrsimulator/LM.build/Objects-normal/x86_64/LM.SwiftFileList --metadata-file-list /tmp/lm-enclosure-validation/build/DerivedData/Build/Intermediates.noindex/LM.build/Debug-xrsimulator/LM.build/LM.DependencyMetadataFileList --static-metadata-file-list /tmp/lm-enclosure-validation/build/DerivedData/Build/Intermediates.noindex/LM.build/Debug-xrsimulator/LM.build/LM.DependencyStaticMetadataFileList --swift-const-vals-list /tmp/lm-enclosure-validation/build/DerivedData/Build/Intermediates.noindex/LM.build/Debug-xrsimulator/LM.build/Objects-normal/arm64/LM.SwiftConstValuesFileList --swift-const-vals-list /tmp/lm-enclosure-validation/build/DerivedData/Build/Intermediates.noindex/LM.build/Debug-xrsimulator/LM.build/Objects-normal/x86_64/LM.SwiftConstValuesFileList --compile-time-extraction --deployment-aware-processing --validate-assistant-intents --no-app-shortcuts-localization
2026-09-08 17:47:36.340 appintentsmetadataprocessor[6836:112596001] Starting appintentsmetadataprocessor export
2026-09-08 17:47:36.342 appintentsmetadataprocessor[6836:112596001] warning: Metadata extraction skipped. No AppIntents.framework dependency found.

CodeSign /tmp/lm-enclosure-validation/build/DerivedData/Build/Products/Debug-xrsimulator/LM.app/LM.debug.dylib (in target 'LM' from project 'LM')
    cd /tmp/lm-enclosure-validation/LM
    
    Signing Identity:     "Sign to Run Locally"
    
    /usr/bin/codesign --force --sign - --timestamp\=none --generate-entitlement-der /tmp/lm-enclosure-validation/build/DerivedData/Build/Products/Debug-xrsimulator/LM.app/LM.debug.dylib

CodeSign /tmp/lm-enclosure-validation/build/DerivedData/Build/Products/Debug-xrsimulator/LM.app/__preview.dylib (in target 'LM' from project 'LM')
    cd /tmp/lm-enclosure-validation/LM
    
    Signing Identity:     "Sign to Run Locally"
    
    /usr/bin/codesign --force --sign - --timestamp\=none --generate-entitlement-der /tmp/lm-enclosure-validation/build/DerivedData/Build/Products/Debug-xrsimulator/LM.app/__preview.dylib

CodeSign /tmp/lm-enclosure-validation/build/DerivedData/Build/Products/Debug-xrsimulator/LM.app (in target 'LM' from project 'LM')
    cd /tmp/lm-enclosure-validation/LM
    
    Signing Identity:     "Sign to Run Locally"
    
    /usr/bin/codesign --force --sign - --timestamp\=none --generate-entitlement-der /tmp/lm-enclosure-validation/build/DerivedData/Build/Products/Debug-xrsimulator/LM.app

Validate /tmp/lm-enclosure-validation/build/DerivedData/Build/Products/Debug-xrsimulator/LM.app (in target 'LM' from project 'LM')
    cd /tmp/lm-enclosure-validation/LM
    builtin-validationUtility /tmp/lm-enclosure-validation/build/DerivedData/Build/Products/Debug-xrsimulator/LM.app -shallow-bundle -infoplist-subpath Info.plist

** BUILD SUCCEEDED **

2026-09-08 17:47:22.596 xcodebuild[6438:112594165] [MT] IDERunDestination: Supported platforms for the buildables in the current scheme is empty.

